tree
version=v4
num_class=1
num_tree_per_iteration=1
label_index=0
max_feature_idx=41
objective=binary sigmoid:1
feature_names=format source bat bat_hand bowl_style variation line length phase ground daynight p1_line p1_length p1_shot p2_line p2_length p2_shot p3_line p3_length p3_shot p4_line p4_length p4_shot p5_line p5_length p5_shot over ball_no bat_bf bat_runs inns runs wkts balls balls_rem rr rrr p1_score p2_score p3_score p4_score p5_score
feature_infos=-1:2:0:1 -1:0:1 -1:1597:643:1443:717:345:1234:169:1549:108:664:781:417:1011:192:377:1169:770:59:671:378:1578:163:1354:272:1392:1243:509:364:1481:878:948:351:69:701:523:8:1358:1559:942:853:967:829:1410:1505:54:609:880:1198:1245:543:1220:1405:1415:459:982:0:358:1381:138:333:166:802:1317:1125:1192:1079:611:342:336:915:1196:412:348:71:1062:1019:1646:843:1007:954:632:74:285:307:420:1330:782:1393:903:939:1129:867:485:1656:475:239:1431:511:21:1111:877:1366:1239:908:1175:779:415:500:945:1465:624:536:1628:1574:792:261:835:1319:597:1633:488:1135:223:732:1542:219:1124:443:460:1367:106:946:547:552:182:494:962:156:386:521:1174:685:1205:299:639:331:1361:1246:1642:355:274:86:1086:1520:1288:1204:300:1311:374:626:29:339:1137:534:706:52:761:1401:1517:823:155:312:1018:906:1115:760:1170:836:40:739:236:1254:1448:641:42:848:1589:677:1266:592:745:49:389:1300:140:189:1036:1518:1287:450:84:313:449:1340:427:735:795:1645:1140:1190:1215:1463:1524:1271:185:100:889:278:379:411:710:1326:861:656:433:357:418:888:258:1189:736:303:1212:1523:681:734:981:1479:1610:864:648:1163:1256:174:595:46:224:1240:1342:541:201:960:1595:1371:107:506:1631:537:869:453:483:1464:80:551:1620:737:748:1081:94:356:605:663:852:1395:462:1389:1562:986:1084:1478:1437:316:354:866:139:28:1398:1516:812:1612:466:669:1514:775:952:1180:9:528:1200:245:1459:892:876:1605:564:780:964:1187:96:147:281:98:1224:165:675:966:1055:1591:773:1496:1588:178:1097:1235:101:873:1138:1659:983:1557:146:232:584:1560:581:917:1292:1623:1162:76:839:325:789:976:884:971:11:586:279:1375:464:920:934:1282:548:688:221:610:1218:359:1571:199:518:731:868:1556:616:1316:1608:75:733:1065:1618:226:1429:150:637:814:62:296:838:905:604:847:1512:65:423:900:1173:277:1458:1213:1544:255:599:738:1303:856:1179:13:398:504:381:385:615:1069:216:456:660:1088:1112:1227:347:1504:870:1491:114:591:894:1030:1551:1670:540:1619:233:322:1417:553:1283:1466:1475:149:617:1262:41:346:1494:1615:367:399:465:998:1182:1444:292:442:340:640:1329:1545:396:727:1644:47:392:935:1028:260:590:621:1149:1433:144:881:672:923:1144:1383:1541:314:326:1480:1602:747:846:1090:1349:1419:91:225:612:787:1060:1106:1122:1606:841:1470:181:416:636:783:1053:1568:175:834:1012:1446:1447:1121:1664:123:721:1293:173:501:1627:828:1232:152:308:657:157:400:810:646:845:941:1150:1194:1506:1614:162:234:808:1183:1337:1372:440:452:638:996:160:211:231:276:968:1039:1318:1377:1440:1529:401:730:799:875:1346:105:200:950:1139:1552:14:382:554:585:759:803:977:1345:1353:1411:587:931:1001:1141:1278:19:320:361:755:1061:1233:1441:1442:301:360:444:788:927:1269:1385:1617:332:1073:362:467:538:569:749:766:984:10:37:473:262:405:699:764:784:963:1035:1355:1426:1515:350:562:844:1108:1145:1211:1279:298:601:1332:556:635:1059:1285:1296:1424:1632:230:275:489:520:1033:1379:1400:1649:598:713:871:1010:1048:487:499:850:38:78:220:805:857:860:929:1527:1576:120:544:557:740:1528:1546:1661:134:143:633:925:1186:1281:1291:7:58:142:266:630:817:833:1207:1362:1406:1532:3:516:786:1309:1341:1350:1555:135:136:184:471:1031:1034:1046:17:39:515:622:790:809:1098:1306:1365:1402:819:1067:1110:1427:1436:89:183:202:311:395:529:825:1037:1172:936:1047:1501:1537:83:215:1164:1178:1249:1344:1451:1536:31:90:164:353:855:901:922:944:1143:1599:92:629:756:933:985:1083:1131:1248:102:141:248:252:463:649:652:698:715:1045:1206:1314:1376:1519:109:454:1051:1113:1153:1209:1284:1301:1324:1333:1435:1468:251:491:546:872:1634:455:725:890:902:914:1038:1043:1099:1286:1313:1430:1510:1554:1650:6:151:295:302:535:593:768:932:1161:1201:1387:1434:1587:1594:126:249:446:502:613:628:1087:1258:1321:1438:1445:1455:1577:213:288:371:404:470:481:662:885:926:1091:1093:1177:1359:1590:1652:111:132:321:327:479:505:623:754:1022:1044:1327:1363:1492:25:93:153:694:765:830:887:924:1025:1080:1167:1238:1247:1257:1265:1273:1275:1297:1380:1507:1626:1655:26:122:208:513:565:566:576:666:668:716:750:997:1082:1148:1368:1502:1616:1671:95:103:117:119:318:811:974:1052:1054:1208:1264:1535:1573:1638:85:113:310:445:474:532:568:594:596:921:1101:1130:1155:1185:1384:1653:55:137:244:328:335:366:434:577:607:655:687:752:842:883:897:899:937:1021:1166:1176:1203:1242:1260:1261:1343:1399:1404:1474:1482:1485:1522:1525:1526:57:104:242:438:522:559:608:645:753:763:827:893:912:938:940:1027:1085:1089:1216:1420:1467:1477:1667:15:23:170:197:209:317:472:542:712:757:796:798:943:959:1057:1230:1244:1331:1348:1486:1531:1553:1585:1613:12:20:81:99:127:148:198:294:349:368:375:457:758:771:832:874:891:991:1199:1509:1583:1637:4:48:67:237:280:431:627:651:674:769:1142:1152:1241:1251:1280:1336:1382:1422:1461:60:110:118:128:188:207:243:291:293:319:402:425:428:589:602:673:690:718:772:858:904:947:979:989:999:1040:1077:1107:1219:1276:1305:1390:1409 -1:1:0 -1:6:5:2:0:4:7:3:1 -1:12:4:5:6:1:11:0:7:8:2:3:10:9 -1:2:1:0:4 -1:2:4:0:3:1:5 -1:3:1:2:0 -1:66:45:141:55:80:2:182:65:139:111:151:96:136:108:75:150:10:117:49:132:118:144:76:105:161:167:174:21:68:85:102:143:112:127:99:47:104:14:11:148:175:116:121:123:88:78:92:54:86:138:178:48:6:113:153:38:169:126:69:146:72:158:19:101:129:110:94:81:122:15:70:44:89:162:39:56:120:124:51:163:60:98:181:115:131:32:155:140:179:91:114:172:42:183:17:137:4:16:37:95:130:5:46:26:82:67:53:171:50:147:134:7:119:168:24:83:84:13:100:64:30:170:157:165:28:3:173:23:27:52:176:97:177:87:8:125:106:33:31:61:77:25:41:1:109:22:159:12:18:43:36:35:90:93:135:59:40:103:128:58:0:20:133:34:57:79:152:9:180:63:145:74:154:29:149:160:62:156:166:142:71:107 -1:1:0 -1:2:1:0:4:3 -1:2:4:0:3:1:5 -1:2:3:0:4:6:1:7:12:11:14:10:5:13:9:8 -1:2:1:0:4:3 -1:2:4:0:3:1:5 -1:2:3:0:4:6:1:7:12:11:14:10:5:13:9:8 -1:2:1:0:4:3 -1:2:4:0:3:1:5 -1:2:3:0:4:6:1:7:12:11:14:10:5:13:9:8 -1:2:1:0:4:3 -1:2:4:0:3:1:5 -1:2:3:0:4:6:1:7:12:11:14:10:5:13:9:8 -1:2:1:0:4:3 -1:2:4:0:3:1:5 -1:2:3:0:4:6:1:7:12:11:10:14:5:13:9:8 [1:210] [1:13] [0:522] [0:322] [1:4] [0:753] [0:9] [0:1259] [-299:1841] [0:36] [-240:894] [0:7] [0:7] [0:7] [0:7] [0:7]
tree_sizes=13695 14149 14626 14323 14870 7881 14567 14474 14944 15771 15475 14742 15620 16029 15091 14968 15405 15194 7780 14874 15143 6833

Tree=0
num_leaves=63
num_cat=40
split_feature=0 33 8 2 33 5 2 2 36 33 2 2 2 2 36 2 28 2 2 2 2 2 36 2 2 33 2 2 36 2 36 2 2 2 2 26 2 2 2 28 26 2 2 36 2 2 5 2 2 2 32 2 33 2 2 6 29 29 32 32 29 33
split_gain=3216.97 952.038 671.829 218.692 211.48 190.089 152.649 144.101 134.469 114.313 99.4297 87.6099 85.043 78.6289 68.4143 65.8114 65.1722 63.8074 55.6352 50.4384 49.4039 48.0237 47.0222 46.3038 45.835 45.6941 59.7309 54.4512 45.6648 49.4851 45.3367 72.1035 39.0274 36.3293 33.5512 33.1053 54.219 32.8123 30.1408 29.6945 29.1153 31.8997 29.353 26.6517 42.2344 28.3958 25.4157 25.0066 24.7101 23.5244 23.5175 23.2401 23.0666 46.0638 41.8434 20.8319 20.3791 20.2836 20.0455 20.012 19.9471 19.5319
threshold=0 97.500000000000014 1 2 288.50000000000006 3 4 5 12.548589341692791 112.50000000000001 6 7 8 9 7.202040816326531 10 2.5000000000000004 11 12 13 14 15 10.21103238866397 16 17 72.500000000000014 18 19 11.677995391705071 20 10.848608837970543 21 22 23 24 18.500000000000004 25 26 27 1.5000000000000002 44.500000000000007 28 29 8.5731158605174382 30 31 32 33 34 35 6.5000000000000009 36 76.500000000000014 37 38 39 1.0000000180025095e-35 7.5000000000000009 8.5000000000000018 6.5000000000000009 11.500000000000002 222.50000000000003
decision_type=1 2 1 9 2 9 9 9 10 2 9 9 9 9 10 9 2 9 9 9 9 9 10 9 9 2 9 9 10 9 10 9 9 9 9 2 9 9 9 2 2 9 9 8 9 9 9 9 9 9 2 9 2 9 9 9 2 2 2 2 2 2
left_child=1 5 4 58 17 10 -5 -7 13 12 -1 -8 -3 57 15 -13 18 -2 -15 -10 -18 -11 32 -17 -16 26 -22 -27 29 -12 31 -14 -19 -32 -20 36 -33 -25 -6 -38 42 -42 -34 45 -45 -29 49 -28 -26 -36 -50 -39 53 -31 -54 -46 -40 -9 -4 -58 -55 -60
right_child=2 9 3 6 38 7 11 8 19 21 28 14 30 16 24 23 20 22 34 -21 25 -23 -24 37 48 27 47 43 -30 52 33 35 40 -35 46 -37 39 51 56 -41 41 -43 -44 44 55 -47 -48 -49 50 -51 -52 -53 54 60 -56 -57 59 -59 61 -61 -62 -63
leaf_value=-3.5431161209802071 -3.53582420041106 -3.5283861964038636 -3.4382304918129281 -3.550836951923984 -3.5183180577693869 -3.5139950703910801 -3.4374883666831377 -3.4181009012754751 -3.5282259391901127 -3.4953413673091744 -3.5108919656769855 -3.4502872690139346 -3.5053609166385002 -3.3928643588363876 -3.5496714835442136 -3.5427383436923061 -3.5168122946821758 -3.5360011386326726 -3.549621330184737 -3.3367338247793947 -3.5093641734949896 -3.2335346044595119 -3.344538260988382 -3.4630623726893179 -3.5301125648525331 -3.5232404688458754 -3.5029828879996843 -3.5430014029403476 -3.2601857054058994 -3.5024209898860663 -3.4900679354905972 -3.5008363785008183 -3.538321810020324 -3.2534695036500119 -3.4228424758551865 -3.273895525183002 -3.4227384412690856 -3.4673133202289685 -3.365930531668766 -3.3066878529689872 -3.5353690691347115 -3.3924817475912517 -3.4427506177868064 -3.5087565697416543 -3.3602881799742765 -3.4221509405848978 -3.4300360449376912 -3.4384891615603954 -3.4639746473274187 -3.5042016270398082 -3.380142950926575 -3.5245601261850332 -3.5078083982237382 -3.3116804776566622 -3.2847103085386924 -3.4648345828875473 -3.2769104079319122 -3.3572040492476845 -3.1662652845874364 -3.1604015092158928 -3.3761914477461099 -3.3863023313080869
leaf_weight=31.949356316588819 62.705319348344347 25.205823777709156 185.5007788434159 2666.8454483717214 10.804724850691853 296.93420189619064 111.83837898611091 98.676002933643758 17.775272981729358 16.7815704443492 28.303272572811693 106.0111903778743 32.070509056560695 50.366527164820582 69.907145004486665 1581.983788409736 86.464818365406245 36.631830879487097 80.972764255478978 139.27658345783129 144.9842258724384 171.69297099020332 55.964767286553979 86.270128425443545 41.913291596574709 40.653511486016214 66.645288378465921 20.14131117798388 43.444832702167332 31.266954117454588 17.292566916905344 28.388826112262905 32.15197020675987 94.889650096185505 30.375398858916014 91.565239818301052 25.405317224096507 68.286894663004205 9.4226616465020907 166.87618746701628 16.190765663748607 162.58234231639653 184.38232950144447 30.770795256365091 234.387416488491 66.156849270220846 65.691979831084609 1273.5249435571022 209.67679941514507 287.94145123520866 39.818786279298365 4620.6079758084379 16.517141194082797 80.399491448886693 59.876762039493769 43.805664955172688 24.897966142278165 122.71892470587045 4.9442464553285417 36.144350865361048 118.68528640223667 21.916270314715803
leaf_count=1922 5317 1523 14648 270611 945 18603 9052 5759 1011 1024 1718 8590 2033 2959 4826 148614 4983 2849 4915 8636 9365 10753 5665 6769 3583 2341 4315 1228 2580 1811 1022 1768 2546 6059 1896 5745 1579 4747 890 10395 1118 16359 18355 1940 15039 4324 3814 80647 22905 18471 4090 479868 1003 5075 3662 2618 2582 7214 298 3407 7365 1928
internal_value=-3.49181 -3.41878 -3.52172 -3.52815 -3.42242 -3.43911 -3.53039 -3.4478 -3.44098 -3.30932 -3.37525 -3.52246 -3.33516 -3.44595 -3.52393 -3.52635 -3.45152 -3.44354 -3.48308 -3.35081 -3.44322 -3.24329 -3.43202 -3.52762 -3.48163 -3.44005 -3.44813 -3.41131 -3.36013 -3.36915 -3.3273 -3.34168 -3.44196 -3.26848 -3.49493 -3.32965 -3.34542 -3.52252 -3.27073 -3.33043 -3.43361 -3.40227 -3.45679 -3.40131 -3.38528 -3.44814 -3.48223 -3.44175 -3.46429 -3.49456 -3.4522 -3.52368 -3.35978 -3.37126 -3.30785 -3.37523 -3.26175 -3.389 -3.42949 -3.20792 -3.35693 -3.3458
internal_weight=14726.3 4278.88 10447.4 9815.52 631.879 3608.71 9603.16 3198.26 2901.33 670.169 410.443 6936.31 481.694 2744.28 6824.48 6463.16 2522.88 550.609 515.348 157.052 2007.53 188.475 487.904 6357.15 361.316 1921.07 1485.15 435.916 378.494 335.049 456.488 344.306 431.939 112.182 464.982 312.236 220.67 4775.16 81.2697 192.282 395.307 178.773 216.534 395.262 308.964 86.2982 384.009 1340.17 291.409 318.317 249.496 4688.89 306.746 230.352 76.3939 278.193 70.465 221.395 212.361 61.0423 199.085 26.8605
internal_count=1307677 267115 1040562 980529 60033 225214 963655 200078 181475 41901 25136 693044 30124 171828 683992 648588 158855 52209 32055 9647 126800 11777 46892 639998 35404 121817 94327 27490 23214 20634 28601 21520 41227 7081 29096 19487 13742 491384 7824 11974 38378 17477 20901 25149 19597 5552 24181 84962 30578 20367 26995 484615 18916 14251 4665 17657 6879 12973 16874 5989 12440 2226
cat_boundaries=0 1 2 53 54 105 157 206 258 309 360 412 458 509 561 607 658 710 760 809 860 912 962 1011 1062 1112 1164 1214 1264 1315 1361 1410 1461 1462 1509 1561 1613 1666 1714 1766 1767
cat_threshold=2 1 0 0 1179648 0 8388608 0 8912896 0 0 0 0 0 0 0 32768 16777216 0 0 0 16512 0 32 4 16896 65536 0 512 4112 32 0 196608 0 4096 0 0 0 0 134217728 524288 0 16 0 32 67108864 0 33554688 524288 9437184 0 0 1024 1090 2097152 134217728 32 4096 0 520 0 32768 65536 0 2147549184 100663296 0 0 0 1048576 2147483648 0 0 0 8 0 8192 0 4 0 0 16384 0 0 128 524288 0 0 0 0 0 16384 134479872 0 0 128 1024 0 4 8 0 2 8192 536871936 268435456 32768 0 0 512 0 0 536870912 0 524288 0 100663296 64 0 2 0 0 8388608 0 66048 0 8388608 0 0 0 65536 0 2056 0 1024 0 192 16 0 134217728 0 32768 0 16384 0 3221225472 0 0 0 524288 2 0 0 4096 16777216 536871168 1048576 16777216 1 0 4194304 0 0 1 0 33280 262144 0 0 536870912 0 0 32 512 16777218 0 0 536870912 2684354560 1 131072 0 0 0 2048 16777216 0 16384 0 0 0 139264 4194304 16 262144 16640 0 0 0 0 16384 0 0 2 536870912 0 8192 512 16896 0 0 64 8192 65536 2 0 2147483648 0 0 1048576 67108864 16779264 0 0 512 0 0 65600 134217728 0 0 0 0 0 8 2 0 16 576 0 0 0 0 32768 0 131072 33554432 536870912 36864 268435456 0 0 0 16777216 8 16777216 0 0 32 2048 0 0 4096 65536 536870912 0 40960 536870912 10368 0 0 0 0 131072 0 0 50331648 512 0 2147483648 2 0 0 0 32 536881152 1073741824 0 0 67108864 135266432 32768 0 262144 2048 262144 0 0 0 4 2 0 0 0 0 0 0 0 0 32768 268435456 4194304 1024 16 134217728 0 0 0 0 0 0 536870912 0 131088 0 0 0 0 32 0 0 0 0 0 16777216 0 16 1073741824 128 0 0 0 0 0 0 0 262144 0 0 0 135168 0 16384 0 8388608 524288 8 0 33024 0 8388608 0 0 16384 0 0 0 268435456 0 0 1050688 524288 65536 0 0 0 0 0 32768 1024 0 131072 0 0 4194304 2 0 64 0 0 512 2097152 262144 1050624 0 2080 536870912 16777216 64 0 0 0 4 0 524304 0 8388608 0 0 262144 0 8913152 2097152 0 131072 0 4096 0 32 0 33554432 0 0 4194304 8388608 16384 16777232 0 3145728 0 0 541065728 0 0 0 64 1 0 0 2560 16384 0 262144 136 0 16 0 0 32 0 16384 0 8388608 0 0 0 553648256 8388608 1075838976 0 0 0 16777216 0 536870916 0 0 0 0 64 0 0 1 2048 1048576 0 0 0 0 536870912 0 0 4 0 536870912 262144 0 268435456 0 0 67633152 0 8388608 1048576 1048576 4194304 2149646400 0 0 2684356608 0 131072 0 128 0 524288 786432 8388608 0 1024 0 0 0 0 33554432 0 0 0 0 0 134217728 0 0 0 2052 524288 0 0 32 0 553648128 0 139264 5 0 536870912 16448 1 512 0 8388608 0 32768 8192 0 0 134217728 0 4 0 0 16384 2151677952 8 4 33554432 0 0 0 8388608 262144 4 2097152 0 2097152 0 0 0 0 0 2097152 8208 4194304 134217728 65536 0 4194304 32 0 0 4456448 268435712 805306376 0 0 65536 0 134219776 0 0 2097152 0 536870912 0 0 32 0 1024 8 0 671088896 0 0 131072 0 128 0 1073741826 524289 4194304 0 16777216 16 0 65536 0 0 0 0 0 0 0 0 0 16777744 0 4194304 0 64 0 0 0 0 1024 536887362 0 16 16384 4 128 0 2112 0 524288 0 2 16 0 2147483648 0 0 8192 128 0 0 0 0 536870912 1024 536870912 4325376 0 0 0 64 1 0 0 0 301989888 4160 0 2 0 2684354560 16779264 0 0 0 0 536870912 1073741888 0 8192 536870916 3145728 0 524288 0 4194304 134217728 0 1073741824 0 0 0 256 8388608 0 0 0 0 536870912 0 0 512 0 8388608 0 0 1024 2048 0 128 0 536870912 32800 0 0 0 8388624 524288 524288 2147483648 16777232 655364 0 512 0 0 40 0 0 0 0 16384 0 2097152 0 2097152 0 0 0 0 0 0 512 0 0 0 0 2147483904 16416 0 1073750016 128 1073741824 0 1 0 32768 0 0 0 0 268435712 512 0 0 0 268452864 32 0 0 0 4352 0 33554432 0 0 0 0 0 8192 0 268435456 1056 0 134217744 134217792 0 0 67108864 0 131072 4194304 0 1073741824 65536 131072 64 0 0 512 536936488 128 0 0 0 67108864 1 0 0 0 4096 0 134217728 2147484416 0 0 557056 32768 0 0 131076 16384 0 33554432 0 0 0 514 64 0 0 8388608 4160 67108864 512 131072 0 0 0 0 0 0 2097152 268435456 33554436 0 256 0 0 0 0 0 536870912 16384 0 67108864 36864 0 1073741824 0 0 0 262144 0 0 0 557056 268443648 4096 268435456 0 0 0 0 0 2097152 16 8388608 32 64 0 16777216 1024 0 1073758208 538968064 0 128 0 134217728 0 0 0 0 0 67108864 3221225472 8192 268435456 134479872 0 0 0 0 4096 0 8388608 268435456 16777216 0 1024 0 0 4096 2097152 512 2147487744 524288 0 4259840 0 0 0 0 2048 0 0 4194304 0 16777281 0 4 0 32 0 0 67108864 0 0 0 0 2099200 0 0 32 0 16640 524288 0 0 0 516 0 0 8 0 1054720 0 8388608 0 0 67108864 0 4096 0 65536 0 0 536870912 0 65538 0 0 4096 0 570425360 0 0 256 0 134217728 8192 8388608 0 0 8388608 536872960 0 0 8388928 0 0 16777216 544 0 0 0 327684 0 67108864 0 0 0 128 0 0 2097152 67117120 524288 0 0 0 0 1 0 0 0 0 134742016 16384 0 1 4 524288 65544 0 0 0 0 32768 0 33554432 128 0 2097216 17 130 1048576 64 0 0 0 0 0 0 1589248 4 0 0 0 0 0 0 524288 0 0 67142144 8 134221824 512 0 4096 4 268435456 512 0 4098 0 0 268500992 0 0 0 0 0 16777216 256 0 0 2147483648 1 8192 0 4096 8388608 0 33554472 4096 0 0 134217728 32768 2048 0 0 0 0 1073741840 0 384 0 0 536870912 4 8 0 0 67108864 1048576 0 1073741824 5120 0 0 1 0 0 0 0 8192 134217728 0 67141632 2048 4194304 0 0 33554432 1207959552 545259520 0 0 0 16384 1024 0 18464 528 131072 0 67108864 0 8192 0 0 0 4096 16 0 0 0 0 65536 128 0 1048576 0 32768 0 0 4 0 8388608 0 262160 0 0 0 2164260864 16 67108864 0 1024 0 537264128 131072 0 0 0 0 169869312 0 0 0 4 4456448 8388864 1024 1048576 0 0 16777216 0 0 2147483648 0 0 0 4194304 1 0 0 0 32768 0 1075838976 0 0 16384 1024 4194304 16384 16384 0 0 0 32 0 2147516416 0 0 0 4096 4096 67108992 0 2147483648 2048 0 512 0 2147483712 0 68 0 0 41943040 2097152 4104 0 0 64 0 2097664 64 0 0 0 268435456 134479872 0 0 32 32 0 0 0 0 0 8192 536870912 8320 16896 0 0 4194432 0 0 0 524288 0 0 0 4096 4224 524288 0 268435456 33558528 268435456 0 0 0 4 0 2147483648 8388616 0 4097 67108864 32 0 0 0 2147483712 0 0 1 4096 131072 0 0 0 0 0 4 0 1073741824 0 0 64 1048576 0 4195328 128 2048 0 0 0 0 0 1048576 0 67108868 0 0 0 0 512 0 0 0 2147483648 0 1073742336 0 65536 0 538968064 67108896 0 16384 4 0 0 0 262144 528 0 256 1 65536 256 537018368 32 1 0 33554432 34078720 134217728 0 4096 0 2097200 0 0 0 0 4 0 0 0 266240 1572864 2 0 0 8 0 0 0 0 0 0 262144 16384 0 67108864 0 524288 134217728 0 8388608 16 0 256 1073741824 256 2048 0 2151677952 0 0 8 0 2 8704 2304 0 0 0 0 0 1 32768 1310752 0 32 0 0 0 0 0 66048 0 2097152 134217728 2164260864 0 0 0 16384 0 2097152 8 0 65536 2097156 0 0 0 0 1048608 268566528 0 0 0 128 0 262144 536870912 132 0 0 0 8388608 0 1024 4400 2147484672 0 67108992 16781312 786432 2098176 0 2097152 64 256 268435456 0 0 1 262144 0 0 0 0 2147483648 32768 8192 0 8388608 32 0 2367488 0 0 0 0 32768 0 0 0 32 0 0 0 0 64 33554944 4194304 0 0 0 512 0 131072 16384 0 4096 0 32 0 0 0 37748736 0 134217728 0 256 2149580800 268435456 0 2097152 256 0 0 16384 1 0 0 2048 2048 1024 262144 67108864 262144 2056 0 0 32768 0 1048576 0 0 0 0 0 545 512 0 0 0 0 0 147456 64 0 1073741824 0 0 262144 16793600 0 32768 2097152 33554432 2048 134217728 0 0 33685504 0 0 262144 0 2 0 0 0 0 16384 5120 64 128 67108864 0 0 0 9216 8192 0 0 0 1048576 0 0 4 0 4194304 0 0 33554466 0 0 0 67108864 0 536871940 0 128 0 4 65792 0 32768 64 0 8388608 536870912 0 16384 0 0 512 131072 0 0 1048576 0 0 2097152 268435456 0 2056 0 0 270532608 128 0 0 268435456 16777216 0 33554432 1073741824 0 256 64 0 0 2147483648 16384 0 0 8 36 0 8 0 0 8 0 0 0 512 268959744 4194304 1 0 0 16785408 32 576 0 0 0 32 33620480 33554432 32 1073741824 1 0 0 0 4128 0 536870912 0 0 1048576 10485760 67108864 0 134217728 8388608 0 0 1048576 16 64 0 0 0 524288 0 0 0 524288 512 0 4224 0 268959744 0 0 0 0 2048 33554432 134217728 0 0 4100 1048576 0 0 0 0 16777216 0 0 33554432 0 0 8 8 128 0 4 0 0 64 0 1048576 0 2147483712 4 0 0 0 4 65536 4 0 0 16384 67108864 536870912 0 1024 6
is_linear=0
shrinkage=1


Tree=1
num_leaves=63
num_cat=51
split_feature=34 34 7 2 5 2 2 34 34 2 7 2 2 2 2 2 2 7 2 2 2 34 9 2 34 2 2 7 2 9 2 9 9 34 2 2 2 28 2 9 2 9 2 2 28 2 9 2 9 9 2 7 2 2 9 2 9 34 2 2 33 2
split_gain=2771.12 696.438 237.965 186.24 142.876 126.966 123.75 118.288 166.208 83.7852 73.9151 73.8119 72.53 71.7047 71.5667 67.5399 64.1416 62.3674 54.5473 52.5181 51.5779 46.8642 44.8822 44.5485 42.4992 58.2318 55.6967 42.1594 57.6262 48.2335 46.1106 41.8392 41.003 38.4266 52.8553 48.0641 36.8931 34.1725 33.7902 32.822 32.2575 31.3771 31.0443 30.7126 31.5235 30.0897 29.3558 28.8559 28.5505 26.4293 25.5833 24.1201 50.6172 49.5443 23.9783 23.4786 23.1761 22.8718 22.8662 22.7954 21.9277 46.5049
threshold=118.50000000000001 36.500000000000007 0 1 2 3 4 -1.0000000180025095e-35 16.500000000000004 5 6 7 8 9 10 11 12 13 14 15 16 5.5000000000000009 17 18 17.500000000000004 19 20 21 22 23 24 25 26 57.500000000000007 27 28 29 35.500000000000007 30 31 32 33 34 35 4.5000000000000009 36 37 38 39 40 41 42 43 44 45 46 47 290.50000000000006 48 49 72.500000000000014 50
decision_type=8 10 1 9 9 9 9 10 10 9 1 9 9 9 9 9 9 1 9 9 9 10 9 9 10 9 9 1 9 9 9 9 9 10 9 9 9 2 9 9 9 9 9 9 2 9 9 9 9 9 9 1 9 9 9 9 9 8 9 9 2 9
left_child=1 2 7 46 14 56 -5 -1 12 41 16 -8 -9 -10 -3 -4 -11 19 -12 57 54 -14 38 -15 25 -17 -26 28 -18 -29 -31 -28 58 34 -32 -35 -16 -23 -20 -27 -24 -7 -22 -33 -45 -41 -2 -46 -38 59 -36 52 -50 -53 -19 -51 -6 -13 -21 -44 61 -57
right_child=3 4 15 6 5 9 11 8 13 10 18 17 21 23 36 24 27 20 22 32 42 37 40 -25 26 39 31 29 -30 30 33 43 -34 35 50 -37 48 -39 -40 45 -42 -43 49 44 47 -47 -48 -49 51 55 -52 53 -54 -55 -56 60 -58 -59 -60 -61 -62 -63
leaf_value=-0.011775774760798087 -0.011300086908581858 -0.042259950201571084 -0.045214074405785287 -0.058754130645845705 0.030461598373266865 -0.0079300286070817707 0.055856462957992917 -0.029855622674114159 -0.051999403624823082 -0.035544684226822713 0.077931944078965698 0.2158010205088722 0.26787678755644156 -0.011480495604661212 -0.023774287856734178 -0.051876708477223893 -0.057074256394292915 -0.026626265469581419 -0.054931711832313157 -0.046622369992265184 0.030968595114274456 0.20199292453136894 0.053857895614192408 0.12557849202211838 -0.056806977507017499 -0.011251873308122344 -0.029404662993998944 -0.020884570965893579 0.10962547142128226 -0.036102439515000473 -0.046851257242192051 -0.039733404301100797 -0.026382090344417797 -0.027229597658336588 -0.030419628739275603 0.041565438115035672 0.0074529576185608298 0.097604523709402327 0.049615511561542536 -0.026371536569431621 -0.019881567312524863 0.092883828365940155 -0.033201121093440721 0.024026449692424193 -0.022240936889260349 0.11974460896262085 0.077917282313015701 0.11566196946331884 -0.016278824323335512 0.021395959030999487 0.091697132961611971 -0.046731531717813121 0.13020034728769306 0.083004638748368637 0.07434227513708605 0.041067437755450374 -0.040957130493540397 0.064167974971646988 0.08695934932483472 0.061498441666803239 -0.043249823872717801 -0.033135254498630584
leaf_weight=50.656418691854924 51.718787261517718 47.363709836732596 53.313073228346184 2365.1336875546258 47.415961716789752 41.632441062480211 87.887752969283611 18.827135339612141 25.312220057239756 115.7720460020937 78.942004925804213 17.184949488379061 99.76981812925078 31.473542671417817 32.30514537030831 24.914544755592942 21.309529821155593 33.716341175837442 29.270366846816614 12.742558868601916 62.891213660361245 219.75733848338132 55.055612525669858 521.51604863628745 42.500682327197865 29.705639503896236 45.630432726116851 142.25217505940236 150.13088624854572 71.743386475136504 31.640851355157793 20.617011508671567 237.64248079480603 109.87096246145666 19.054772227769718 944.9933976449538 51.10825753537938 36.579737852560356 200.99316045898013 17.935079315444455 777.086558989482 249.86949615809135 40.308473938377574 61.80981392855756 20.172981200972572 307.65958924405277 152.60572466743179 172.78221999574453 31.005094157066196 63.044193876907229 297.60506238345988 33.402418834157288 303.59482763288543 128.6624377486296 56.138852975098416 83.268353431718424 343.47709694178775 23.619748978409916 52.338889508275315 44.33303854893893 3814.1380663330201 1392.8463823627681
leaf_count=6002 4247 2574 3136 248591 3490 2859 6601 1151 1596 7841 5013 1309 5511 1981 1780 1715 1532 2804 1805 1318 4465 12667 3642 32854 2781 1912 2634 11198 12262 4143 1879 1405 28060 7143 1081 66711 2839 2325 14715 1356 59531 13848 2783 4167 1446 19677 12369 11965 1552 6174 20091 1864 16377 7397 4979 7460 25280 1885 6225 3796 414646 134539
internal_value=-0.000252742 0.0509543 0.10326 -0.0369464 0.0293271 0.0216864 -0.0392272 0.135777 0.145043 0.0280217 0.0229296 -0.0314734 0.196902 0.11142 0.0732137 0.0598494 0.0349819 -0.0328586 0.00269077 0.00863147 -0.0354189 0.204 -0.00357459 0.117712 0.0678807 0.0921671 0.0443457 0.0397192 0.0869016 0.0342139 0.0396329 0.0577097 -0.00694763 0.0437333 0.0728444 0.0345359 0.0831986 0.187097 0.0345926 0.100888 -0.0144213 0.0787001 -0.0366774 0.072669 0.0829224 0.11115 0.0558609 0.106086 0.0898205 -0.0375151 0.0836426 0.097982 0.116549 0.0551034 0.0375835 -0.0384188 -0.0317502 0.102828 0.0580788 0.0176572 -0.0391706 -0.0288957
internal_weight=14748.1 6156.49 1800.93 8591.56 4355.56 3728.12 8387.23 1003.89 953.236 3337.22 3045.72 6022.1 374.934 578.302 627.442 797.041 1904.37 5934.21 1141.35 343.529 5590.68 356.107 1062.41 552.99 743.728 380.215 363.513 1788.6 171.44 1617.16 1474.91 321.012 302.724 1403.17 348.301 1054.86 580.078 256.337 230.264 355.3 832.142 291.502 5500.83 275.382 254.765 325.595 204.325 192.955 547.773 5437.94 316.66 496.665 334.6 162.065 89.8552 5353.3 390.893 40.8047 65.0814 84.6415 5290.25 1476.11
internal_count=1306979 414728 116281 892251 298447 264064 875635 64087 58085 235294 218587 627044 21654 36431 34383 52194 133881 620443 84706 38797 581646 20503 79693 34835 49058 24660 24398 126040 13794 112246 101048 21617 35603 96905 23051 73854 31809 14992 16520 22945 63173 16707 573863 18983 17578 21033 16616 13411 30029 569398 21172 27190 17929 9261 7783 562819 28770 3194 7543 6579 556645 141999
cat_boundaries=0 1 52 53 103 155 206 207 259 304 354 404 453 502 503 555 608 661 667 711 760 811 812 863 869 918 924 930 981 1032 1083 1134 1139 1190 1196 1245 1295 1345 1351 1402 1408 1414 1464 1465 1517 1567 1573 1624 1630 1679 1731 1783
cat_threshold=44 0 0 1048576 262144 8388608 0 0 0 0 0 0 0 1048576 131072 0 16777216 0 512 32 16384 64 134217760 4 512 0 256 512 4120 0 0 196608 0 4096 0 16777216 0 0 134217728 655360 0 4096 0 0 0 0 256 8 9437184 0 0 524288 3278 0 0 16384 0 536870912 262656 0 0 0 0 0 64 0 0 0 2149581056 0 0 268501504 0 0 536870912 1073750016 0 0 0 2131976 0 0 0 136 0 0 0 0 0 0 1064960 134217728 0 256 16384 0 0 128 1073741826 1048576 4096 8388608 536870912 2097152 0 0 4096 0 520 0 32768 65536 0 2147549184 100667392 0 2 0 1048576 2147483648 0 0 0 8 536870912 8256 0 4 0 0 16384 0 0 128 524288 0 0 0 0 0 16384 134479872 0 0 128 0 0 0 8 0 2 8192 536871936 0 1024 268435456 0 0 0 0 0 134217728 2 262144 16777216 2048 4096 0 131072 0 0 0 0 32 0 0 513 64 0 16781312 0 16 1073741824 128 0 0 134217728 0 16 0 1074790400 264192 0 16384 0 537001984 0 16384 0 0 524288 8 0 0 512 8389632 44 64 0 0 0 0 0 8388608 16777216 0 2147483648 0 8454144 0 0 16777216 0 0 32768 0 128 268435456 8 0 4210692 0 0 0 0 0 0 0 1048576 2147483648 0 2048 1610612736 0 4194304 0 0 16 32772 32 76021760 0 0 128 40 0 8 0 32 524288 0 4194304 0 0 538984448 65536 8192 0 33587200 0 4096 0 0 4 0 16842752 0 65536 0 0 32768 0 1 0 1024 16384 4096 524288 0 128 524288 0 0 0 0 0 272630016 134217728 0 0 536870912 1536 65536 512 1 0 0 16777216 1052672 0 0 36866 0 0 0 1073758208 0 0 128 0 16 0 262144 32768 0 0 0 0 2097280 0 0 16777216 0 262176 67108864 0 16 2080 0 0 0 0 0 0 0 536870912 0 1073741825 0 8 17825792 2048 32770 536870912 1024 0 0 0 0 1 0 512 0 33554432 524320 0 0 0 292 0 0 0 0 536870912 545259520 0 64 0 0 0 0 0 0 16384 8388736 0 134217728 131072 8388608 1073741824 0 0 4 2147483648 131072 0 4 520 0 32 536870912 4096 8192 536870912 24576 0 0 16778240 0 16810016 0 0 524288 0 335546368 64 2147483648 0 32768 18432 2048 0 2097152 536870912 0 536870912 0 0 0 8388608 0 0 512 0 0 0 32768 8192 0 0 0 20480 536870912 0 0 0 16384 65544 0 0 0 4096 67108864 0 0 0 5120 268451840 0 536871296 0 536870912 8192 67141664 524296 0 16777216 0 16384 545259520 0 4194304 0 0 0 0 33554432 65536 0 0 2048 1024 0 0 0 4194304 0 0 0 1073741824 268435456 4 1082146816 0 0 0 0 4 0 0 0 8192 40 0 134217728 0 16 52428800 32 0 0 0 0 524320 536870912 0 67108868 33554432 0 0 256 0 1073741824 0 0 0 512 0 1024 0 268435456 67108864 0 0 512 0 0 0 0 4325376 2147483648 0 0 0 1048576 0 0 8388608 0 16777216 0 18874368 67108864 268435456 1026 0 0 65536 0 0 4210688 0 0 536870912 524288 1048576 0 2147483648 0 8521728 16416 0 16 0 0 256 0 0 0 2129920 0 0 65536 2097184 16384 16 0 0 0 8388608 32 4194304 0 0 0 0 0 0 536870912 132 8388608 524288 0 0 0 268435456 16777216 64 1024 0 1073741824 0 64 0 1152 134217728 0 1048576 0 0 16384 0 0 0 0 0 1024 33554432 0 4194304 134217728 1107296256 2147483650 2048 0 0 2 262656 0 262144 0 0 0 0 1090551808 0 1073741825 65600 64 0 268435456 16 0 0 0 0 0 0 0 0 8 4751392 19465280 572080162 1207959568 3221315586 110594 0 128 0 0 65536 16401 0 64 0 8192 0 0 16384 16777220 0 0 0 5120 2048 0 2684354624 520 64 0 16384 0 2097152 0 2621440 0 131080 0 0 8192 8 0 0 0 0 33554496 0 32 32 33554432 0 0 0 0 3145728 4194304 0 32770 0 8320 0 0 0 0 0 0 536870912 0 0 2 25165824 8 134348800 0 8224 0 576 8192 2097160 0 2097152 0 0 25165824 0 0 131072 2 8 0 2147483648 0 131072 8192 0 0 0 2048 32768 0 0 0 4096 269221888 5 0 0 0 16777216 0 0 0 67108864 2048 544 0 0 4194816 0 536870912 0 0 0 0 1024 2056 0 0 0 128 0 512 0 0 32816 0 2147483648 4 320 128 268566528 0 0 0 0 0 0 0 537919488 4096 40 0 1024 4096 0 262144 32 0 2147520512 32 2048 269033472 67108864 0 0 0 32 16777728 0 2097152 0 8 0 0 0 0 4096 0 16384 0 16384 0 0 0 0 1048576 0 0 134217984 0 0 2147483652 32 0 0 0 0 0 16384 2097152 0 4096 135269378 605683712 134269960 168567808 169871424 1311108 0 32 0 16 320 16 8388608 0 0 536870912 0 0 16384 0 4 0 33554434 0 0 0 536870912 0 0 0 8192 134217728 0 0 524352 0 8519680 512 0 134217728 0 0 8 65536 1073741825 2147483648 8388608 4 512 16777217 0 0 0 2097152 67108864 1157923713 17958913 134742017 151258112 2319450244 4205312 25182288 69857 167778304 108003586 168296784 8914944 513 134217728 0 16777728 4096 16809984 0 4096 0 0 524288 32770 0 0 131104 0 8 0 0 0 16777216 32 0 268435456 0 0 0 0 536870912 0 4 0 528 131072 0 32 0 33554432 0 320 0 131072 4194304 8 0 33554432 0 0 0 0 262144 0 1073741824 0 0 0 36 0 2097408 32 0 0 0 0 0 256 32 512 0 0 1073741824 2147483656 0 134217728 1 0 1056 536870912 268435456 262144 0 0 67108864 0 0 0 0 402653184 0 272 0 0 0 1024 8192 0 0 0 16385 2097152 256 32768 10240 1073741824 4194304 0 33554432 262144 0 33554432 0 8192 0 67112960 0 0 0 0 33554432 0 0 1073741840 32768 0 0 0 0 0 536870928 67108864 4096 0 0 0 32768 136314880 0 0 0 86016 16 1073741824 536870912 16384 0 0 0 0 0 8390656 0 0 268439552 512 0 0 512 0 536870912 0 0 16 33554432 0 4 65536 2 0 0 0 33554432 0 536870912 536936456 0 0 0 0 0 4 16777224 1024 0 10485764 0 0 32 0 544 0 0 655360 0 8 536870912 0 524288 0 0 0 268435456 67108864 0 4096 17044609 1074792466 2215775489 1049616 69075074 512 0 0 0 524288 32769 131072 32768 8912896 0 0 0 0 0 0 0 268437504 0 256 8 1 67108864 67108864 0 0 0 2 33554432 0 0 16 0 0 67108928 0 0 0 4096 1074266112 16384 0 0 0 0 0 32 0 19456 0 134217728 262176 671122440 33686560 33654800 2148663297 68560908 10553857 0 268435456 0 4 1 0 524288 1024 0 67108928 0 0 0 1 128 0 131088 0 2 2097152 0 0 0 0 4194304 8388608 0 0 0 524416 2113536 0 268437504 0 0 1572864 0 0 256 0 0 0 0 0 1073741824 0 16777216 17408 656384 0 1024 2097152 0 0 16384 0 512 0 2048 4194304 4 16384 2 262272 0 33619968 33554432 0 0 0 0 0 5 0 0 0 1073741824 0 0 0 524288 134225920 2064 0 1048576 134217728 0 0 41943040 2048 0 4456448 0 0 0 0 0 0 8 512 4194304 2 0 536870912 538968064 402653185 0 4194304 33554432 0 67112960 0 131072 0 2147483648 2147483648 1024 268435456 268435456 72 0 0 0 0 32 536870914 0 16 0 67108864 0 524288 0 0 512 0 0 0 0 0 0 1024 0 512 0 0 524288 0 8388608 1081344 67305504 4210944 2181300520 168828946 2363396 1 0 0 0 0 0 0 2147487744 5242912 32768 0 0 0 16 131072 0 536870912 384 0 2 2147483648 512 0 0 128 0 536911872 33570832 4096 0 0 0 2048 268435456 512 0 0 1048576 0 2147483648 0 0 0 8192 0 0 0 0 8192 0 1048576 33559049 1207959552 1344 42082848 17041550 2101889 1350565920 537133068 4194305 545783956 0 66560 524288 132096 0 4 0 1 0 1600 0 268435472 4 512 0 0 0 0 2048 0 33554432 256 0 0 0 0 0 0 576 16384 136314880 0 0 0 0 0 8388608 16 0 0 131072 0 2147483712 0 131072 1073741824 4194306 0 16777216 0 0 1024 12 2147483648 0 128 16384 2097152 4194304 536870912 32770 0 32768 0 0 0 0 0 1048576 536870914 0 0 0 0 0 0 0 8192 0 0 0 67109888 1245184 16 0 0 0 0 0 262144 16777472 0 0 0 1048576 0 73760 0 2 0 0 67108864 0 1024 16778240 0 4194304 0 48 0 0 128 4096 0 0 65536 64 0 0 2048 32 65536 0 0 0 2147483648 0 8192 0 16777216 545264640 8 40 0 0 0 134217728 0 268435456 0 32 0 1048576 0 64 388 0 0 536870912 0 33554432 0 0 8388608 1048576 8438788 541069376 2166505488 1347904 46137344 1346176 0 1082130432 0 0 0 0 268435488 0 16 1 0 1024 0 0 0 0 33554432 0 0 32768 0 0 0 8 1074003968 0 1024 0 0 0 16777216 0 17825792 16 0 0 0 0 0 0 0 16777216 2147483666 16793602 4194304 294912 0 4 32768 0 131328 1073922690 1074270208 445186113 276890152 2148532224 2298376 0 134217728 128 0 134217728 0 1 0 0 268435456 0 0 32 0 134217728 0 512 256 0 17039362 0 65536 1073741824 2 0 0 1048576 0 0 131072 0 134217792 0 0 0 0 8388608 0 545259520 8388608 8 0 2147501056 0 0 0 576 8192 2 0 1073872896 65664 0 0 4194304 0 0 0 0 8192 64 2147483648 0 133120 536887296 0 0 0 0 0 0 512 8 0 0 2097152 0 0 131072 64 32784 0 0 8388608 0 131072 2097152 0 0 0 0 148480 4194304 4194436 0 0 0 32768 0 8388608 16777216 0 0 0 1024 134217728 32 0 2 0 0 0 0 0 0 262144 16384 0 33554432 0 4 0 0 536871424 16777216 151011328 0 0 0 0 0 4194304 0 0 1082130464 0 0 0 2097152 65536 8388608 8 33554432 0 131200 0 33554432 4194304 0 2097152 0 1052672 4096
is_linear=0
shrinkage=0.1


Tree=2
num_leaves=63
num_cat=53
split_feature=0 33 0 26 2 7 2 7 6 2 7 2 5 2 2 2 2 33 2 2 2 2 2 33 2 26 2 2 2 28 2 9 2 2 2 2 2 7 9 2 9 2 2 9 2 2 9 2 2 33 9 2 9 2 2 2 2 2 2 28 33 2
split_gain=2054.91 397.065 254.52 305.098 147.15 128.425 117.126 107.132 104.924 103.765 101.039 84.0831 71.5122 74.8007 64.3626 63.4312 63.2475 58.4949 57.8455 57.3427 52.3624 51.2801 47.5629 47.1314 46.1258 43.9562 63.1602 51.3818 43.8654 40.0013 50.2034 41.5175 38.8255 37.7646 37.5219 37.5175 33.2267 32.8303 32.1451 37.5354 30.8662 30.1324 28.9206 27.5497 31.1929 31.0014 26.7193 26.1875 24.714 24.0389 23.4292 22.9076 22.886 31.1684 22.5124 22.0878 21.9103 20.3521 20.3179 21.6899 20.1637 26.9924
threshold=0 90.500000000000014 1 44.500000000000007 2 3 4 5 6 7 8 9 10 11 12 13 14 112.50000000000001 15 16 17 18 19 288.50000000000006 20 12.500000000000002 21 22 23 3.5000000000000004 24 25 26 27 28 29 30 31 32 33 34 35 36 37 38 39 40 41 42 102.50000000000001 43 44 45 46 47 48 49 50 51 3.5000000000000004 200.50000000000003 52
decision_type=1 2 1 2 9 1 9 1 9 9 1 9 9 9 9 9 9 2 9 9 9 9 9 2 9 2 9 9 9 2 9 9 9 9 9 9 9 1 9 9 9 9 9 9 9 9 9 9 9 2 9 9 9 9 9 9 9 9 9 2 2 9
left_child=1 6 4 7 -2 11 -1 20 24 -9 12 -3 13 -8 -14 -12 -6 21 -11 -10 -4 -13 -5 35 -7 27 -27 -16 -18 30 -29 -32 -20 -33 -17 -24 -31 40 -36 -40 -21 -22 -28 44 -34 -45 -37 -30 -42 -26 -38 -15 -49 -54 -41 -35 -39 -44 -48 -60 -47 -62
right_child=2 5 3 22 16 8 10 9 19 18 15 17 14 51 25 34 28 -19 32 37 41 -23 23 -25 49 26 42 29 47 36 31 33 43 55 38 46 50 56 39 54 48 -43 57 45 -46 60 58 52 -50 -51 -52 -53 53 -55 -56 -57 -58 -59 59 -61 61 -63
leaf_value=-0.022275642278205623 0.041441301484772569 -0.02958316647938419 0.14763360308684584 -0.045864097880212271 -0.059740771309883423 -0.020259047681780554 -0.041730803210671547 0.089725706462328247 0.1268952027966348 -0.045942531893840483 -0.037452236052089083 -0.014154697583367563 -0.025357716267537102 0.010415876674363072 -0.022701719822798075 0.075783916168552998 0.034645166300759818 0.20672044383118032 0.043448196161664135 -0.02467553169938699 -0.04837766930188938 0.13727427579656712 -0.041509685904445849 0.14092792436365878 0.11808013969813098 -0.046179383506281153 -0.0051329335418565016 -0.052642914311431178 0.025558808617515433 -0.01873978756285154 -0.032809089195086245 -0.047845812902570867 0.063275879910578772 -0.013494941082520846 -0.018443915889990652 -0.0036727355478088602 -0.0027305982547010423 0.060156810908610074 -0.043573997220488075 -0.02862967423852349 -0.028830088494962571 0.040042861025637908 0.016853937448349541 0.045449117854285126 -0.0072872186534910502 -0.02991518393788873 -0.016877366638257497 -0.04749095709028299 0.099759519156881096 0.21054195516783564 0.06816613494112278 0.12507296947453758 0.028840977952158533 -0.032910611419936245 0.043488398103116339 0.085200050787256676 -0.022121696849781602 0.11764173163249488 0.040586269599911989 0.12569587123703424 0.057668024337906625 -0.015079900292154939
leaf_weight=303.28166908910498 202.87837725365534 32.712732314132154 32.913149638101459 29.010212721535936 1805.747934254352 20.732681207358837 34.242888185195625 73.554448433686048 50.488196121063083 879.82913375808857 171.74660424003378 29.786725807469338 115.54619663767517 32.628859628923237 107.54449721612036 130.31043083360419 81.289319244679064 127.22449323581532 95.397556311683729 37.456613610498607 39.830172643531114 444.94321031402797 29.176062321290374 105.39835341041908 44.475451919715852 33.609291036613286 33.800125092733651 67.6050227843225 61.253632315434515 53.128467116504908 61.164992773905396 26.242200951557606 62.486527938395739 30.016585091128945 176.46859503863379 44.087528507690877 57.653784621972591 29.725394936278462 56.856977444142103 43.657689025625587 18.441707127727568 191.48166357167065 39.608006800990552 56.245651005068794 452.68396379216574 1867.1713589970022 19.945402237121016 1647.1903807923663 96.130432347767055 76.454540801700205 861.19732738891616 275.69289209833369 81.819595313630998 1414.5487964393105 514.41417138837278 182.4486633609049 169.7418797868304 257.10751112969592 38.032679999945685 140.78111217427067 47.915822377428412 429.7394689891953
leaf_count=17962 18079 1413 2604 1954 200991 1109 1698 4324 2555 88205 11307 1477 6633 1603 6133 7094 6392 5093 6187 1927 3732 21259 2431 7298 2477 1680 1879 3826 5856 3392 3713 1464 4962 1867 11595 4317 3096 1462 3425 2544 990 20454 2264 4445 48472 174879 1832 191786 5044 3716 48460 13329 7010 175960 31005 10303 8492 13766 2865 11246 3393 40865
internal_value=-7.06685e-05 0.0533249 -0.0261183 -0.0090086 -0.0410983 0.103824 0.0370937 -0.0169615 0.0639608 -0.0210633 0.0423884 0.134837 0.0545004 0.0973727 0.0464142 0.0169864 -0.0443812 0.14411 -0.023382 0.0356464 0.0437329 0.130366 0.0737477 0.0819845 0.136658 0.0511072 0.0824453 0.0435745 -0.0357854 0.0487016 0.0209601 0.0380406 -0.0166608 0.0567839 0.0274234 0.0621601 0.059691 0.0193919 0.0186141 0.0293738 0.0530556 0.0234437 0.0940757 -0.0187689 0.00231348 -0.0232831 0.0733059 -0.0376741 0.0784087 0.163053 0.0637362 0.113648 -0.0389833 -0.0293651 0.037442 0.0712768 -0.0075737 0.105176 0.0897388 0.101895 -0.0251178 -0.00689061
internal_weight=14774.7 4844.29 9930.41 4635.68 5294.73 1178.31 3665.97 4229.25 543.647 3965.02 3362.69 634.667 2269.24 342.565 1926.67 1093.45 5091.85 601.954 3891.47 401.984 264.225 474.73 406.431 377.421 141.663 1811.13 364.125 1447 3286.1 1339.46 367.477 299.872 3011.64 238.707 921.708 272.023 971.98 351.496 791.397 614.929 152.029 231.312 330.516 2916.24 515.17 2401.07 242.847 3204.81 114.572 120.93 918.851 308.322 3143.56 1496.37 558.072 212.465 199.467 296.716 198.759 178.814 2344.83 477.655
internal_count=1307591 267052 1040539 434465 606074 57014 210038 402522 27772 375732 192076 29242 125106 16630 108476 66970 587995 27829 371408 20470 26790 22736 31943 29989 7302 101843 19589 82254 387004 76121 21173 17347 283203 13634 55663 22691 54948 17915 48569 36974 7961 24186 17909 277016 53434 223582 20260 380612 6034 6193 51556 14932 374756 182970 33549 12170 9954 16030 15943 14111 219137 44258
cat_boundaries=0 1 2 54 55 105 106 107 155 156 205 206 258 308 358 410 461 512 563 610 662 712 764 816 868 919 925 973 1025 1077 1128 1177 1178 1184 1235 1241 1292 1341 1347 1398 1450 1456 1503 1547 1553 1604 1610 1661 1712 1762 1814 1865 1914 1966
cat_threshold=2 4 131072 0 1048576 0 0 0 0 0 32 0 0 0 1048576 0 0 16777216 0 0 1024 33570944 64 0 4 16896 0 0 512 4096 0 0 196608 0 4096 0 0 536870912 0 0 0 8388608 0 32768 268435488 67108864 0 8388864 16777216 1048608 2 8 0 8192 12 0 0 0 4608 536870912 262144 536871424 0 0 0 33587200 64 0 0 0 0 25165824 0 33619968 0 0 0 0 268435456 0 0 6152 134217728 0 0 192 0 134250496 0 0 0 0 16384 134217728 3221225536 1 0 0 0 6 0 0 4096 0 32 40 2 0 0 196608 0 64 0 269025280 2 0 0 0 1610612736 0 0 0 128 0 0 67108896 16384 0 4194312 4 0 0 0 0 1179649 0 32 65536 512 67584 0 0 2048 0 64 1074282496 0 536870912 0 0 67108864 0 0 0 8388608 44 524288 0 0 262144 0 0 134283264 4096 0 128 0 49152 0 0 0 0 16777216 16777216 4194560 0 0 0 0 0 128 0 0 0 144 0 67108864 67108864 0 2064 0 1048576 134217728 4718592 33554432 8388608 0 536870912 1024 1073741824 0 0 1073741824 4 32770 1094 512 0 4194304 0 0 1 0 36866 262144 33587200 272629760 0 268435456 0 32 1048576 0 33554432 0 16 0 0 0 0 16384 0 0 16777216 0 131072 0 0 0 0 12582912 0 262144 4096 16 0 4 0 4194308 0 0 2 536870912 0 67108864 0 0 16778240 256 0 0 0 33554432 0 0 2148007936 524288 0 67108864 8 0 4 0 32 33554432 0 512 0 0 0 2147483648 0 268500992 1024 4 2048 134480896 0 0 0 4194304 131072 0 0 8 268435456 4 16384 2147483648 0 0 0 33619968 2 16777216 0 0 536870912 0 4194304 4096 0 0 536871424 0 512 0 0 272629760 0 0 2 2048 0 65536 0 0 536870928 2692743168 32 8192 33554432 16384 0 0 32 0 0 2097152 0 0 268435456 0 32 0 1048576 524544 256 0 0 0 537460736 0 0 0 0 8192 256 2097152 134217728 32 4096 0 520 0 0 65536 0 2147549184 100667392 0 0 0 0 0 0 0 0 8 0 8256 0 4 0 0 16384 0 0 4194432 524288 0 1073741824 0 0 0 16384 262144 0 0 128 0 0 0 8 0 2 8396864 536871936 0 1024 0 0 0 0 0 512 1 0 32 0 268435456 0 0 18 0 2148532224 2164260864 0 0 0 8 536870912 1073750016 0 0 0 2099200 0 0 0 0 524288 0 0 0 512 131072 268435712 134217728 0 0 16384 1024 536936448 132 1073741832 0 0 0 536870912 268435456 524288 1024 4194304 80 262144 4194304 0 0 10485792 0 64 0 268435456 20 4224 0 16777216 0 2048 1073741824 0 0 0 0 0 0 18440 256 0 0 0 0 0 268566528 0 0 0 64 0 0 0 0 0 0 128 0 0 16384 512 0 36864 0 0 1048576 2049 0 16384 0 0 0 16777216 0 0 2147483648 0 2052 16416 2147483648 16 0 0 0 32 0 0 32768 545259520 0 65536 2097152 16384 0 0 0 0 0 512 8388608 0 131072 0 4 268435456 0 131072 8388736 0 524288 2 1048576 0 1024 1 1024 4194304 0 1048576 5 0 32768 4194304 10240 67108864 536870912 0 0 4096 0 0 0 0 0 64 2 0 512 0 524288 2113536 288 0 67108864 0 0 0 134225920 8 0 262144 8 0 64 0 0 0 0 0 8 1048576 0 0 0 0 0 0 0 2147483648 0 0 268435456 65536 0 16 524288 0 2048 0 65536 0 2147483648 0 8256 0 0 0 2097152 4097 8 32 8388616 0 524288 32 0 0 8388608 0 65536 0 2048 0 0 16777216 512 2097152 1073741824 2097154 131584 0 32768 4096 512 0 0 0 268435456 262656 0 0 1048576 8192 101253120 134217792 0 0 0 0 0 0 4194304 268435458 545259520 0 0 0 32 0 2056 8 0 131072 128 0 2048 0 0 16 0 0 16 0 0 0 0 537001984 0 0 0 4096 32768 536870912 0 0 0 0 0 4194832 134217728 1024 0 8192 8192 32768 0 0 128 0 0 33554688 0 0 0 0 64 4 0 8388608 16448 0 2097664 131072 0 0 0 134217728 8650752 0 4198400 64 0 0 2048 16384 16384 0 128 33554432 0 0 0 0 1048576 536870912 0 4210688 0 0 268959744 0 0 0 0 272 0 0 65536 2 0 256 0 0 0 0 0 8192 0 8388608 0 32 2097152 0 64 0 8388608 0 2048 67108880 512 1024 1207959552 65536 16 0 256 268435456 262144 16777248 0 8 0 0 67108864 0 0 1024 0 0 1073741824 262144 8388608 0 8389632 2 0 2147483664 0 8389632 0 0 0 0 512 0 0 0 131072 134217728 512 1073741824 0 0 1024 0 2 262144 0 1048576 0 0 16777216 0 32768 0 2147483648 256 0 0 32768 8388608 0 0 0 4194308 0 4194304 8388864 2097184 0 0 0 32 0 0 0 4354 0 0 4259840 0 0 0 4096 0 64 256 0 16 2147483648 33 0 0 16789504 0 0 16777224 128 16384 0 134217728 0 268435456 0 0 0 0 1074003968 0 0 0 1024 589824 0 0 536870912 16384 0 1048576 276824064 2147747904 172362754 13664320 143164448 1312776 34434 1024 512 0 0 256 0 0 16778241 0 1 524288 0 0 0 0 50331650 16 0 8388608 0 0 0 536870912 4 2164326402 512 2 528384 0 262272 64 0 0 0 0 0 0 0 0 2 0 0 0 524288 0 33554432 12 4 512 134217728 128 0 0 0 128 0 16 50331648 0 536875024 0 16 131072 0 0 0 0 0 0 512 64 0 0 0 0 16384 0 0 4 0 0 134219776 0 32768 2097152 0 0 0 131204 1048576 4 0 0 0 0 2050 32 0 1024 16777218 268435968 134217728 0 0 2359296 4194304 0 16810242 0 0 2080 512 0 131072 33554432 1048576 0 0 32 0 0 512 0 0 0 0 0 0 128 131072 0 0 0 80 0 0 0 0 16 0 4 268435456 0 8192 128 0 0 16384 32768 0 262144 1026 0 0 2 4096 4194304 32 1 33554432 0 1048576 0 0 0 16777216 0 3145728 268435456 0 0 0 0 0 0 8388612 8192 0 2048 2048 0 262144 131200 0 0 16777280 32 0 0 0 131072 0 0 268451840 0 0 8388612 0 0 4 0 536870976 1052672 0 0 0 0 266496 512 0 0 0 16384 32 32772 0 0 0 0 0 0 536870912 0 0 0 8192 0 32 0 0 0 16 32 16 67108928 1073741824 0 143654912 0 0 64 0 8388864 0 512 4194816 33554440 0 1073741824 512 262144 2097152 16 646 37750786 3506439296 2433385760 1444876 513 8192 0 0 0 268959744 0 0 0 32 16400 0 4096 0 0 0 0 8 0 2097664 0 65536 0 0 8388609 0 0 536870912 0 262144 0 4 67108880 0 1073750016 1048576 0 134217728 0 0 8388608 0 64 147456 544 0 16777216 0 0 8388608 0 134217728 3225845824 37781570 268959748 2340946512 4456464 4195330 128 512 65664 0 0 0 0 32768 32 0 4784128 67108864 0 16 0 0 2560 0 0 0 16777216 65536 8192 0 0 0 32768 0 0 0 128 134217792 0 64 0 32 0 136314880 134479872 0 256 0 0 0 0 8 512 1 0 0 268435456 1 16384 4096 16 0 2097152 0 32768 0 1024 32 134217744 0 67239936 393220 524288 0 0 0 0 16777216 512 0 0 0 0 0 1073741824 16 0 2097168 0 2097152 0 0 32 0 0 0 0 0 0 4325380 8 0 0 536870912 2048 8389120 285212992 545297292 2684371008 541594500 536879265 16896 8448 16384 1048576 0 0 0 128 0 537395200 16 134217728 4096 0 0 0 0 0 0 2097152 0 0 0 0 0 32768 0 33280 65544 1056 0 0 0 0 0 0 1048608 262144 0 65536 8388608 256 268566528 0 0 0 0 524288 2 8192 0 5120 512 1073741824 0 0 0 0 0 0 0 1054720 0 65536 0 0 128 0 131072 0 4194304 0 64 0 0 8388608 2097152 0 0 16 536870912 0 2097168 0 0 0 2 33554432 16777216 673185792 0 8 33554432 0 32 0 1073741824 0 20971776 1310720 0 0 0 4096 3212676 83890176 2147500352 68289284 1048682 937990 0 8388608 2 0 0 0 2097152 0 0 75497536 0 134217728 20480 262144 0 0 268435456 512 2 2097152 0 0 0 4194308 2147483648 0 0 0 8 524288 16777216 0 2416443392 0 2048 524288 1073741824 4194368 0 0 18 0 0 16384 0 0 128 769 1073741824 1052672 0 1048576 16777217 512 2147483648 0 2048 0 0 0 0 0 160 65536 0 0 268435456 2147483648 0 8192 0 0 0 0 0 640 0 2097152 0 2107392 64 0 0 0 20480 16 0 0 268435456 0 139264 46174721 3892447232 1082386 268472320 67258384 2097220 2147483649 0 0 16777232 524288 0 0 16777216 4194304 0 0 536875008 0 16 33554436 0 536870912 0 2097184 1610612736 8388608 1 131072 0 4096 0 536870912 65536 0 0 0 0 0 0 0 1048576 1073741824 0 262144 0 0 0 16384 32 0 0 8 0 32768 0 268435456 2100224 8396800 2113540 171020353 9537554 12583040 0 0 167772160 0 0 0 268959744 0 0 1048576 0 0 0 16 8388608 0 0 1048576 0 8 0 8 1610612736 8192 2097152 0 0 0 0 24 0 0 16777360 33554432 513 0 2099200 4096 0 278528 256 0 0 0 2048 0 0 0 0 0 1048580 33556480 1073741824 1114112 0 0 8388624 1 0 0 524288 0 0 0 67108864 4100 0 0 0 256 2164260864 32769 8192 0 65536 0 0 8208 4 536936704 0 0 0 0 134217728 0 32768 0 33554432 0 0 256 0 1024 0 0 2 0 0 0 0 4096 0 32 0 0 0 1 0 0 0 0 8192 134217732 0 0 262400 540672 512 0 256 8 1 0 8192 0 0 268439552 537133072 335544320 4608 0 16 0 0 0 0 2097152 131072 256 526592 0 0 16384 0 0 0 0 0 0 0 8388608 256 1073741824 1048576 0 0 2097152 0 2147483648 0 38912 65540 4 0 0 4 0 33554944 0 512 268435456 0 0 0 33554432 0 0 2097152 1 2097152 1048576 128 0 0 64 0 0 131072 0 262400 0 0 0 516 524288 0 33554432 0 0 0 1048576 0 4 512 134217728 0 16777248 0 16384 1 4864 262144 0 64 0 268435456 0 33554448 0 536871424 128 0 134217728 65536 0 131072 33554432 0 0 2097152 33 0 16384 0 0 0 268435456 0 0 0 256 0 0 0 0 0 536879104 0 0 0 16384 0 256 4096 0 0 0 0 4096 0 66048 0 524288 8388608 0 0 134238208 0 262176 32 536870928 0 16384 2097280 0 8 0 33554433 0 33554440 8404996 0 0 0 257 0 0 0 0 0 0 0 262144 8388864 0 0 16384 0 0 0 0 0 67117056 16384 0 0 1 0 16384 0 64 64 16777472 0 4096 262144 536870912 262144 16384 0 33554432 0 2 0 0 67108864 0 134217728 0 16384 32 1024 1048576 0 1048576 0 0 8 1048608 8388608 0 536870928 0 0 128 0 1 0 0 0 0 0 0 33792 8388608
is_linear=0
shrinkage=0.1


Tree=3
num_leaves=63
num_cat=51
split_feature=34 34 2 2 2 36 5 2 2 2 2 36 2 34 34 2 2 2 2 7 2 2 7 2 9 2 2 2 2 2 9 2 9 2 2 9 2 9 6 2 9 7 2 2 2 9 2 9 36 36 9 28 2 2 9 36 34 2 2 9 2 2
split_gain=1814.98 326.7 129.88 104.691 101.822 98.2475 81.999 79.7878 78.0586 70.4599 66.4881 65.2902 65.0949 62.5432 62.6585 58.6805 56.7518 56.3622 52.7824 49.1431 44.0478 40.9311 39.8376 40.4553 39.8327 45.0039 44.2447 37.8585 37.4789 35.5259 35.0963 33.9706 33.255 31.8407 30.6188 30.6105 28.9565 28.2506 28.2175 28.0533 27.9524 27.1406 35.622 28.4252 26.6776 26.9861 35.8093 25.9664 25.2981 25.2051 24.74 24.1265 36.9385 35.4108 30.8451 27.4547 23.2548 23.0955 22.8157 22.1402 26.0103 25.0438
threshold=119.50000000000001 36.500000000000007 0 1 2 10.21103238866397 3 4 5 6 7 10.273054283845653 8 18.500000000000004 -1.0000000180025095e-35 9 10 11 12 13 14 15 16 17 18 19 20 21 22 23 24 25 26 27 28 29 30 31 32 33 34 35 36 37 38 39 40 41 7.7159214830970564 11.929401993355484 42 5.5000000000000009 43 44 45 7.3347889374090256 52.500000000000007 46 47 48 49 50
decision_type=8 10 9 9 9 10 9 9 9 9 9 10 9 10 10 9 9 9 9 1 9 9 1 9 9 9 9 9 9 9 9 9 9 9 9 9 9 9 9 9 9 1 9 9 9 9 9 9 8 10 9 2 9 9 9 8 10 9 9 9 9 9
left_child=1 5 -2 -3 -4 8 10 -7 -1 30 -5 18 -13 14 -10 -16 -15 -6 35 21 50 -19 29 -24 25 -20 -26 -12 -14 -17 -8 -18 -33 -28 -9 -11 -30 -31 39 -29 56 43 -43 -36 -22 46 -46 -38 -25 -32 -21 53 -53 -34 -55 -54 -40 -47 -27 61 -61 -35
right_child=2 3 4 6 17 7 9 34 13 11 27 12 28 16 15 22 31 19 24 20 44 -23 23 48 26 58 33 38 36 37 49 32 51 59 41 -37 47 -39 40 -41 -42 42 -44 -45 45 57 -48 -49 -50 -51 -52 52 55 54 -56 -57 -58 -59 -60 60 -62 -63
leaf_value=-0.030569212081041703 0.046694229877962262 -0.027749682097997826 -0.053994187914520611 -0.043817922210294437 0.047158562608112201 -0.047549045228579723 -0.01793292084781704 -0.0058454177124111261 -0.0013433349520058976 0.029911567531947049 -0.016977900085885501 -0.061832230708302051 -0.032611375218733592 -0.042895374201219513 -0.037419789891469095 -0.051829735963815404 -0.030023412596926792 0.086381436299816317 -0.040677314855551767 -0.028669887356425169 -0.046416796863480783 -0.0069921938292668703 -0.014623093933372395 0.058985714834328976 0.06427511367076244 -0.032220425278665171 -0.032313937418539614 -0.00880189748271595 -0.023255755940966974 -0.019325487249429184 0.079185083229988851 -0.01415677773184563 0.11526761957779696 0.060145228538876688 0.0043595114599356563 -0.039260687967205436 -0.0063534187072196123 0.087375032767403396 0.23075206223074418 0.094430770989169244 -0.023993540047801725 -0.030886302730369047 0.100685028320811 0.17157333086266199 -0.05031585060957177 0.026625950209342882 0.0558691856292352 0.09890043423939085 0.13139977624410124 0.29791201789731903 0.070817862120557656 -0.027179180912530566 0.030247381393461954 0.063421730810905394 -0.030895328951742591 0.099577878201937045 0.0527151042755898 -0.031304659266178037 0.046972821869357445 -0.027747036744455406 0.019606288807055866 -0.028978275160588148
leaf_weight=92.858467397512868 192.94039516965859 377.3481274547521 2094.7564967039507 54.532023886684328 90.990860321093351 30.541671708691865 44.251139176310971 26.464260242879391 80.261481176596135 75.750229888595641 50.515841035172343 38.446451762225479 33.174807319417596 66.096976802306017 34.056581123266369 24.456151763908565 46.137176092714071 45.386002274230123 65.663273071171716 35.501381755806506 1198.3346880476456 303.34809251828119 28.797745345858857 54.272555456089322 118.53737017884851 34.978426199639216 208.60743399919011 34.51197248371318 27.610992098459974 32.270029132952914 253.96114329248667 61.811592753045261 28.792148374021053 27.361859587254003 21.768005005316809 285.25012553180568 33.084572515450418 133.4754663084168 9.3698592716827971 438.46316461497918 58.313274402171373 24.166635691653937 165.39099160442129 210.16522912913933 41.392529028933495 65.756981587735936 77.097826787969097 263.83224521786906 434.30292772711255 5.3800810822285703 58.741239006165415 32.471937362337485 69.284867483656853 45.209824841003865 83.539178662700579 325.23861971311271 33.808293681126088 3779.0760197273921 666.8296939926222 122.57715803198516 1052.1017901042942 228.75902638444677
leaf_count=6307 14384 28290 244681 2779 5727 1528 2784 1146 8793 5137 2493 2018 1830 4032 1522 1239 2234 3458 4052 2946 127884 35789 1390 2646 7116 2173 14731 1682 1979 1639 13680 4076 1497 1645 932 19713 1787 7332 391 21260 2783 1205 8579 9354 2444 5458 5871 16852 19570 278 4283 1714 3958 2574 4736 18543 1449 434925 42771 7082 77735 18027
internal_value=-0.000694352 0.0372919 -0.0330256 0.0223644 -0.035015 0.0695012 0.0267998 0.10946 0.0580749 0.0206276 0.0586022 0.0162306 0.0543487 0.0630774 0.0825878 0.091671 0.0427702 -0.0279524 0.0110552 -0.0292536 -0.0316834 0.00722912 0.0970417 0.113205 0.016146 0.0350696 0.00773285 0.0680881 0.0666999 0.0496171 0.0661363 0.0508323 0.0569733 0.00327966 0.118579 -0.024331 0.0775234 0.0666833 0.0757309 0.0868718 0.0206764 0.126346 0.0832039 0.156708 -0.0329499 -0.0287715 0.0177463 0.0873474 0.120882 0.0806142 0.0341855 0.0646066 0.0780521 0.032265 0.00440781 0.0852417 0.0741719 -0.0302474 0.0426286 0.00865739 0.0144725 -0.0175548
internal_weight=14778.2 6794.85 7983.32 4643.02 7790.38 2151.83 4265.67 478.497 1673.33 3586.16 679.514 3282.57 396.149 1580.48 821.893 741.631 758.582 5695.63 2886.42 5604.63 5255.9 348.734 707.575 517.373 2525.42 767.471 1757.94 624.982 357.703 190.202 303.592 692.485 646.348 1639.41 447.955 361 324.528 165.745 574.467 472.975 101.491 421.491 189.558 231.933 5161.66 3963.32 118.49 296.917 488.575 259.341 94.2426 584.537 426.995 157.541 128.749 394.523 43.1782 3844.83 701.808 1430.8 1174.68 256.121
internal_count=1306913 419063 887850 302517 873466 116546 274227 22744 93802 241390 32837 224648 24466 87495 44131 35338 43364 628785 200182 623058 583811 39247 33816 23606 175332 48996 126336 30058 22448 10210 16742 39332 37098 119220 21216 24850 20618 8971 27565 22942 4623 20070 9784 10286 576582 448698 8315 18639 22216 13958 7229 33022 24215 8807 7310 22501 1840 440383 44944 104489 84817 19672
cat_boundaries=0 52 101 153 154 203 251 302 354 405 457 508 559 610 611 664 716 717 766 772 822 873 924 971 1022 1028 1080 1086 1135 1187 1193 1245 1251 1252 1302 1308 1309 1360 1411 1462 1468 1520 1526 1532 1582 1633 1639 1688 1736 1742 1793 1843
cat_threshold=0 0 1048576 0 8388608 0 0 16777216 0 0 0 1073807360 0 67108864 0 16777216 0 0 1024 0 64 134217728 4 1073758720 0 8388608 512 4104 32 0 196608 64 0 0 0 0 0 134217792 524288 0 0 0 268435488 0 0 256 524296 1048576 0 0 0 32 0 0 0 5120 536870912 262656 257 0 32 0 0 0 0 0 0 2097152 16777216 0 66048 0 0 536870912 0 0 0 0 2099208 2048 0 0 200 0 0 0 0 32 67108864 256 134217728 3221225472 0 16384 0 128 128 1073741824 0 4096 8192 0 131072 0 4096 0 584 1 32768 65536 0 65536 100667392 0 2 0 0 2147485696 0 0 0 8 0 8256 0 4 0 0 16384 0 0 128 524288 0 0 0 0 0 16384 134217728 0 0 128 0 0 4 8 0 2 8192 536871936 0 1024 1231 1 0 0 512 589824 0 0 0 0 0 134742016 603979776 0 16777216 34816 0 268435456 0 65536 0 2147483648 0 134217728 0 16 0 536872960 0 1024 0 264 0 524288 8192 32 0 0 0 262156 8 0 0 0 131072 0 0 536870912 0 67108866 0 0 0 16778240 0 0 0 32768 0 0 71305216 0 2147483648 0 0 0 0 0 0 0 0 0 8196 1 128 40 2097170 8192 0 0 0 0 0 8396832 32 0 134217728 268435460 65536 0 36 0 0 1090519040 4194304 0 8 4096 0 0 0 4 136314880 0 134217728 0 0 0 0 0 0 67239936 33554432 0 64 0 32 0 0 513 0 0 16781312 0 0 0 128 0 67108864 0 0 0 4194304 1074790912 262144 4096 278528 0 135172 0 0 0 0 524288 0 0 33024 0 8389632 1536 0 0 0 0 1 0 512 0 33555456 0 536870912 0 0 288 0 33554432 33554432 0 1073741840 2147483648 0 64 0 0 0 0 0 69206016 0 8388608 0 32768 131072 8388608 0 262144 4096 272 64 131072 268435456 4194308 0 0 8 0 0 0 0 0 16777216 32896 32 0 512 33554432 0 0 0 0 0 0 671088640 0 0 0 0 520 0 0 0 0 0 139268 0 0 0 16384 65536 2101248 0 0 0 8 0 0 0 134217728 1048576 524292 8 128 0 4 24 512 33554432 0 1 8388608 8388608 262144 0 0 0 0 0 536870912 0 0 0 8388608 33554432 0 0 0 4 524288 2048 0 4259840 1073741824 16777280 0 0 268435456 32 0 16896 536870912 8 128 131072 134217728 0 0 0 0 131072 524288 536870912 0 2048 64 131072 136 8388608 0 1073741824 0 0 0 0 1024 0 0 0 0 593920 1 0 0 524288 0 0 0 0 67239936 0 0 65536 0 0 0 536870912 32 0 0 16384 1024 2060 16779264 512 262144 0 0 134217728 268435456 0 1048576 0 16384 4 8388928 0 0 0 0 0 8 536870912 0 0 536870912 4096 64 0 131072 0 0 0 8388736 0 0 0 0 0 0 0 393216 0 0 0 0 16384 268435456 4194336 0 37748740 2147483648 256 0 0 8 0 0 1048576 0 0 0 0 0 4194304 131072 0 18 32772 2147483648 67108880 0 0 0 8650792 0 0 524544 0 0 4096 0 262144 0 0 0 0 0 268443648 84 0 16 4096 2148532224 65536 0 268435456 536870912 0 0 8192 33554432 0 0 0 268451840 1024 67108864 4 0 0 0 0 0 0 0 256 320 256 0 0 65568 4 2 0 0 8388608 536870912 134217728 40 0 0 0 262148 64 8192 0 134217730 0 2148532224 0 0 16384 262144 32768 0 0 0 2147483680 33554432 0 8 134217728 0 4194304 0 1088 0 2 256 4 0 0 0 0 1048576 0 0 1073741824 8454400 0 0 0 0 4194304 2048 0 0 0 8 8192 0 8 0 4194304 0 2048 0 4210688 0 0 536870912 524288 0 0 2147483648 0 2048 2147500064 16777216 16 0 2 256 0 0 0 2129920 0 0 0 2097152 0 0 0 4096 0 8388608 528 4456448 0 16 0 0 0 0 0 41943040 8388608 0 0 1048576 0 1024 16777216 3 0 0 1048576 262144 0 2105344 0 0 0 40960 4 32770 4096 0 131072 2048 0 0 0 0 0 0 0 0 0 0 0 4096 134217856 0 67108992 524416 2097152 0 0 0 0 2151677952 134217728 0 0 0 1024 100728832 0 0 0 0 67149824 3221749876 2211841 2157445153 1141932040 4273408 1024 8448 0 0 513 49152 1 0 0 0 0 524288 66048 0 0 4 0 8519680 262144 2097152 0 8388608 0 131136 512 2097152 4096 0 0 0 131104 256 64 0 268435456 0 0 8 0 0 8404992 0 0 0 536870912 0 0 0 2 0 256 268435456 0 0 49 0 0 524288 2 262144 0 0 536870912 0 0 0 0 0 0 0 0 0 67108864 131072 0 0 0 0 65664 67112960 128 0 0 0 8388608 262144 0 0 134217728 526336 16384 536879104 1048576 4194304 0 0 32 8 2 32 1536 262144 8192 32 0 32768 33554432 536870944 0 33554432 0 17309696 65536 0 0 2 0 32 0 0 33554432 2147483648 536870912 0 0 0 16384 0 536870912 0 4096 0 16 0 134217728 8192 4194304 0 0 0 0 0 128 0 262144 0 0 0 536870912 8390656 0 8388640 8392704 0 0 128 16777216 0 0 536870912 0 1572864 4194304 71368704 1074266112 268435456 0 131072 524288 0 0 0 0 0 0 134217728 1 16384 0 0 33554432 512 65536 2097152 0 0 0 0 0 1073876992 50331648 0 0 0 0 20971520 536870912 4194304 0 1073741824 512 1073741824 0 1 524288 17039360 0 0 524288 33554432 0 0 0 0 0 32 0 33554432 0 268435458 8388608 0 0 4 0 1024 8 9 0 16384 0 0 2048 2048 0 0 0 256 16 0 2147483648 0 16384 8192 0 0 16777216 1064960 0 0 1024 17209856 33556480 3178761 2433781793 75630592 2169344 33554688 0 0 0 4210688 0 0 2181038080 0 16384 65536 0 16384 0 262144 512 0 33558528 0 268435456 8421377 0 0 0 0 8388608 0 1073758464 0 32 0 0 512 0 0 16 0 0 0 33570816 0 0 4 524288 0 0 0 0 32768 0 0 4 2725515776 3072 167903426 168820736 90122 655364 1 0 128 0 524288 536870912 0 0 0 128 4259840 0 4096 0 0 32 33554944 0 0 0 536870920 0 1073741824 0 0 8388608 536870916 0 0 65536 0 134217728 4194304 67108896 0 0 0 81920 1073872896 0 2147483680 536870912 132096 0 0 0 0 0 2097152 0 0 0 0 1048576 16896 134217728 0 0 8388736 0 49152 0 0 262148 33556480 16842752 0 32 0 0 32768 16448 268435456 0 1024 0 0 134217728 16384 0 16 0 0 0 0 131072 524288 0 33554432 0 4096 4194304 1 0 0 0 0 33280 0 0 4096 1077987330 537200128 3211329 4260721 1074528384 37378 2147500032 1073742848 16384 64 0 0 64 33554432 0 0 0 4104 2281701376 16777216 0 128 0 0 2097152 160 16777216 8192 0 4 0 536870912 0 256 0 0 0 524288 0 0 0 32768 0 16384 0 262144 0 262144 16384 16908288 0 0 0 0 32 0 0 4 17303560 18874368 1835018 137041201 2316048384 8452 6 34078720 0 0 16912 136314880 4194304 536870912 33026 0 0 8192 201330688 0 0 0 0 0 0 2097152 0 0 1 0 0 4096 0 0 0 0 131072 0 0 0 402653184 0 0 0 16793600 4 8388608 8192 1048576 0 0 0 32 0 0 0 1049600 1074282560 2212864 31985668 3240100872 3221291264 4194314 12 0 0 1048576 1 268435456 17039360 524288 0 32 0 71303168 0 0 0 0 540704 8 0 0 32897 0 0 0 0 0 8388640 84 16 128 0 64 0 0 0 262144 16 0 0 16 0 2147483648 0 4 8200 0 0 0 0 0 0 134217728 0 16384 0 262144 0 0 65536 2147483648 0 0 4 0 0 32772 128 5243520 0 0 0 134217728 64 8 4096 516 128 0 16448 0 0 393216 0 0 0 0 2 32768 0 1048576 524544 0 0 0 0 0 0 0 0 0 0 536870920 4096 538968064 134217728 32 0 268435456 33554432 0 0 0 0 2449473536 64 4 2048 0 2684354560 16777216 0 0 2 0 536879104 0 0 0 0 2097152 0 524288 0 0 134217728 0 1073741824 0 32 262144 0 8650752 0 0 0 1024 536870912 0 0 576 0 8388608 0 268435456 277872896 540083716 1 536870916 1073745952 5120 0 1077936128 0 134217728 0 0 0 2147483648 536870912 0 0 0 0 4096 256 16384 512 33554432 0 0 2147614720 0 67109376 8200 0 0 8388608 65568 33554432 0 0 32784 69632 0 8388608 0 0 269484032 0 0 2147483648 0 0 131072 128 0 0 0 262144 0 0 64 1645216513 1064962 68452416 428376096 201525248 2097152 8422400 810160128 285344016 52531264 42991872 8657156 8192 16384 0 0 268697600 4 536870912 4096 12582912 36864 64 134250498 65536 1 33554448 0 0 0 33554432 0 0 512 0 512 0 268435456 262144 0 536870912 0 8 0 0 0 512 32768 0 0 256 0 0 0 0 8192 128 0 0 0 0 8388608 0 1073758208 0 16 270532608 0 524288 0 1048608 0 524352 0 268435456 1 2048 0 0 0 0 1073741826 0 0 0 4 0 0 262208 0 0 1048576 0 512 8192 0 512 0 0 0 524544 0 256 0 16384 67117056 0 33554432 0 1024 0 0 33792 67764296 2244675 1347747840 3238199360 4463616 4195586 512 276824064 0 0 1 0 268502016 1024 0 0 1 0 0 0 0 0 16 512 0 2097664 0 2 0 268435456 0 0 16777216 16 0 17301506 2097152 0 268437504 0 2048 536870912 0 0 65536 0 0 0 16 524288 0 0 0 4194308 132096 0 0 1024 0 0 16777216 536870912 320 0 16777216 134217728 1073741824 268435456 0 256 128 0 128 0 0 32768 0 2097152 268435456 65536 0 268476416 0 0 2048 0 0 0 1073741824 512 32768 0 16777216 536870912 0 9 0 134217728 0 0 0 1073741824 262144 138412544 2769423648 1024 304353889 184551436 136 16640 0 67108864 0 256 32800 512 4096 0 536895504 0 8388608 0 0 256 0 0 33558784 0 16 0 0 0 0 0 0 512 150994952 0 0 0 0 512 131072 512 16 0 0 0 0 136 268435456 0 0 0 0 536870912 16384 0 0 32768 2097536 512 0 0 64 4194308 0 0 0 0 0 33554944 2147483648 0 0 0 0 256 8388608 0 0 0 64 0 65536 0 16 1 0 32 0 0 1073741824 16777216 32 2048 4196352 268435456 65536 0 129 268435456 0 8192 0 16 536870912 0 0 8388608
is_linear=0
shrinkage=0.1


Tree=4
num_leaves=63
num_cat=52
split_feature=34 34 2 2 2 5 2 36 2 2 5 2 2 2 6 2 2 2 9 2 9 2 2 33 2 9 36 2 2 2 2 2 36 9 2 2 9 9 2 2 9 34 2 2 36 2 35 2 2 9 2 2 2 9 9 2 2 9 9 2 2 34
split_gain=1480.54 215.753 115.172 93.2504 88.181 78.341 77.694 71.4585 65.8193 64.9011 61.7377 57.656 55.3412 51.0533 46.5417 62.2252 47.4058 41.0574 40.8832 40.7586 39.4635 39.1098 38.0945 36.2547 45.7687 34.6693 33.9156 42.3973 32.7555 31.8526 31.1695 30.2588 30.0724 28.8561 26.3233 25.0951 24.4027 23.547 24.2534 22.903 23.0408 22.8106 45.4798 44.5024 26.3826 31.2053 26.2342 23.1199 22.5437 22.3145 27.3759 21.9439 22.8966 21.851 21.8467 21.7654 21.6619 20.0969 19.4132 19.109 18.9146 18.824
threshold=119.50000000000001 36.500000000000007 0 1 2 3 4 9.4623128549303068 5 6 7 8 9 10 11 12 13 14 15 16 17 18 19 112.50000000000001 20 21 7.1331902718168818 22 23 24 25 26 8.1580840590685373 27 28 29 30 31 32 33 34 10.500000000000002 35 36 10.778269419862342 37 5.0115475904739055 38 39 40 41 42 43 44 45 46 47 48 49 50 51 71.500000000000014
decision_type=8 10 9 9 9 9 9 10 9 9 9 9 9 9 9 9 9 9 9 9 9 9 9 2 9 9 10 9 9 9 9 9 8 9 9 9 9 9 9 9 9 10 9 9 10 9 2 9 9 9 9 9 9 9 9 9 9 9 9 9 9 10
left_child=1 5 53 -4 -3 6 -1 10 -7 -9 12 33 -6 36 15 -10 -16 -13 19 -19 -17 -22 -15 24 -8 -18 27 -23 -11 -24 -20 -27 -26 -12 -14 -30 -5 48 -39 40 -31 42 -33 -43 45 -45 -44 -48 -32 50 -41 -21 -53 -2 -47 -37 -46 -36 -29 -56 -51 -35
right_child=2 4 3 13 7 8 23 9 14 28 11 17 34 22 16 20 25 18 30 51 21 26 29 -25 32 31 -28 58 35 39 37 41 -34 61 57 55 -38 38 -40 49 -42 43 46 44 56 54 47 -49 -50 60 -52 52 -54 -55 59 -57 -58 -59 -60 -61 -62 -63
leaf_value=-0.03909313057842087 0.00092501047433437449 -0.029061954448978168 -0.050640330945541302 -0.021071415590264639 -0.042293158479285387 -0.0370426397562299 -0.027378229630066815 -0.036990189452232987 -0.054580656369196123 -0.032077728616299435 -0.019641077184245063 -0.02465145513012507 -0.019132319887120608 -0.043556596062940794 -0.033869013534044319 -0.012684849519292017 -0.015659151371774812 -0.041464439619080778 -0.027684525955113268 -0.030569441105108383 -0.017809562974420566 -0.027389632816840564 0.020171346066999364 0.16287438361443513 0.023290023909064064 -0.039924703672558903 0.16134803746376222 0.012566710190288155 -0.015441228443127312 -0.027224418566729594 0.066364172809426344 -0.049724259971398663 0.11377929339308755 0.13156535481671294 -0.0062022696733273954 -0.0047288095078721571 0.060943107215363994 -0.029697221064167258 0.019851134777777373 0.069240030014463813 0.058616289736346666 -0.038983569527342408 0.014367630111078118 -0.034350926209855442 -0.013157448164757994 -0.0031899162732026256 -0.0018827052869305487 0.10926072920896733 -0.025543572595014136 0.027167808636178965 -0.011850986789096856 -0.011176663456943658 0.050990184354451053 0.083460820711220463 -0.017605774368340009 0.076591195094194431 0.10176159775833803 0.073427599564369339 0.11801411204131762 0.066241607226272051 -0.028613261776241863 0.060220407435809323
leaf_weight=41.33346906863153 57.288905502762645 328.17251250357367 2070.760466741398 53.452332820277661 55.604174137115479 85.318306519649923 31.841482933145016 72.022018358577043 29.637242638273165 34.543333668960258 40.978533997666091 322.11164404102601 40.438635366503149 1137.7689314114396 77.264207515399903 39.946665518917143 87.174938878742978 61.923091726610437 248.47673568036407 38.139496467774734 30.703354532364756 28.98032725113444 162.62447737297043 90.016262126155198 41.322546490468085 32.068144527729601 99.133890649070963 34.512906483374536 38.56881008297205 50.966017539612949 20.53452092804946 24.34884601063095 330.16625998355448 47.890634198440239 40.98064576741308 42.460471881786361 92.92564393626526 100.37380617135204 1150.9629000963178 40.790332769276574 58.899713227758184 55.690512116387254 41.147226230008528 46.741622779518366 23.872586780926213 75.000178183428943 29.622218097560108 222.90528412041022 250.52011354174465 56.920046236598864 221.62604819983244 68.771211236482486 571.92845327686518 92.76886971318163 31.480562607990578 583.68835371173918 122.26259581395425 423.21172539051622 210.024930549087 331.41952105634846 3638.9298435405362 162.34987231972627
leaf_count=1814 4145 23609 248667 4199 2751 5189 1536 3830 1931 1858 2331 23578 2100 133805 3852 2569 4592 3698 17256 2140 1831 1542 11824 2970 1861 2151 4673 2336 2126 3876 1313 1291 13671 2475 1987 2508 6372 7005 82542 2963 5502 2980 3550 2460 1106 4605 1471 10126 21145 5964 23150 3775 33191 6121 1707 33309 5643 19474 10895 17987 431296 8287
internal_value=-0.00053753 0.0326491 -0.0307334 -0.0324376 0.0204754 0.0578286 0.0918659 0.0241674 0.0466963 0.0518751 0.0183711 0.0126697 0.0486709 -0.0255234 0.051159 0.0785418 0.0398164 0.0084874 0.0128183 0.0324182 0.0884495 0.09853 -0.0271357 0.103397 0.0926857 0.0451368 0.10833 0.0930752 0.0606891 -0.0226273 0.00448355 0.0503505 0.100995 0.057715 0.0593211 0.0659139 0.0315618 0.00988026 0.0156728 -0.0243835 0.0198462 0.0535977 0.0762711 0.0438744 0.0509993 0.0405776 0.0854994 0.100475 -0.0164673 -0.0256581 0.00283289 0.0396619 0.0442481 0.0539769 0.0482579 0.0710891 0.0890516 0.066415 0.10421 0.058691 -0.0276832 0.0729998
internal_weight=14774.3 7038.59 7735.72 7585.66 4744.65 2293.94 534.68 4416.48 1759.26 771.283 3645.2 3084.96 560.235 5514.9 1673.94 472.939 1201 2833.74 2511.63 740.762 443.302 403.355 5368.53 493.347 403.33 1123.73 372.652 273.518 699.261 4230.76 1770.87 1036.56 371.489 251.219 504.631 664.718 146.378 1522.39 1251.34 4068.13 109.866 1004.49 318.024 686.468 630.777 484.642 293.675 252.528 271.055 3958.27 262.416 678.839 640.7 150.058 437.9 626.149 146.135 464.192 244.538 362.9 3695.85 210.241
internal_count=1306511 418627 887884 877618 302288 116339 21852 278679 94487 43631 235048 208736 26312 628951 89298 25777 63521 195643 172065 42804 23846 21277 618380 20038 17068 59669 19446 14773 39801 484575 129261 55077 15532 13093 23561 37943 10571 112005 89547 472751 9378 52926 16438 36488 33508 26759 15147 11597 22458 463373 26113 39106 36966 10266 24299 35817 6749 21461 13231 19694 437260 10762
cat_boundaries=0 52 102 152 153 202 254 305 306 357 408 460 461 511 560 610 615 666 672 722 774 823 829 878 930 983 1032 1080 1086 1138 1188 1194 1200 1252 1302 1308 1351 1403 1454 1505 1556 1562 1613 1665 1716 1722 1728 1779 1830 1836 1842 1891 1942
cat_threshold=0 0 0 0 8388608 0 8388608 16777218 0 2147483648 0 8388608 0 0 0 16777216 0 32768 1056 0 0 134217728 0 16384 0 0 512 4104 32 0 196608 0 0 0 0 0 0 134217728 655360 8388608 16 0 268435488 75497472 0 8388608 524288 9437184 0 0 0 32 2097152 134217728 0 4096 0 520 0 0 65536 0 65536 100667392 0 0 0 0 2164260864 0 0 0 8 536870912 8256 0 4 0 2097152 16384 0 0 128 524288 0 0 0 0 262144 16384 262144 0 0 128 1024 0 4 8 0 2 8192 536871936 0 0 4096 1024 536870912 0 0 0 32 8192 8192 64 0 0 0 2097152 0 0 268435968 0 0 0 0 0 0 0 2131968 0 2097152 0 136 0 0 0 0 0 0 16384 134217988 3221225472 67108896 536887296 0 0 128 1073741824 1049088 4096 0 536870912 3154 257 16384 4096 0 0 2097152 0 2147516418 0 33587200 4194304 32768 0 32768 2048 1051264 0 0 0 32768 2147483712 0 0 4 128 0 0 0 0 0 67108864 0 0 0 0 0 0 268435456 0 0 2048 0 0 8 4 0 16777216 4096 16777216 0 0 0 16778240 4194304 32769 32768 4096 0 0 0 0 2147483648 16908288 0 0 0 0 2048 0 0 536870912 8196 131072 0 0 0 16777216 1024 0 2097408 0 0 8396800 0 0 0 0 33619980 16384 0 0 0 1073872896 8388608 0 0 0 0 536870912 0 8388608 34816 0 4194304 544 0 262144 0 32768 0 0 67633152 1073741832 2147483648 0 0 524288 33554432 0 0 32 0 0 0 33554432 0 0 0 33554432 512 0 8388608 0 32768 131072 0 0 0 1048576 0 0 2147483776 0 4 8 0 33554432 0 1 8388608 8388608 4096 3782 0 134217728 0 0 0 0 134217728 0 0 16777216 2048 4096 2147483648 131072 0 0 0 0 32 0 65536 1 0 0 16797696 536870912 0 1073741824 0 65664 2147483648 0 0 0 0 0 264192 0 524288 268435456 131072 262144 0 0 0 524288 8 8388609 32800 512 8388608 1024 0 128 0 268435456 0 0 4610 0 0 268435456 0 0 0 288 0 0 0 0 0 2701131776 0 131136 0 20480 1024 0 268451840 0 0 0 0 134217728 131136 8388608 0 0 0 0 64 0 1048576 0 524288 0 0 536870912 8388608 67117056 1048576 268435456 16448 0 131072 0 0 0 0 0 0 0 0 0 0 131072 16777216 0 0 0 0 33570944 268501056 0 4 33554944 2147483648 8388608 0 0 8 262144 16 0 0 0 2048 1048576 1073741824 0 0 0 4096 4096 0 16 1073741824 0 8 278568 0 0 0 2097152 2 0 0 1048576 0 536870912 536887844 0 2147483648 0 0 0 134217728 4096 0 524288 0 285212672 33554432 0 0 268435456 0 0 1 0 0 2048 1073741824 524296 67108864 0 524288 0 268437504 0 0 393216 0 536870912 0 0 268697600 0 0 4194304 0 0 0 0 8388608 32769 4195328 0 4096 0 0 0 32768 32 128 268435456 0 0 0 163840 2148532224 0 4 0 536870912 0 0 0 0 128 0 16 570425344 16 131072 8388616 0 0 48 0 524288 0 0 0 256 0 0 0 8192 4 0 12 0 67108864 768 0 0 4096 0 0 256 0 0 16 33619968 0 4096 0 4 0 8454658 0 65536 0 0 0 8192 41943040 0 0 8192 0 1024 131072 2097156 0 0 0 0 0 268435456 256 0 64 256 0 0 65568 4 10 0 0 0 1048576 2148007985 6406145 3499622432 1152450584 16847232 0 0 0 16 49152 16896 0 0 0 0 268435456 134283776 0 16 4352 0 536870912 0 2097152 0 1048576 0 512 0 0 134217728 0 201345024 64 0 0 1048640 0 0 0 16 0 0 0 16384 64 0 0 1073741824 0 0 0 2113536 0 256 4096 54560137 34865152 714080512 159384836 2164301960 786432 0 0 0 0 65536 4194304 1 0 524288 0 37756928 0 16384 2 262144 524416 536870920 0 33554432 0 545259520 0 0 0 2147483648 0 4 16 0 0 64 0 0 0 0 1048576 268435456 0 0 2147483712 4096 4 1040 33554432 0 0 0 1048576 0 1048576 536870912 4325376 32 0 268435456 64 1 32768 0 0 2181038080 64 4 2 0 2685419520 2048 0 0 0 0 8192 0 0 0 4 0 0 524288 0 0 0 0 1073741824 0 32 0 0 142606352 0 0 0 16384 536870912 0 0 512 0 64 0 268435456 1024 524288 0 1048576 0 0 8192 0 4096 8912896 2048 67108864 0 32768 1 262144 0 0 4224 0 134217728 8388609 512 131072 0 0 0 0 16392 0 262144 0 0 2097152 0 0 0 0 2147483904 134217728 64 0 0 4 33554432 0 8 536870912 2048 67108864 1886782211 2 524353 419431425 100843584 272900 8448 0 4194306 2048 0 2097152 640 0 0 0 4 0 65536 0 4132 1049088 0 0 0 268435456 0 32 64 0 8192 8388608 18 0 0 0 0 67108864 0 0 33554944 0 0 16640 524288 0 67108864 16416 0 0 0 0 0 0 8388608 128 0 16384 0 64 2097152 64 2147483648 1048576 4096 0 524288 0 16777217 524290 0 0 0 262144 0 16777224 536870914 0 0 0 8388608 0 2176 4160 0 16384 0 16 16777216 0 0 150994944 0 0 0 0 0 0 0 4194304 0 1073741824 0 0 0 134217728 4 0 8388608 0 262144 134217728 8192 134742016 0 0 1050625 0 65536 4096 0 393216 0 131072 0 0 0 131072 8 0 1073741824 2 2048 0 16 0 8 0 1048576 2147483648 16777216 513 0 32768 4194304 0 0 0 0 32768 0 0 256 0 0 0 0 8192 0 8 0 0 128 134217728 0 4 0 0 0 2048 4194304 0 65536 2 0 2148532256 16777216 33554560 0 16 0 32 0 0 8192 0 4104 32 128 67108864 0 67108864 0 134217728 0 0 0 65536 1073872896 8388608 2147483648 33554432 0 524288 0 0 0 0 2105344 8192 0 0 0 0 0 134217728 0 262144 0 34816 0 32 0 4456448 2099200 0 0 16896 32784 8 0 134349312 0 8192 0 8388608 8192 0 0 0 0 0 16777216 0 0 0 268435456 262144 1073741824 32 64 4456448 0 2 0 0 2 100827136 2181201938 34963513 561216 33687580 2099201 513 4194304 0 0 262144 2097153 128 0 0 1024 0 0 0 0 0 0 33554944 33554432 0 536870930 0 0 0 0 0 0 536870936 4 0 1245184 8388608 524288 0 2097152 0 0 0 16777216 2048 0 131456 0 0 536870912 0 0 0 0 0 0 0 16777216 0 1024 2 0 33554432 0 1 0 524288 0 0 134221824 0 0 32 4194304 1032 0 0 0 0 8192 134217728 0 0 1024 64 264 0 67108864 0 0 134217736 0 0 0 266240 0 0 0 0 0 2151677984 524288 512 0 553648128 0 0 1024 268471296 71336000 16908320 2688618849 143722512 301062 138449408 806487296 134219784 302284899 176195600 4196480 16384 16384 4194304 513 0 0 536870912 2147483648 0 536870912 402653184 0 0 0 0 0 33554432 4096 0 10 8388608 512 0 512 65536 0 536870912 0 0 0 0 0 0 268435488 1049088 2 0 16777216 0 256 8388616 516 0 0 0 0 128 0 0 0 0 2 1024 268435456 1073741824 0 256 0 0 0 0 16 0 1073742848 1048576 262144 0 0 0 0 514 2097156 0 0 134217728 4 0 0 0 1048576 0 512 2097152 0 528384 0 16777216 0 0 64 2147483904 65536 0 0 2147483648 16777216 0 262144 128 0 0 4194312 150996036 805437440 2415921476 2315358792 167839760 772 0 16384 0 1 262160 21233696 0 0 0 8396816 67108864 67108864 0 0 4100 0 8 4096 0 0 2147483648 0 0 4 32 0 576 0 512 4096 536871040 0 0 2048 0 0 131072 256 0 0 0 536870912 516 0 512 0 0 1048640 0 512 0 2097152 0 65536 1073741824 0 67141632 0 288 33554448 0 0 0 0 0 16384 33554432 16384 0 2048 16 0 262144 0 0 134225920 0 34 0 0 0 0 41943040 0 131076 0 0 0 34078722 0 0 0 0 0 4 0 128 0 1 20480 0 0 2147484800 4194304 2048 4194304 0 0 0 128 0 520 0 0 1073741824 0 0 0 0 0 0 0 1073743880 640 0 0 0 2064 0 262144 1048608 0 0 0 0 128 0 0 16777216 0 1073741824 0 1 8192 1048576 1052672 0 0 0 0 64 0 0 0 536870912 16777216 4194308 4160 32768 0 0 0 16777216 0 4194304 0 536870912 0 0 0 0 0 16388 40 134217856 67125248 64 0 0 0 0 1048576 134217728 4096 524288 0 2147483648 16416 0 0 0 0 0 4096 512 8388608 134218752 2097152 1024 1048576 16777216 33554496 0 0 0 262144 524288 268435456 16 0 16 0 0 2048 0 8388608 16384 0 536870912 4 0 65536 0 0 0 65568 0 8388608 0 0 268435456 0 2 1082130432 0 4259840 0 0 0 32 131072 0 0 16777216 0 0 8388608 524288 2155872576 537231398 524321 1610614148 671089696 528896 8320 0 67108992 0 0 33554432 0 0 0 256 0 0 0 0 526336 0 0 0 0 0 0 0 1073741824 8192 24576 536870912 0 16777216 1026 147456 8388608 0 0 0 0 528 0 0 0 0 264 0 0 0 41943040 16 0 0 1024 134217728 8389632 268435456 131072 2097152 0 0 1 512 64 536870912 1024 67108864 0 0 0 128 0 0 0 0 2 32768 0 136314880 0 65664 4096 0 0 786432 32 64 0 524288 0 262144 0 131072 0 0 0 128 4 0 33562624 0 0 0 0 131072 0 1048576 16777216 0 0 65536 1 268435520 262144 0 0 0 33554432 0 67108864 0 67108864 2 0 0 262144 0 0 2147483648 536870912 0 0 0 0 268435456 50331648 256 278528 0 16 1024 2048 0 0 67108864 268435456 2048 0 0 0 512 536870912 0 16777216 0 786432 75497472 0 32 2147328 9113632 302186496 170148096 169150466 36866 2281771008 333840 319013170 532996 1073741834 81930 0 16384 0 0 1048576 32768 536870912 0 0 272630016 4194304 32768 134234112 16 0 0 0 1024 0 0 1048576 0 0 1 0 0 0 268435456 0 65664 16 0 0 1342177280 0 33554464 0 65536 0 0 0 0 0 16 0 142606336 0 2048 32 0 262400 0 0 0 16 0 0 0 0 537919488 0 524288 134217728 0 0 2052 0 65536 0 0 2 536870912 0 0 4 0 0 512 0 0 0 4 0 0 0 0 0 0 1064960 0 0 2147483648 16384 0 524296 0 0 16777216 20484 16777216 0 134221824 33554442 134219778 68191552 140064 2181320856 66187 268763138 4194304 2147631170 2152214560 144443392 2101252 2048 131072 4096 0 0 543162368 0 64 0 16 33554432 0 0 2 33554432 0 16777216 0 35651584 134217728 16777216 0 0 1 0 4096 4100 0 0 0 131072 0 2097152 131136 0 0 268697600 256 2048 0 2147483648 268435488 0 0 0 0 0 0 32768 0 1073741824 0 8 65600 0 268435456 0 0 67108928 0 0 49152 0 128 512 0 0 65536 0 0 32 0 0 4194304 0 16777280 0 0 16777216 8 0 2048 0 0 524288 2048 131072 65536 0 0 16777216 2 524416 4194304 0 1024 4 0 0 256
is_linear=0
shrinkage=0.1


Tree=5
num_leaves=63
num_cat=36
split_feature=34 34 7 32 7 33 36 5 7 9 9 34 9 9 9 9 5 34 7 6 9 9 9 9 9 9 34 9 9 9 39 6 36 29 9 9 32 5 9 34 34 36 32 9 9 35 6 9 34 9 32 35 9 9 29 29 7 9 33 36 29 34
split_gain=1203.03 174.65 83.4396 81.5847 69.6959 63.8449 63.2307 51.8737 44.692 38.0099 37.6345 35.952 37.8874 35.5234 33.4332 29.098 27.0596 26.805 23.7086 23.1649 32.4291 27.9704 22.9916 21.9681 21.6302 20.6972 19.902 31.1742 30.2579 19.6883 17.445 16.9469 16.3731 18.6867 18.3911 16.3626 16.2334 16.0156 17.4115 15.4636 15.2638 14.0099 19.0606 18.0634 15.8057 13.6056 13.2467 12.9385 12.7715 12.6224 12.5608 12.5179 12.4502 12.3943 11.9579 11.9319 11.5804 13.9383 14.3857 11.5025 12.7287 12.4616
threshold=119.50000000000001 46.500000000000007 0 6.5000000000000009 1 208.50000000000003 10.144892221180882 2 3 4 5 22.500000000000004 6 7 8 9 10 -1.0000000180025095e-35 11 12 13 14 15 16 17 18 12.500000000000002 19 20 21 5.5000000000000009 22 6.2021336965157206 1.5000000000000002 23 24 4.5000000000000009 25 26 -1.0000000180025095e-35 80.500000000000014 8.6167813149896038 3.5000000000000004 27 28 6.2697795575599713 29 30 73.500000000000014 31 2.5000000000000004 10.62442660550459 32 33 5.5000000000000009 34.500000000000007 34 35 460.50000000000006 9.4623128549303068 5.5000000000000009 51.500000000000007
decision_type=8 10 1 2 1 2 10 9 1 9 9 10 9 9 9 9 9 10 1 9 9 9 9 9 9 9 10 9 9 9 10 9 8 2 9 9 2 9 9 10 10 8 2 9 9 2 9 9 10 9 2 2 9 9 2 2 1 9 2 10 2 10
left_child=1 2 6 5 7 8 11 45 23 -9 -4 12 -1 -6 -5 -10 22 -14 24 20 -18 59 -11 -2 -17 -13 27 -12 -28 -8 35 -19 -30 34 -34 -22 -7 49 -39 -29 -32 44 54 -44 -40 -3 -24 -15 50 -27 -37 -51 -23 -48 -43 -52 -16 58 -58 60 -21 -62
right_child=3 4 10 14 13 36 29 9 15 16 26 25 17 47 56 18 19 31 -20 21 30 52 46 -25 -26 37 28 39 32 -31 40 -33 33 -35 -36 48 -38 38 41 -41 -42 42 43 -45 -46 -47 53 -49 -50 51 55 -53 -54 -55 -56 -57 57 -59 -60 -61 61 -63
leaf_value=-0.017389269497344758 -0.029193419528225479 0.18625254663895024 -0.018075014307597073 0.033291514337018352 0.02393977571770543 -0.053579364857024483 0.017784951093683058 -0.018244140867650263 -0.039615121760882249 -0.0024555320142982378 -0.0092064065047584766 -0.019752669825619899 -0.0029745364502295714 0.010235420929028934 -0.028223461552000506 0.0086444276170863973 -0.01453366869937868 0.08835947272089284 -0.031472535050763299 0.004553362950814854 0.0082786222114026465 -0.014749429478437584 0.069600790105660018 0.031970629340628359 -0.01964453226145577 -0.00702019636645629 -0.018511948812984336 0.0018982369740099963 -0.02170124383653781 0.10083633216612838 0.055998711383374047 0.032946812497231713 -0.045464306417555687 0.047579352135227876 0.040813412174373127 0.11335319181278734 -0.035701456694465998 -0.0057182374335824808 -0.027798049884287381 0.078813163022934174 0.30035335154430876 0.0209458506154016 0.06233308120964523 0.0022616055974553173 0.044732469492563001 0.37830956583910935 0.053717336471001437 -0.016433715670356574 0.041915145113194399 0.10246790884901313 0.069786664319275035 0.26159249247769129 0.010985926545321129 -0.02754391850945373 0.0944327943267423 -0.029250271242813725 0.056683296280424733 -0.017502192209922333 -0.0061196241231998537 0.07011244652772404 0.12082490478528113 0.035196624594627073
leaf_weight=52.580128443427384 75.369281265884638 7.1245174119248986 166.48326408327557 227.84525824221782 380.2290740031749 1295.6611734647304 51.131368258036673 200.12010587891564 1479.3564642394194 77.296891001518816 70.064157663844526 63.110309146577492 41.880140204215422 223.10944187152199 229.02957268140744 350.89483503787778 102.09615889238194 463.79289041599259 1375.5996979066404 148.9351875227876 116.62462271004915 243.53617710946128 302.3280866779387 189.57310150563717 1136.3785573563073 19.762502678669989 136.21044655516744 29.442647805437446 48.160020435228944 386.2412416220177 5.1621938610915077 109.40649552037939 41.808940340997651 427.61862437427044 37.448062295559794 60.502423983532935 835.35540049651172 104.88570893532597 52.858396175550297 232.95150259207003 5.0641444572247565 27.725391182815656 88.170087839942425 115.33994027948938 48.412626082776114 7.648269378580153 23.495357216335833 894.88614050135948 276.22729618451558 66.371954017318785 83.809422622900456 5.3416456077247849 725.99757182016037 33.936160283628851 109.97335114213638 14.230685100425033 71.332388135138899 176.78586233581882 74.634712433675304 76.473517397651449 18.284932054113597 241.06106999446638
leaf_count=2602 8740 279 8817 25115 22582 180619 2053 14700 170367 3230 3550 4118 5253 15022 23383 34051 7318 18596 146147 8378 7790 16627 12904 21371 137493 797 8160 3078 2995 14994 284 4096 2311 24075 2177 3471 105676 5799 2871 10371 293 1489 4623 6281 2753 300 975 64574 17192 2701 4953 184 46376 1440 5723 1088 7320 19007 9128 3742 1010 14127
internal_value=-0.0006715 0.0283468 0.0468489 -0.0287153 0.0153543 -0.0322588 0.0604026 0.0247046 -0.0256386 0.0233104 0.025549 0.0501659 0.0667786 -0.00208369 0.00191045 -0.0280338 0.0266235 0.0730684 -0.0219323 0.0217 0.037253 0.0143959 0.0494636 0.0141421 -0.0129571 0.0343648 0.0327497 0.0531749 0.0233999 0.0938393 0.0467568 0.0798992 0.0334169 0.0393131 -0.00528584 0.0451892 -0.0465713 0.0394034 0.0315362 0.0676062 0.177005 0.0402982 0.050903 0.0314614 0.00854736 0.170363 0.0603835 -0.011068 0.0536655 0.0787317 0.0775229 0.10033 0.00443691 0.00873638 0.0796363 0.0554113 -0.0114435 0.00095403 0.022996 0.0338222 0.0278533 0.0412338
internal_weight=14783.2 7265.35 2997.17 7517.82 4268.18 6738.19 1806.98 2769.95 4607.17 2755.18 1190.19 1369.61 667.66 1498.22 779.628 4342.23 2555.06 615.08 2862.87 2118.01 663.717 1454.29 437.056 264.942 1487.27 701.952 1023.7 332.458 691.246 437.373 561.621 573.199 555.036 506.876 79.257 551.394 2131.02 638.842 547.366 262.394 10.2263 442.48 341.209 203.51 101.271 14.7728 359.76 1118 434.77 91.4761 158.543 71.7136 969.534 57.4315 137.699 98.0401 551.783 322.753 145.967 484.755 408.281 259.346
internal_count=1307539 419122 150467 888417 268655 804464 84933 166477 518169 165898 65534 67886 30547 102178 83953 488058 151198 27945 317691 132649 42389 90260 18549 30111 171544 37339 56717 16999 39718 17047 35071 22692 31558 28563 4488 34494 286295 33221 29539 13449 577 23740 18116 10904 5624 579 15319 79596 26704 3682 9512 2885 63003 2415 7212 6041 58838 35455 16448 27257 23515 15137
cat_boundaries=0 1 2 3 4 10 16 22 28 34 40 41 42 43 49 55 61 67 73 79 85 91 97 98 104 110 111 117 123 129 130 136 141 147 153 154 160
cat_threshold=44 44 1024 40 1074795648 2484603144 2281702656 34086912 679643140 264964 18121345 1225820160 3288989888 136053760 71698436 1 1367705091 2718957569 33555936 4 9519138 8390660 3225436193 23134208 1176043520 1207967768 3238080640 36870 18496 1155265 304222234 2689662980 4235280 2097288 68612 281018369 2054 404029505 8456208 4229248 2758 4 2 2214855169 570824192 70516736 939790353 5242952 4759680 67633172 21299201 1109393505 3692036104 1073762568 4325377 2181038094 1208222720 557152 8 2147831936 66697 1024 293732416 2416068634 2281865284 65578 4370978 269131840 555778244 810287137 4849812 1073754176 288 2822771200 538116096 1212544 408159745 26263560 8912902 2453734434 33570883 169084929 35651912 2149064960 74752 1948254528 537661473 855638036 16777269 16778368 4334336 2168521225 134217728 109386048 2164261216 167976968 2097156 6 737284 2236416 9771048 1174634568 134226176 16512 413141058 1073807362 1107318802 2147516428 1107296256 2233345 1090 36175936 172228610 252183584 1140859152 2147493904 4268032 1149387920 18882560 277157888 35819528 134222848 51585 1073758356 16802881 6311936 27430984 167842052 34816 6 68681744 537413120 142907712 604569664 546357248 328960 32 312320 4198400 8552464 1073742848 574654466 134217728 538433546 16875586 2264997904 8388610 96 122880 30674944 1073742848 1073742080 16384 17 32788 805306368 84068 268993289 34865922 4477472
is_linear=0
shrinkage=0.1


Tree=6
num_leaves=63
num_cat=54
split_feature=1 8 2 5 2 2 6 7 7 2 31 2 7 2 2 2 2 2 2 2 2 2 7 2 2 9 9 2 2 2 9 33 2 9 29 2 2 2 9 33 2 2 2 2 2 9 2 29 2 28 2 2 9 2 2 9 2 2 2 9 33 33
split_gain=802.798 183.62 119.62 91.9792 86.0599 77.8461 65.0991 89.9731 89.2157 64.7416 66.8475 63.9626 60.1408 55.6586 55.4066 54.9611 45.7519 45.4128 43.3048 42.7157 40.3447 39.8845 39.1829 48.3844 43.7419 35.8644 35.7952 35.1116 33.2566 29.1651 28.6142 27.7575 40.9653 27.4816 26.7818 51.152 37.1989 32.4646 33.2683 26.6954 37.4708 31.465 26.5802 26.4311 25.6594 25.4707 24.8721 24.8079 24.7597 24.5429 44.4077 37.0654 32.4955 22.3908 21.9243 21.2392 37.3296 30.3553 22.0838 20.8744 20.4502 20.4306
threshold=0 1 2 3 4 5 6 7 8 9 84.500000000000014 10 11 12 13 14 15 16 17 18 19 20 21 22 23 24 25 26 27 28 29 95.500000000000014 30 31 4.5000000000000009 32 33 34 35 273.50000000000006 36 37 38 39 40 41 42 4.5000000000000009 43 3.5000000000000004 44 45 46 47 48 49 50 51 52 53 112.50000000000001 110.50000000000001
decision_type=1 1 9 9 9 9 9 1 1 9 2 9 1 9 9 9 9 9 9 9 9 9 1 9 9 9 9 9 9 9 9 2 9 9 2 9 9 9 9 2 9 9 9 9 9 9 9 2 9 2 9 9 9 9 9 9 9 9 9 9 2 2
left_child=1 18 -3 13 -5 26 8 9 -6 -8 20 -10 17 -2 -15 -14 -9 -7 -1 -12 -11 -13 24 -24 -16 -25 -4 -17 -27 -21 -23 32 -26 54 35 -31 -36 -37 -39 40 -20 -41 -35 -29 -32 -38 -46 -30 -42 50 -22 -51 -53 -54 -19 57 59 -45 -58 -57 -49 -40
right_child=3 2 5 4 6 12 7 16 11 10 19 21 15 14 22 27 -18 33 39 29 49 30 23 25 31 28 -28 43 47 34 44 -33 -34 42 36 37 45 38 61 41 48 -43 -44 55 46 -47 -48 60 -50 51 -52 52 53 -55 -56 56 58 -59 -60 -61 -62 -63
leaf_value=-0.037438157457920528 -0.037436968770566049 -0.046434201319228041 -0.0059968320825259424 -0.027666556648000468 0.15004368127057802 0.09651373312844215 -0.025191757885356748 0.065401218070120157 -0.037487435492511732 -0.028870502352287844 -0.043486848034078047 -0.024949337959059001 0.051109341153264966 -0.012876457858940399 -0.023625403842380609 0.030690672749236342 -0.034153248384285177 -0.045642195521933132 0.097247828748353859 -0.010791680920875015 0.082003061551100015 -0.0160929108116988 -0.042616724933347574 0.0013196190101275294 -0.020319747929419599 -0.021792981791532995 0.089315203950641034 -0.037674873783622935 0.037257305486562968 0.13025945682112058 -0.018929984710292655 0.12891518618753803 0.08859713146064907 0.074929838484322386 -0.0098146902741076004 -0.059725245103745807 0.0093791119304683715 -0.032700573040655725 0.03924012101585625 -0.03922019260228006 -0.050978604625937757 0.064914564574959033 -0.023782142696167102 0.039451553703398479 -0.0040640967216319206 0.088935234809233404 0.063760750122883333 0.1009098546593224 0.01676845731202041 -0.04196252328537118 -0.013043321884498561 -0.015317373360578205 -0.026812760751997268 0.048381480967398451 0.064828375894697518 -0.013788873620025685 -0.037784977376984698 -0.030173589322681455 -0.011892043327298096 0.064154741604794868 0.21099659942915824 0.13122786117717347
leaf_weight=90.384407777804881 60.407411849591881 1857.6465407817159 71.129744158824906 321.77949107857421 68.584697446320206 51.721628681989387 232.07311951369047 43.295752498786896 98.707723750267178 168.94379409309477 42.468927554320544 74.299528025090694 92.824191038962454 100.54890278866515 37.328539737965912 111.64407474012114 407.8256576997228 17.092902247328311 41.562170769553632 66.913353465497494 47.533305569086224 62.205870545469224 56.038531584665179 102.04805320454761 40.833614808972925 32.602224688045681 89.945862818742171 1213.9907069200417 56.597115699201822 36.387569162063301 45.74625132791698 155.44036373263225 348.61973343789577 20.999235340859741 55.839337578974664 40.156995874363929 59.524654602166265 54.045155035331845 106.85418611159548 29.040735396323726 54.772412472171709 284.38655140262563 246.74940239975695 58.079831953393295 65.369957424234599 459.33401496801525 816.76253630965948 135.28502741735429 317.99036733061075 58.494665505830199 327.71545608853921 105.39979770733044 39.732418558094651 693.99874869408086 88.175618427339941 54.37976766936481 412.00797065999359 2012.0044554427732 1691.2890201361151 85.031692648306489 19.279102940112352 31.193045214749873
leaf_count=6284 2869 250836 4170 19157 2841 4075 13070 2108 4805 9676 1915 3708 6902 4303 1501 8146 19993 1787 2592 2835 2360 3162 2424 4227 1868 1389 5977 146956 2333 1399 2418 4715 13484 2251 2387 1865 2936 2260 4420 1472 4097 17804 27973 4764 3190 19067 39290 6039 27685 2984 17221 6158 1940 35316 10329 4753 43191 239523 203212 7122 586 869
internal_value=-0.000926611 -0.0196119 -0.0241181 0.028164 0.0217288 -0.0174926 0.0254726 0.0175607 0.0449426 0.0246556 0.0295713 0.0375188 -0.0193184 0.0535347 0.058897 -0.0220194 -0.0233875 0.0167956 0.0253977 0.0502492 0.016113 0.0447588 0.0662863 0.0394152 0.083854 0.0535326 0.0493359 -0.0233116 0.0744774 0.0545016 0.0501872 0.0915101 0.0789305 0.00351082 0.059748 0.0343915 0.0726403 0.0131947 0.0306397 0.0336034 0.0174071 0.0560857 -0.0136212 -0.024456 0.0547549 0.0801583 0.0587454 0.0896544 0.00574216 0.0221364 0.000834049 0.0312883 0.0364601 0.0440039 0.0444873 -0.0206565 -0.0137472 -0.0280399 -0.0171189 0.0348635 0.114641 0.0559711
internal_weight=14769.1 8992.85 8174.71 5776.21 4631.19 6317.07 4309.41 3077.73 1231.68 2626.61 2394.54 1163.09 6155.99 1145.03 1084.62 5731.25 451.121 424.739 818.137 952.717 1441.82 1064.38 984.072 401.85 582.222 345.812 161.076 5638.43 243.763 910.248 990.085 544.894 389.453 373.017 843.335 268.637 574.698 232.249 192.092 727.752 414.325 313.427 267.749 5526.78 927.879 518.859 882.132 211.161 372.763 1272.87 375.249 897.626 839.131 733.731 105.269 4312.79 2242.71 2070.08 2103.3 139.411 154.564 138.047
internal_count=1306989 1031901 971967 275088 229350 721131 210193 150779 59414 128678 115608 56573 710984 45738 42869 664569 22101 46415 59934 39953 75655 51768 38566 16998 21568 14574 10147 657667 10347 38038 48060 20067 15352 42340 35203 10813 24390 9414 7549 53650 34374 19276 30224 649521 44898 22003 42480 8958 31782 65979 19581 46398 43414 37256 12116 502565 258278 244287 246403 11875 6625 5289
cat_boundaries=0 1 2 52 53 105 157 158 159 160 210 261 262 311 361 411 463 513 562 614 665 717 718 769 821 827 833 884 936 986 992 1042 1048 1099 1145 1196 1202 1251 1303 1355 1407 1459 1465 1514 1564 1616 1666 1672 1720 1771 1777 1829 1873 1921 1927
cat_threshold=1 1 0 0 0 4096 0 584 0 32768 65536 0 2147549184 100663360 0 2 0 1048576 2164260864 0 0 0 8 536870912 8256 0 4 0 2097152 16384 0 0 128 524288 0 0 0 0 0 16384 134217728 0 0 128 1024 0 0 8 0 2 0 536871936 3658 2097152 131072 0 4608 0 512 0 4096 0 268443648 100671488 0 0 0 4456448 0 0 0 0 0 131072 0 8196 33554432 0 0 2052 134217728 0 0 128 0 0 0 0 0 0 0 0 3221225728 0 536871040 4194304 512 2 0 0 4096 0 536870912 0 16777216 0 0 1048576 0 0 8192 589824 0 0 0 0 0 0 67108864 0 33554432 0 0 32 0 65600 8 0 16384 0 0 512 0 32 0 65536 512 0 0 16777216 2048 0 0 671744 0 0 4096 32 75497472 1073741824 33554432 17301504 9437184 0 0 1024 32 2 28 40 33024 0 67112960 0 0 0 0 256 32 0 268468256 4608 0 0 0 0 0 4352 65536 536870912 2147483648 0 536870912 8192 0 0 538968064 0 1024 0 0 0 134217728 1073741824 0 0 0 256 0 16384 0 0 0 537526272 134217732 0 0 32 0 1024 512 134217728 1048576 0 268435456 536870916 0 0 0 0 0 0 0 0 0 524288 0 0 0 0 65536 0 0 8388608 0 0 64 16392 144 131072 0 67108864 32768 131072 0 32800 0 16448 20 0 536870912 0 0 40 0 2 0 0 512 8388608 8388608 40 1 16384 134217728 0 0 0 0 2147483648 0 34816 0 0 0 0 0 2048 0 4096 0 32768 2155872353 10 0 0 128 0 0 0 0 0 128 16 32768 0 0 0 262144 2147483648 71303168 64 2048 0 0 0 0 10 536870912 0 16785408 0 0 1048576 0 0 16384 0 33554944 0 0 134217728 4096 0 0 4194336 0 16777216 0 0 16 0 0 0 0 0 0 0 16777480 0 16384 0 128 0 96 0 1048592 0 2 16 0 0 64 134348804 537395208 0 0 0 268288 0 536870912 0 512 1073872896 262144 64 0 0 16777216 0 1048640 0 0 0 0 16809984 16777216 16 0 1024 33554432 0 4194304 0 0 65538 0 4 0 0 512 64 0 1048576 0 0 0 0 0 1073741824 33554432 0 131072 0 524288 0 0 8 16392 786432 8 525056 0 0 0 0 0 0 0 8388640 0 4194336 0 0 4 4096 0 33554432 0 0 1342177280 65536 0 0 0 0 0 0 16384 536871040 0 16 0 0 134348800 0 0 1077936128 2147483648 262160 16384 0 0 16388 0 0 0 0 0 0 0 8425472 1024 0 0 0 2049 0 16384 0 0 536870912 0 0 0 2147483648 0 6148 0 0 16 0 0 0 32 0 0 18874368 536870912 0 4096 2097152 1064960 16 0 4096 0 8388608 528 0 134217728 0 0 0 268435456 0 0 41943172 8388608 0 0 68157440 134217728 512 512 0 0 0 32 0 0 32 0 4194304 65536 4096 0 2048 2097152 33554432 4096 536870912 0 2147483648 0 64 1 0 0 10485760 1 0 0 8388681 0 0 64 0 0 0 16384 65536 8388608 0 262144 0 16785408 0 2097152 0 2097152 67108864 524289 0 0 262144 0 0 513 2 0 1048576 0 0 0 131088 4 0 16 16777216 2097152 0 0 0 512 0 8192 0 16 67108864 0 0 0 1048592 0 2048 0 1073742336 0 524288 0 512 0 16384 0 2048 0 134217728 536870912 65536 0 1048576 0 2 0 0 4194304 16 0 0 536870912 0 4194304 256 4194304 4 0 2 4096 1048576 50331648 0 0 0 0 0 0 268435456 0 545260544 0 0 0 0 2097156 0 0 33554432 0 0 1073741824 1114112 536870912 0 0 0 1024 65536 0 1124073480 0 0 0 256 134217728 0 1073741952 4194304 0 538968080 0 536870912 2 524288 0 0 16384 0 2 4224 0 0 16 0 32776 1 8192 0 0 0 0 4096 100663296 0 0 16 134217744 0 0 0 0 0 268435456 0 8388608 0 33554432 0 0 0 0 0 0 8192 1048576 32 1024 4 0 4194816 0 16777216 0 18874368 128 0 0 0 4194304 32784 2147483648 0 2048 0 0 0 512 134217728 0 0 0 0 16777216 32 24 48 0 0 4 134217728 0 0 262144 0 138412032 0 4 0 4224 0 0 65536 0 33554432 0 16384 8388608 0 134217728 512 0 0 0 0 4194336 0 36866 262144 0 0 671088640 0 0 262400 524288 0 0 2048 0 0 0 64 0 20480 1024 2097152 0 136318992 262144 0 0 0 0 0 1073741824 0 69632 0 3221225472 8192 0 0 0 0 0 1048576 0 67108864 0 0 16777216 2181040192 21004306 4194561 1127809808 37749000 4260352 9486336 16777344 4404 2584019241 176228368 4489728 0 16384 0 0 151060480 0 276825088 1 0 2147483648 0 0 1048576 1 0 2 0 0 0 134217728 131072 0 0 4194304 2147483648 0 0 16 0 4718720 2097152 0 65536 0 2 536870912 1073741824 0 0 256 536870912 0 32768 16 0 0 0 262144 1024 0 256 0 0 0 32 0 536870912 0 33024 4194304 0 0 64 0 16 0 540672 0 0 0 536870912 0 0 4 4 0 0 16448 33554432 512 67108864 0 0 8192 0 4194304 32 131072 1048640 536870912 256 2147483648 0 17408 0 0 0 0 524288 0 0 0 6 0 0 0 16777220 0 16384 0 8192 0 0 0 256 2147483648 32768 0 0 0 0 0 2147483648 0 32768 0 0 0 0 0 0 0 393216 64 0 0 8208 1 0 134250496 0 168296704 64 16 2 4 0 8389120 0 1048576 540674 0 8 1032 3800303616 1050048 2566915072 163848 69 0 1073741824 4198400 16 524288 1 0 0 0 33554432 268500992 64 0 0 0 32 33554432 0 0 805306368 553680896 0 131072 0 0 0 536872960 1073758208 0 131072 2097152 0 0 0 8388608 0 1073741824 16384 2048 0 4096 0 0 32 0 0 0 0 0 8388608 16404 65697 136321042 103088904 138412112 8916992 0 1073758336 0 0 262144 17039364 0 2147483648 524288 0 524352 0 65536 1 133248 1048576 0 128 4194304 1342177280 0 0 0 0 0 0 262208 0 536870912 0 536870916 0 0 0 2 16 0 134217792 0 0 0 0 0 0 0 0 0 0 0 0 1024 33554432 0 0 0 0 17039360 134217728 2147483648 786432 524288 64 32768 32768 0 133120 0 0 0 37748992 0 0 0 0 4 0 4096 16384 1 16 128 0 0 0 0 1048576 0 0 33554440 0 8388608 4 131072 134217728 8192 0 33554432 512 512 0 16 16 2097152 0 0 0 0 4194304 0 268435456 0 4096 4196384 536936968 0 0 0 25165824 0 0 0 0 8388608 0 2056 512 0 2097152 0 0 131072 262144 0 0 0 536870932 0 0 0 0 0 0 0 0 0 83918848 8388608 134217728 3221520452 41944066 3222798368 2283287812 276 4293632 2048 4194304 1048576 0 0 32768 0 0 0 16 268435456 0 0 0 524292 16777376 2048 0 0 0 8 0 134217728 0 0 1073742336 0 2048 0 32 0 0 0 0 0 2064 8388608 134217792 16384 256 264 0 32 0 0 0 16777220 1 16777216 0 16384 0 0 0 0 0 32768 0 128 0 0 0 16 32768 1049088 2048 0 65536 0 0 0 4 0 128 8388616 0 16 136314888 0 256 0 2623488 1073741856 33554432 0 25165824 4096 0 256 0 268435456 1024 0 8388608 0 0 0 0 0 0 8388608 0 49152 0 0 0 0 2147483648 0 0 0 0 0 268435456 133120 8388608 0 0 0 0 256 256 0 67108864 0 16512 0 0 0 8 8 1 0 524800 0 4 2 0 65536 0 0 2 262144 2147483648 537067520 0 1073741824 0 4096 8448 0 524288 8192 538968065 138543104 32 0 0 33554432 1 0 0 0 301989888 0 4 2048 0 2684354560 2048 0 0 0 0 0 0 0 8192 0 0 0 0 0 0 32768 0 1073741824 8388608 32 8650752 256 262144 0 0 0 0 0 4 0 576 0 8396800 0 268435456 1024 0 0 0 0 0 0 0 512 0 16384 524288 0 0 0 131076 0 536870912 0 6291456 16777232 16777216 0 0 0 268451840 268435456 268435456 0 262208 67108864 67108864 0 8192 134217728 512 0 2101248 16777218 0 0 0 0 134217728 0 0 1073741824 0 0 16777216 1024 0 4 129 134348818 67108896 2298491392 102121616 2114053 0 0 0 64 524288 17047568 0 0 0 0 0 8 0 67108868 0 32 0 0 0 2684354561 536870914 512 512 0 0 0 262144 2048 67108866 0 64 0 0 268443648 0 4 0 0 0 0 384 262208 2147483648 0 134217728 0 0 0 67108864 0 0 0 0 64 0 0 0 0 0 0 0 16384 0 131072 0 536870912 0 512 256 0 0 1073742336 512 0 0 34832 67108864 0 0 132 0 16 0 2 131072 0 256 0 33619968 0 536870912 0 536871041 4194432 33554440 128 0 8192 536870912 0 0 1024 16777216 0 4194304 134217728 0 0 16 2052 272 0 131072 4 32 0 0 0 0 0 0 0 0 32 0 0 128 67108864 147456 0 67633152 0 16 0 32 0 2147500032 0 0 6144 262144 0 0 0 2 0 16384 8421376 0 262144 1024 512 32 0 32772 262144 4194304 0 0 0 49168 524288 0 0 0 0 32 0 0 512 1073741824 0 8192 0 65536 16384 0 8192 32 268435456 0 0 67108928 0 8519680 8388608 0 0 0 0 0 2116 0 131072 0 0 0 0 0 40960 32 4211842 704806992 295936 45632 34637844 2101316 0 0 65536 0 0 4 0 0 0 4195328 0 536870920 0 1 0 0 8389632 33554432 33554432 2164260864 8388608 0 131072 0 65540 0 0 268435456 262208 0 0 0 0 67117056 0 1048576 134217736 2147500032 67108864 65536 0 0 0 0 0 32 512 16384 2097152 134218240 128 262144 32768 0 1 0 0 268435456 8192 0 32 16908288 0 0 512 0 0 17039360 0 0 1073741824 10 16384 0 0 0 4096 0 0 0 0 0 0 0 131072 65536 536870912 0 0 0 2147614720 536936448 0 0 0 0 2097218 0 4096 2164736 276963328 22534 137400417 176228354 12584966 16648 0 16384 0 8388864 0 0 0 0 16777473 524288 0 0 0 133120 0 0 0 2097152 0 0 0 536870912 0 32768 0 1048578 0 1024 262144 4 0 128 0 512 1048576 2097152 0 0 8388608 0 33554432 2147483648 0 75497472 256 0 0 0 0 4 2097152 512 0 65536 134217728 128 0 0 6 0 0 0 536870912 20480 0 262400 0 67108864 0 0 516 0 134218240 2097152 0 0 524288 16777280 268435456 0 0 131088 262144 268435456 0 0 0 0 4194304 0 1073741824 24 4 2 131072 0 0 0 2048 272662528 4194336 536870912 0 0 524288 0 0 0 0 0 16384 0 0 33554432 2 2 0 0 0 0 0 16 65536 528384 67127296 0 134217728 0 0 0 0 131072 268435456 8388624 0 4 268435456 16384 536870944 0 1073741840 0 65536 135299456 528448 2552430848 50348040 537395544 2248712
is_linear=0
shrinkage=0.1


Tree=7
num_leaves=63
num_cat=52
split_feature=34 2 34 2 2 36 2 5 2 2 7 2 2 9 2 2 6 2 9 2 2 9 9 2 2 2 2 7 2 2 2 9 2 2 2 2 9 34 34 2 2 9 2 25 7 2 2 2 9 36 2 9 32 28 2 9 2 2 28 9 34 2
split_gain=788.568 105.721 96.8989 85.132 73.4563 61.9021 72.2929 53.2952 49.9852 49.0134 47.7128 57.9962 49.7353 41.7035 49.1008 44.6268 38.3995 48.9022 37.1538 49.5226 36.5772 36.2921 33.7906 30.992 30.854 30.034 29.6295 28.2227 45.2061 34.7294 26.4897 26.4416 25.9195 25.7029 24.7619 24.4404 21.6764 21.6576 27.5823 53.3818 33.1929 27.2833 22.2956 21.6048 21.4717 27.1529 25.9413 21.3258 20.8069 20.7239 20.004 19.88 19.401 19.8025 19.492 19.2689 22.3749 19.1786 18.7444 18.4401 17.6596 36.4773
threshold=112.50000000000001 0 24.500000000000004 1 2 9.4123043712898014 3 4 5 6 7 8 9 10 11 12 13 14 15 16 17 18 19 20 21 22 23 24 25 26 27 28 29 30 31 32 33 -1.0000000180025095e-35 6.5000000000000009 34 35 36 37 38 39 40 41 42 43 4.5301609121047965 44 45 8.5000000000000018 1.0000000180025095e-35 46 47 48 49 1.0000000180025095e-35 50 53.500000000000007 51
decision_type=8 9 10 9 9 10 9 9 9 9 1 9 9 9 9 9 9 9 9 9 9 9 9 9 9 9 9 1 9 9 9 9 9 9 9 9 9 10 10 9 9 9 9 9 1 9 9 9 9 8 9 9 2 2 9 9 9 9 2 9 10 9
left_child=2 51 8 31 21 7 -7 -6 -1 -9 11 48 36 14 -13 -15 17 -10 19 -11 -20 -4 -18 -8 -21 -22 -25 29 -29 -27 -16 -3 -26 -14 -17 -19 -12 -37 40 -40 -39 -41 -43 -28 45 -36 59 -24 -5 -44 -30 -2 53 -45 -55 56 -52 -31 -51 -46 61 -59
right_child=1 3 4 10 5 6 23 9 16 18 12 13 33 15 30 34 22 35 20 24 25 -23 47 26 32 27 43 28 50 57 -32 -33 -34 -35 44 37 -38 38 39 41 -42 42 49 52 46 -47 -48 -49 -50 58 55 -53 -54 54 -56 -57 -58 60 -60 -61 -62 -63
leaf_value=-0.037206634882901927 0.0092563174567774596 -0.01271668346752006 -0.012983622449219315 -0.012430011321259933 0.085861713878288129 -0.045317311794452843 -0.03154654093447129 -0.029264773517543287 -0.025775888145565647 -0.033076374936493742 -0.02446395250775011 -0.043422172960468061 0.034473131291341087 0.045634307620928363 -0.036344998653332364 0.032692861872534361 0.057562007695608201 0.097702001813491202 0.048138004413587537 -0.035611005099796776 -0.030058490211513574 0.076471102379727138 0.061334139212788366 -0.014933406919226934 -0.021056275759856555 -0.032954939832351003 -0.01523236780863324 0.065788650371724086 0.045388624722659116 -0.036242279215215965 0.043426545015044414 0.071980865142667869 0.046360553461363918 -0.03358514612914406 0.070315215489633376 -0.0044259742632696639 0.076984420282212349 -0.021140894011780445 -0.035930270631520225 -0.0042154314363824818 0.093620096304620481 -0.01424901264565699 -0.0077945536755093109 -0.0063493619201722713 -0.023085439885370818 -0.01027075193886671 -0.028748272980949747 -0.022307018456310973 0.069114190199603714 0.012145541336334952 -0.05636578885215815 -0.046719505543614905 0.15199524156262237 -0.016655913358400245 0.063201565299810983 -0.02853462667676859 0.045020075663612075 -0.046420585847265244 0.075733375033733064 0.067253494862843821 0.012602888307538449 0.047910498987248654
leaf_weight=70.080467405496165 69.629711871151812 52.410105029121041 57.548385861562565 44.618151632603258 75.714071396738291 95.242546875029802 48.636868428904563 347.95528872439172 72.205888363765553 114.81746563129127 29.535571944201365 102.97084764833562 51.490449108649045 95.847695459146053 42.673639677464962 75.693195700412616 104.94607409485616 161.43156684236601 161.94534178054892 51.826627043774351 276.14749928514357 278.2533156145364 26.472959053236991 70.236111115198582 60.769984634127468 140.93648805096745 45.081416039029136 61.212491377256811 38.693931537680328 54.458830242976546 298.42052368668374 133.28919804957695 698.10493828635663 2307.8833694237983 39.752554216771387 63.265255464939401 55.75619731657207 30.69259456708096 68.66454622335732 79.092960366047919 241.98149213893339 40.422797191422433 35.736096172127873 48.12369053484872 35.956752635538578 252.81187082803808 2039.8860836439999 185.84825151972473 113.73620521998964 50.488342300988734 20.863073101034388 1691.1677748758812 21.525312025099993 34.244392508408055 666.63921250635758 602.44917250075378 72.926172003149986 40.23939067707397 566.66632903413847 42.659479796886444 838.21790267096367 352.85072569211479
leaf_count=3297 10368 3392 2764 3600 2935 4757 2572 24858 3993 5868 2243 10102 5003 8462 3442 6850 3941 5668 8871 3337 16846 12522 1078 3690 2875 7960 2213 3756 2351 3541 27514 8065 37520 265112 3589 6885 4562 1091 2855 3292 8008 2037 1664 2237 4103 30504 270378 8352 8246 1944 1367 235515 1513 1935 32836 43938 5594 2143 23142 4200 54323 19447
internal_value=-0.000523296 -0.0230227 0.0232386 -0.0164253 0.0165171 0.0133913 0.0352885 0.00780189 0.0433346 0.00606605 -0.0186542 -0.0105077 -0.0291818 -0.0136483 0.0144776 -0.0185216 0.0465472 0.0537855 0.00956565 0.0267314 0.00351738 0.0612086 0.0137037 0.043523 0.0355017 0.000445446 0.0479508 0.00435264 -0.0106521 0.0127416 0.0326955 0.0486483 0.0407582 -0.0319606 -0.0211672 0.058237 0.0429733 0.0520467 0.0557219 0.0467615 0.0833605 0.0538801 0.0604734 0.0534813 -0.0229861 0.00264104 -0.026521 -0.00958862 0.0467646 0.0652449 -0.0178166 -0.0444662 0.0576451 0.0557033 0.0599639 -0.0219222 0.0192093 0.0179662 0.0705314 0.0279926 0.0206364 0.038292
internal_weight=14749.8 7576.19 7173.66 5815.39 5375.66 5039.86 1029.73 4010.13 1798 3934.42 5629.69 3185.03 2444.67 3026.67 444.065 2582.61 1727.92 1410.65 3586.46 925.519 2660.94 335.802 317.267 934.487 810.702 2499 885.85 2222.85 796.145 1426.7 341.094 185.699 758.875 2359.37 2486.76 1338.44 85.2918 1177.01 1113.75 841.071 272.674 772.407 693.314 815.614 2411.07 292.564 2118.5 212.321 158.354 652.891 734.932 1760.8 770.533 749.007 700.884 696.238 93.7892 1285.77 617.155 78.6162 1231.31 393.09
internal_count=1307066 915250 391816 669367 314569 299283 51753 247530 77247 244595 657910 380990 276920 369144 41058 328086 73950 60579 219737 49600 170137 15286 13371 46996 43732 161266 44424 144420 57006 87414 30956 11457 40395 270115 319624 56586 6805 50918 44033 34934 9099 32079 28787 40734 312774 34093 278681 9430 11846 26750 53250 245883 38521 37008 34771 50899 6961 79454 25086 8303 75913 21590
cat_boundaries=0 50 101 153 203 204 256 302 303 352 403 409 461 512 513 563 569 621 672 678 684 736 787 835 886 887 939 991 1043 1049 1099 1151 1202 1253 1259 1311 1360 1366 1418 1419 1420 1472 1524 1570 1576 1627 1633 1684 1690 1741 1789 1795 1846
cat_threshold=2097152 0 0 4096 0 584 0 0 65536 0 65536 100667392 0 2 0 0 2147483648 0 0 0 8 536870912 8256 0 4 0 0 16384 0 0 4194432 134742016 0 1073741824 0 0 0 16384 134217728 0 0 128 0 0 0 8 576 0 8192 536871936 0 0 1048576 0 0 0 8388608 0 0 1 0 8454144 0 67239936 0 16777216 0 32768 1056 128 64 134217728 0 16384 0 0 512 1048584 0 0 65536 0 0 0 0 1048576 0 0 131072 16384 4096 4096 2415919104 0 0 524304 0 9437184 2 0 131072 268435456 0 0 32 134217728 4 524288 256 16 0 0 536871424 0 0 0 16384 64 0 0 0 65536 1 0 0 4096 0 64 33619968 0 0 0 0 0 0 524288 512 264192 136314880 0 0 536870912 0 16384 0 0 524288 8 0 32800 0 8389632 2 0 0 4194304 512 524288 0 0 0 524288 0 67633152 1073774592 0 0 0 0 33554432 0 0 32 0 0 0 0 0 8389632 536872968 0 512 0 8388608 0 0 0 8388608 0 131072 1048576 4 1073741832 2147483648 0 2151677952 196616 128 0 0 0 8388608 512 1664 2048 8388608 0 16778256 0 16384 134217728 4096 0 0 0 0 2147483648 0 0 0 268435456 33554432 0 0 0 0 0 0 0 134217728 516 0 1024 67108992 264 0 32768 8388608 0 0 134217728 268435456 0 0 0 0 131072 1073741824 514 0 1073741824 4096 2 0 0 8389632 1 0 0 4096 0 512 0 4096 32 33554432 272629760 64 0 16777216 0 0 536870914 0 512 256 8388608 0 0 0 0 0 0 16384 0 131072 4 0 0 0 4194816 0 0 16384 134217984 3221225472 32 536887296 0 536870944 128 2 44 16384 0 0 0 8388608 4194304 0 0 0 0 0 0 4096 0 0 0 0 0 0 0 196608 4194304 0 4194304 136347648 256 64 16 0 8 16 0 4096 2147483648 16777728 0 4194304 135266304 0 0 256 0 0 524288 8388608 8388864 8 262144 67109888 1024 268436480 65536 262272 134217728 8192 65536 0 536870912 269484096 1 0 0 0 786432 0 0 0 0 0 0 8 4 268435456 0 0 0 4096 8 524544 0 64 0 16 8192 0 0 0 0 64 16 0 0 67108864 2097152 0 0 0 0 0 524544 1343242753 536903712 234881129 1074397196 1124098176 17704 0 138412032 0 0 0 0 0 33024 0 0 2181038080 0 0 0 2048 0 0 0 0 2 2147483648 8704 0 8 0 0 2097168 0 528384 0 8388608 0 0 64 8192 131586 0 0 0 0 8 16384 17408 1610612736 132 0 0 2 0 0 0 134217728 512 0 0 134218240 256 0 0 0 0 524288 0 0 1048576 0 16908288 0 0 512 67108864 0 0 0 0 4104 16384 0 16 33554432 134217728 0 8388608 0 0 0 2048 536870912 1073743872 4 65536 0 0 32768 0 128 33554432 0 16778368 524288 0 4194304 32 6 0 0 0 0 537919488 4194304 268435456 0 0 128 0 0 0 0 4194304 0 0 0 0 128 0 134217728 8192 0 2147491872 8 2048 0 2097154 131072 0 0 0 10240 0 0 0 524300 33554432 0 0 32 48 8 0 2097152 1048576 4 32768 536870912 2148139060 6406145 2156658976 75571224 5316608 13313 0 0 5120 16 557072 0 0 0 0 1073743872 33562624 0 0 0 0 0 0 0 268435456 536870912 0 0 8192 0 65536 134221824 2097152 0 524288 32 0 0 0 0 0 1048592 0 0 536870912 64 256 0 0 655360 0 0 0 268439552 0 1048576 1048576 1024 0 134217728 0 131088 0 0 0 2 4194304 0 2080 4096 0 16 0 16777216 0 0 8388864 2 0 4194304 201326592 16 0 0 0 1342177280 134746624 128 0 0 1073741824 0 0 0 8388608 0 524288 0 0 1048576 0 0 0 0 16777216 262144 0 512 262144 151028746 2285994048 2216787970 872419392 4390924 2163208 336087072 296960 3503558658 3221795868 6400 4 0 0 0 0 536870912 16 512 0 0 0 0 4104 0 294928 4194304 2623520 8 16 0 0 0 0 134217728 268435456 2097152 0 0 524288 0 0 16384 0 32784 268443648 0 0 0 0 16 0 0 0 4 1 37748738 0 0 2048 0 0 0 8192 33554432 1024 2097152 2147483649 0 0 536870912 0 0 0 4 1073807360 0 0 258 536870912 8388608 0 0 2 536870912 67108864 0 268435456 0 0 0 0 0 1048576 8 524288 0 0 0 0 0 260 0 65536 4097 0 0 33554432 4 1073741824 512 0 1048576 0 16384 0 16384 4194304 0 268435456 262144 128 33554944 0 0 0 0 0 2 0 2097152 33620480 33554432 0 0 0 536870944 0 1 8192 0 536872960 2080 67108864 0 2097152 0 134217728 0 0 0 131072 2147483648 131072 8388864 2048 0 0 128 0 0 0 16384 32768 1073741824 0 0 33554432 268468224 0 0 0 0 0 134217728 2281701376 0 0 0 0 0 0 2147483672 536870912 8192 0 8388612 0 0 516 268435456 0 0 64 16 524290 131136 0 0 134217728 16384 0 262144 0 0 0 0 0 134217728 0 0 2 536870912 262144 44 2147483648 131072 0 0 18874368 4227072 0 18874368 0 1024 524288 0 0 0 4 256 0 0 65536 0 0 512 0 0 65536 8388608 0 0 0 0 0 0 4195328 0 0 0 1073741824 0 541065216 16384 4 268435456 0 0 33554432 0 0 4096 2105344 134217728 32768 16778240 0 0 0 134218752 0 4194336 0 32768 0 0 0 16 16384 1 4128 288 8 0 65536 0 0 0 0 0 65536 8388608 32768 0 16 0 8388608 0 512 0 8388608 0 0 16777216 536870912 0 2147483648 268435488 0 33562624 0 0 0 0 2105344 0 134217728 1024 268435712 0 65536 0 268698112 32 0 0 262144 0 268435456 0 0 0 134348800 8 2048 0 572522496 0 0 0 0 0 4096 0 18432 0 0 0 0 262160 0 0 4 0 263168 0 1073741824 0 2147483648 0 0 8519680 2048 0 0 0 0 0 32 2 1114304 71303200 17911842 8651040 35133456 8403204 256 0 65536 0 0 272629760 0 64 4194304 32768 0 0 0 0 128 0 0 128 33554432 268435456 1048640 8 0 8388608 0 1024 12304 83886080 64 0 0 1048576 2621440 32 0 32 0 0 1073741824 0 0 0 0 0 0 0 0 264192 67108864 32 0 0 0 1028 0 0 268435456 150995200 0 2147483648 0 1073742336 0 0 0 512 0 0 0 0 268435456 0 0 0 0 268435456 0 0 67108864 67108864 16777216 1048576 65536 64 1 1073741824 8 0 0 65792 8 0 32768 0 0 0 16384 289 32 0 0 8256 0 0 0 1 0 0 537395200 0 0 0 0 0 0 262144 32768 0 0 0 33619968 2097152 256 0 201326592 0 2 0 268435456 1 0 20971520 8 0 268435456 0 0 0 83886080 0 1 8388608 0 131076 4194304 64 0 33556480 0 268435456 16777216 0 262144 0 0 0 0 2359296 32 0 0 1048608 16777216 524352 4096 0 4 128 640 33554432 128 0 0 0 0 0 512 0 8388608 262144 0 0 1310720 4 67108864 0 0 0 1040 0 64 1073742096 0 0 131072 0 524288 0 0 0 0 0 0 1049600 17859588 4423680 268439576 873857608 38305792 2097282 33554432 0 2 0 0 0 0 2147483648 0 0 0 536870912 0 32768 2048 2181038080 0 0 0 1 8388608 32776 64 33554432 0 524320 0 16 524288 0 0 128 0 0 2 1049088 0 20480 12 0 0 0 4 0 8388612 0 0 0 0 0 4096 4100 524288 1077936128 128 65 0 8192 0 0 536870912 0 201326592 0 16384 0 4096 16384 536936448 0 4194304 536870912 2684354624 0 0 0 0 0 16448 2048 0 0 0 0 2097168 64 0 0 0 256 0 0 2147483648 268435456 0 131072 0 0 0 1048576 512 1359283201 2181303378 537395202 2228228 219283466 526336 0 134349824 0 0 0 0 8388608 32768 8650752 8192 32768 0 0 0 262148 526336 0 0 268435712 32768 0 603979776 0 1 144 33554432 2097152 0 0 0 67108864 0 512 0 0 0 0 0 134217728 8388608 0 32768 0 0 0 8 0 1 0 0 0 262146 8370 40 0 4194304 65536 0 0 16384 2281701376 0 536870912 0 0 0 2415919104 0 264192 2147483680 0 0 0 0 0 0 0 0 0 0 2097152 4096 40 67108864 0 0 2147483648 0 8388612 0 262144 0 537133056 0 6 0 0 0 128 0 524288 2 1048832 0 268435456 16777216 320 67141632 16384 262144 1 0 0 0 4 0 0 536870912 0 0 0 2 0 0 536903680 0 0 0 0 1073741824 1048576 0 0 0 5120 131072 16777216 262144 2048 0 0 524288 32768 0 256 0 0 0 131104 16 1073741824 0 0 8 0 524288 8192 134217728 0 1024 4224 1 0 0 0 0 0 32768 65536 32768 65536 16 6144 0 570425344 0 2048 0 0 32 8192 0 0 0 32832 2048 512 1196032 0 0 0 64 0 0 0 4096 4 0 256 268435456 0 0 128 33554432 541732 36960 4098 35651592 135272506 12587142 2097152 0 1073741824 1 64 0 0 0 524288 0 8192 16 0 0 0 0 8388608 0 2099200 268435464 0 67108864 0 0 524288 0 32768 16777216 16 0 0 0 0 0 8388608 1078984704 0 268435520 0 262144 64 128 0 67108864 0 16 524288 0 0 0 1048608 245888 16798720 2420121664 1077936144 263332 526344 0 16384 2 0 0 32 536870913 16777216 1048576 4195336 256 0 16384 0 0 0 0 0 0 0 9 0 0 0 0 0 16384 0 524288 0 0 1048576 0 1207959552 8 0 16777216 65536 0 2147483648 0 0 0 537395248 0 8388608 20971520 0 0 0 4352 540033024 17302096 135349456 2 2902507538 458754 0 1024 0 512 262144 536870912 1 0 0 49152 0 0 0 131072 2048 544 0 0 0 0 16777216 0 0 0 0 0 0 0 0 67108864 0 201326592 0 16 0 16 0 1114368 1074003972 0 67108864 0 0 589824 0 0 0 524290 0 32768 268435456 0 0 1073741824 2048 33554688 0 0 0 2621440 536870912 0 0 4096 134217728 20 2147483648 0 0 2147483648 65536 32768 0 576 33619968 268435456 0 8388608 0 0 0 536870912 67108864 0 0 0 0 134217728 0 0 16384 8388608 131076 0 0 0 0 536870912 5120 35840 269496385 272635904 2155876417 685245696 4458502 2048 0 128 512 0 2146304 134217728 0 1048576 16 0 134217736 0 0 0 0 0 0 262144 268435456 2415919105 0 0 0 0 0 2097152 1 536870912 0 67108864 0 0 0 0 2048 0 33554432 1073741828 0 0 64 0 0 66052 0 1073741824 0 64 67108864 1048576
is_linear=0
shrinkage=0.1


Tree=8
num_leaves=63
num_cat=52
split_feature=34 2 2 2 36 2 2 13 2 2 2 2 9 9 2 2 2 2 2 2 36 2 2 9 9 2 2 9 9 2 9 9 2 32 2 9 2 28 2 2 34 2 2 2 9 28 34 6 9 2 2 2 35 2 2 9 2 2 9 31 2 2
split_gain=617.257 98.0937 84.206 74.6936 66.8663 56.3844 49.5178 46.3369 57.7968 44.7649 39.0908 35.8035 33.2855 30.332 41.7919 36.4505 30.1013 27.9545 26.6316 25.8874 25.5343 35.2963 29.4504 28.3091 27.4255 29.8158 26.3356 24.7183 24.562 23.5791 22.7237 21.3171 19.897 19.764 21.2089 20.5906 21.2716 19.5869 37.3264 36.3855 19.858 25.6457 21.9211 19.2966 21.5621 19.782 18.0981 17.841 37.2463 29.0208 26.8932 23.6533 21.702 35.5043 30.8866 23.3276 36.7892 25.496 22.4526 24.4951 26.9681 21.4703
threshold=119.50000000000001 0 1 2 11.18274582560297 3 4 5 6 7 8 9 10 11 12 13 14 15 16 17 3.7512886597938149 18 19 20 21 22 23 24 25 26 27 28 29 7.5000000000000009 30 31 32 4.5000000000000009 33 34 24.500000000000004 35 36 37 38 27.500000000000004 40.500000000000007 39 40 41 42 43 6.6011152416356884 44 45 46 47 48 49 165.50000000000003 50 51
decision_type=8 9 9 9 10 9 9 9 9 9 9 9 9 9 9 9 9 9 9 9 10 9 9 9 9 9 9 9 9 9 9 9 9 2 9 9 9 2 9 9 10 9 9 9 9 2 10 9 9 9 9 9 2 9 9 9 9 9 9 2 9 9
left_child=2 -2 30 -3 5 31 -6 8 -7 28 27 -10 -13 14 -11 -15 -12 -8 -16 -14 22 23 -18 -22 25 -23 -26 -5 -9 -17 -1 -4 -19 34 -24 -35 -37 38 -20 -39 42 -42 -41 44 45 -31 -32 50 51 -50 -45 -49 53 -52 -54 56 -55 -57 -56 60 -60 -58
right_child=1 3 4 10 6 7 17 9 11 13 16 12 19 15 18 29 20 32 37 -21 21 24 33 -25 26 -27 -28 -29 -30 43 46 -33 -34 35 -36 36 -38 39 -40 40 41 -43 -44 47 -46 -47 -48 48 49 -51 52 -53 54 55 58 57 61 -59 59 -61 -62 -63
leaf_value=-0.0061969698105595198 -0.044993417769781385 0.043436661654012221 0.029172282635965198 -0.021245448355167836 -0.034182660171066123 -0.038410421586180042 -0.026986547406629799 0.032770334779064048 -0.027146616117869195 -0.034740080170441827 0.032746032354288072 -0.018045873450722099 -0.019714872350443658 -0.02592687381722324 -0.020073617861123126 0.047760347797945579 0.026498439543432662 0.096338773133976208 0.098674039694189183 0.054293460274773102 -0.028139642769441295 -0.045656941254630212 0.023688445290767784 0.082501859176692394 0.041139660876058741 0.041727891975518912 -0.030992235366248969 0.064695326889391447 -0.0309611842671773 0.019774109544717672 0.10280259549708055 -0.031228899895731545 0.044830726688821217 -0.027093678066527412 -0.027583742689307206 -0.041840941308473455 0.047881754682584557 -0.025835463634786133 0.0017080187620870367 -0.017848627367303783 -0.017458742888810601 0.052531248854574109 0.1066915635135989 -0.021707807054442162 -0.038824361669928781 0.22179782362562622 0.054630717163764268 -0.042120856310798122 0.050671715557043875 -0.042850308826325303 0.071937462712840183 0.066592664461693429 -0.032346235381879078 -0.046934900529578071 -0.013720267536890632 0.056105770988630024 -0.037194364651726756 -0.015514885349939847 -0.014017077146303998 0.093788738794526982 0.040751171884723991 0.046750781983519459
leaf_weight=43.988436480751261 1432.5350498160115 197.92846542573534 63.073688931763172 49.407300188206136 76.596897102426738 97.067194806411862 45.657911358168349 65.946307758102193 71.052035340922885 93.199308754876256 101.81866985745728 77.480256187729537 50.223631016677245 265.05961300153285 85.232759849866852 167.36662406427786 109.49197169032414 98.773337288759649 36.933652814012021 894.53711427364033 31.092133555561304 44.143511233967729 77.982259984128177 69.010318218148313 49.128255778574385 144.57172842090949 480.69403441413306 85.265708976890892 341.94291227019858 32.018328459234908 156.57931611291133 360.21461077197455 755.98515364923514 118.14773960586172 3856.5221020285971 27.441370802465826 107.20349176472519 62.671370879746974 272.38505318784155 20.375804745592177 58.682874286314473 510.26210005674511 91.715958072105423 172.56016652123071 141.85724876448512 5.7115308018401256 155.39100823644549 21.240582921309397 31.654403934255242 215.26245744188782 70.907791797770187 75.628262501908466 71.10508443089202 54.76781077682972 90.413526219548658 44.971770903794095 29.414514542673714 547.42630655190442 103.24412865797058 74.828671514696907 685.62662779376842 262.06262903439347
leaf_count=1813 212664 12914 5067 3220 2853 4937 1975 3687 3219 4688 9352 3908 2295 15058 4159 8267 10249 3466 1578 42971 3019 3593 9466 6891 5707 16778 55623 4919 18314 1648 5344 27354 31743 13051 503405 3020 13676 3171 12850 796 3215 25716 3664 10223 8236 429 6819 1176 2091 14479 3928 4575 3327 3159 4925 2732 2042 45574 5045 4179 33512 18400
internal_value=-0.00014393 -0.0217081 0.0192867 -0.0155885 0.0169121 0.0132239 0.0413061 0.0157052 0.0333497 0.0112716 -0.0178484 0.0400113 0.044897 0.0142243 0.0275322 0.00897282 -0.0192458 0.047579 0.0328891 0.0501939 -0.0203426 -0.00419609 -0.0234662 0.0487017 -0.0120752 0.0200182 -0.0236655 0.0338772 -0.0201196 0.012243 0.0662679 -0.021763 0.0518281 -0.0247768 -0.0265774 0.002268 0.0279673 0.0373245 0.0165313 0.0464745 0.0527338 0.0459287 0.0919788 0.00989975 -0.0210764 0.0398061 0.0763607 0.0121541 -0.00891933 -0.0293553 0.0154617 0.0410441 0.0187046 0.00838928 0.0290447 0.00279252 0.0230551 -0.0092367 0.0336067 0.0386613 0.0339222 0.0373267
internal_weight=14731.5 6982.38 7749.1 5549.85 7393.14 6416.12 977.013 5992.84 1190.36 4802.48 5351.92 1093.29 1022.24 4394.59 1231.46 3163.13 5217.25 900.416 1138.26 944.761 5115.43 818.64 4296.79 100.102 718.538 188.715 529.822 134.673 407.889 2898.07 355.959 423.288 854.758 4187.3 3934.5 252.793 134.645 1053.03 309.319 743.708 681.037 568.945 112.092 2730.7 179.587 37.7299 311.97 2551.11 343.786 246.917 2207.33 96.8688 2034.77 1009.55 1025.22 938.643 346.245 592.398 954.113 863.699 788.871 291.477
internal_count=1306154 887547 418607 674883 404631 364594 40037 332173 57330 274843 661969 52393 49174 252842 59837 193005 653830 37184 55149 45266 644478 91611 552867 9910 81701 20371 61330 8139 22001 177947 13976 32421 35209 542618 512871 29747 16696 50990 14428 36562 33391 28931 4460 169680 10313 2077 12163 159367 22321 16570 137046 5751 126823 75835 50988 71907 23601 48306 47661 42736 38557 20442
cat_boundaries=0 52 103 152 202 251 252 301 353 402 452 458 463 512 564 616 665 714 766 817 867 873 879 930 982 988 994 1045 1051 1057 1107 1160 1166 1216 1268 1320 1370 1420 1469 1475 1476 1482 1534 1586 1637 1689 1740 1746 1797 1848 1854 1905 1954
cat_threshold=536870912 134348800 32 4096 0 520 0 0 65536 0 2147549184 67108864 0 0 0 2684354560 2164260864 0 0 0 8 0 1073750080 0 4 0 0 16384 0 0 128 524288 0 1073741824 0 0 0 16384 0 0 0 262272 0 0 0 8 0 0 0 536871936 0 1024 0 128 0 0 2097152 0 524288 256 1048576 0 64 0 0 0 33685504 0 0 262272 32 1073741824 0 0 0 0 0 1073741824 64 17 536870912 262144 0 512 1024 0 0 2048 0 136314944 0 0 4096 131072 0 67108864 0 524288 0 1048576 33024 0 1024 0 0 0 0 8388864 0 8388608 0 0 0 0 8388608 0 67239936 16777216 16777216 0 32768 1056 0 0 134217728 4 1077936128 0 0 512 4104 0 512 196608 0 0 0 16777216 0 0 138412032 524288 8388608 0 0 268435456 0 0 256 524288 9437184 67108864 0 131072 0 5120 0 0 0 0 0 128 272637952 72 0 0 0 2149580800 0 0 268435456 0 8388608 0 0 0 0 0 2048 0 0 67108896 392 0 134217728 32 0 0 0 256 134217728 8454208 0 536871008 0 16777216 0 2 0 0 0 536870912 2176 4194304 0 512 33554432 32768 32768 0 0 0 0 536870912 2147483648 0 32772 2097664 285212672 0 0 0 2147483648 0 134217728 0 0 0 0 8 0 0 131072 0 32768 0 0 1048608 134217728 268959744 12 0 0 0 4194304 8 0 0 0 16384 2 18304 268435456 0 0 16777728 0 4194304 1 2 524288 0 0 0 268435456 0 0 0 2560 0 2097152 0 16842752 0 0 0 8192 1024 536870916 0 524800 0 538968064 0 0 0 0 0 4194304 4096 536870912 0 0 0 0 536936448 0 40 1074266112 0 67108864 0 512 0 0 0 262145 536870912 0 0 10240 65536 4 0 0 32 256 0 0 512 0 536870912 536870912 8192 65536 0 0 32768 40 262144 0 0 64 0 2097152 0 32 0 16384 0 2147483648 0 0 0 1073741824 132 0 8 20480 0 0 134217728 16777216 0 0 1179648 0 0 0 524288 0 0 2048 0 1073741824 0 0 0 0 0 0 0 128 268435456 0 512 16896 32770 256 0 0 40 0 0 1049152 0 0 0 1048576 0 0 1 64 4096 4 32800 8912896 0 0 16777216 16392 131074 512 0 0 0 0 536903680 0 0 2097152 0 32 0 0 0 4096 128 536870912 4096 0 256 32776 0 1073742336 268435968 0 0 0 16384 0 0 8388608 134217728 0 0 0 16 135168 0 33554436 33554432 32 0 512 128 0 1073741824 0 0 0 8390144 35918864 35652176 2214626496 134217728 235020386 10553608 1141375096 18956289 2712162403 201327128 4480 1 0 0 17 262144 536870912 0 4224 262144 0 4 1073807360 0 0 16 2048 18 0 0 8 0 1 0 41943040 4096 4096 270532608 4096 0 0 0 16 0 0 262144 0 0 0 0 0 256 0 1024 0 2 1073741824 0 268435456 67108864 24576 138413056 0 0 0 4 0 0 2097152 0 0 0 65536 0 524288 32 33554432 4096 0 0 0 0 0 0 16384 8388608 0 0 134217728 131072 8388608 524288 0 64 512 1024 0 65544 16 0 8 16384 0 532480 0 0 0 262144 64 0 4096 2 16384 8388608 0 0 64 0 0 0 0 2214592512 0 65536 1052672 0 2432 0 0 512 0 0 65600 0 0 0 0 8388608 1 0 0 131072 2097156 0 0 0 512 0 0 0 131072 0 64 0 2 16 0 262144 0 262144 0 4194304 532736 2097184 0 0 0 0 0 512 0 0 32 4096 201326592 16384 0 16777216 0 524288 0 16777472 256 0 536870912 514 16448 131072 2097168 0 0 0 525824 0 8 524288 0 8192 0 0 0 1114112 0 0 0 4096 0 0 2 0 0 0 8389152 2147483648 0 0 16777216 32768 0 2097152 64 8388608 1073741824 0 16 0 2 0 0 0 256 4194304 0 64 0 0 0 128 0 16384 1073741824 0 0 67633152 0 512 67108864 2 1048576 16777216 0 1073742084 1073741824 0 33554432 32 33554432 0 16777216 0 2097152 2097152 526336 0 0 0 268435456 0 0 2109440 0 256 0 0 0 0 0 0 2 0 0 0 268435456 0 0 1 0 135168 0 268435456 0 131072 196612 0 32768 134217744 0 0 134479872 268435456 0 1073741824 536872960 0 0 32 0 0 0 8390656 0 0 8421376 536870912 0 4194304 0 3072 0 4194304 536870912 0 0 0 268435456 0 0 0 0 0 0 0 0 2 2147483648 65568 0 0 8192 536870912 16 269484032 0 0 0 134479872 4194304 2155872256 0 0 4194304 0 65536 65536 0 0 0 65536 1082130432 16 8 0 8192 0 269488128 0 0 65536 0 536870912 8192 134217856 16778240 0 1048577 524288 1024 0 0 0 0 16 0 512 33554440 0 0 0 0 0 0 64 0 268435456 16777224 16777296 0 0 0 0 0 1073741824 32 2147483648 256 16 0 0 16777216 67108864 2048 0 4 0 8 134414404 32 304103456 2231370304 545292376 133130 296353792 538022016 453050402 5242917 34078720 14172160 512 0 0 134217728 0 0 0 32768 0 8388608 33554432 4096 0 0 32768 2097152 0 8 270532608 40 16777216 0 0 0 0 4 536920064 33 0 16416 16 0 0 0 0 48 0 8388608 0 0 256 131072 131072 16777216 0 0 0 2 0 0 131072 256 0 1024 0 134217728 32768 0 0 0 0 33562624 536875008 0 0 0 2097152 0 0 0 65536 0 0 0 268435456 134758400 0 4 33556496 0 16384 0 0 0 64 0 33554432 0 0 0 0 0 1048576 4194304 0 4259840 0 4202752 2 524288 0 131072 536870912 1050640 32 16912418 2147815456 181665810 15218690 83955722 295936 2149171585 79699968 1056780 4264970 268435968 0 0 16 0 0 32 0 0 0 2052 16 0 16 4 128 8 0 0 0 0 1 16384 0 0 0 270336 16512 0 128 67108864 0 0 0 0 0 14680064 0 0 256 0 0 0 0 0 0 0 0 0 1024 8388608 268436544 2080 135528648 839385088 8456326 16516 1078069376 807731216 269549665 2150170625 8458368 4280576 0 1073743360 0 1 262144 0 0 0 2097152 0 73728 0 0 0 4096 4194304 512 0 2048 268435456 0 32 0 0 0 0 32774 0 0 0 4 67108864 134217728 64 512 268435472 0 0 1073741824 64 256 0 0 532480 4 0 0 0 16777216 536870912 0 0 1073741824 0 0 0 0 3 0 0 1 0 0 4 0 33554432 0 1048576 0 0 131072 0 0 33554432 262144 0 0 0 0 262400 0 0 524304 0 1 524288 2097152 0 4194304 0 8388608 16777216 16 131202 0 0 16384 4194305 0 0 131072 8256 8 17412 285347904 18892918 152228452 8388864 2097160 0 0 0 0 0 32768 0 0 0 4096 0 33554528 2080 134221828 131092 1048576 0 0 0 0 0 536879104 0 8192 20971520 0 2129920 0 524288 1310720 0 0 144 8388608 33554432 16 0 0 0 8 0 0 0 0 0 0 0 65536 0 524288 0 4195328 1024 4 524288 32 134217728 0 2097184 0 0 0 0 131072 262144 0 0 0 0 2 16842752 512 64 0 16384 8388608 0 0 268435584 0 0 134742016 0 0 0 0 0 2147483648 536870912 0 0 0 512 0 0 16 0 262146 8388640 0 0 1024 256 1024 0 0 524288 0 512 2 32 0 526336 512 0 0 262144 0 64 0 0 268435472 8 0 0 512 32 1024 270336 268435456 0 0 17 0 0 0 0 33280 1082130432 2147483648 393216 0 0 0 0 0 0 0 0 0 0 1048576 262144 536870912 0 32 3146752 0 0 0 0 16777216 0 536903680 0 4098 268435456 0 2306 512 301989888 0 33619968 0 1048576 0 536870912 0 0 536870912 0 0 0 0 2097152 67108864 0 1073741824 512 0 0 0 536870912 262144 131072 0 16384 131072 0 8 0 0 0 1024 512 0 0 0 0 32 129 0 0 0 33554432 0 0 131072 0 0 16777216 0 0 0 16777216 0 0 0 0 8388608 0 0 0 0 64 0 0 0 0 16 134348800 0 536870912 0 2147483648 0 262144 537395200 0 0 16777216 0 0 8388608 33554432 1073741824 0 0 805306624 0 0 2164261376 0 16 0 2 4096 134217730 0 0 16777216 0 0 16 0 0 4 0 0 0 8 67110912 65536 0 0 0 0 1073741824 142606336 0 0 4 65536 0 536870945 0 0 131072 0 2097152 0 524288 131072 16816386 34816 1107332096 3231776800 3225952340 6272 6 2449786881 294912 1208352792 36713472 152051780 4227076 0 32 128 0 0 536870944 1 0 0 268959744 0 0 2147483648 0 0 0 0 0 0 0 16842752 0 0 512 0 134217728 2097152 65536 0 0 2097168 67108864 32768 268566544 0 2129920 134217728 4096 0 0 2147483904 0 16384 32 0 8 0 0 0 1048576 0 4 0 0 0 0 540672 0 1 0 536870912 0 32768 134217728 0 553648128 256 512 65536 16 541065216 0 65536 0 0 0 0 0 0 33619968 1073741824 0 2113536 201326592 0 141312 0 0 134217728 0 33554432 0 0 0 16384 0 0 32 0 0 8388608 64 0 4 0 0 0 0 0 536870912 0 0 4456480 33554432 0 4096 0 0 0 1048576 0 33554432 0 2 2164260864 0 0 0 16777248 0 0 0 2097168 0 0 0 0 268566528 0 512 0 2147483648 1610875136 0 256 0 1024 65536 0 33554440 0 0 0 1048576 32768 0 0 1048576 0 0 4194304 134217728 0 524288 33554432 67108864 4096 0 131072 294912 33554432 0 0 0 0 0 4194336 0 16 2147549184 0 0 4096 67108864 0 0 0 0 16 0 16 264192 2147483648 524288 301989888 2181038080 0 0 0 1073741824 0 0 0 0 134217728 524288 8388608 0 32768 67108864 512 4194304 4194304 134217728 524288 0 16384 0 0 0 67108868 262144 4194304 0 0 8388608 2 16777218 65538 0 16 128 134217728 2 16777216 0 0 0 0 0 0 0 1048576 262144 0 0 1073741824 2048 0 0 32 33554432 0 0 0 0 32 268435456 21103616 5251072 205522952 544317760 34669602 172288 2176 0 4194304 0 134479872 32 640 0 32 17301504 0 0 268697600 1 4096 0 0 0 0 0 0 134225920 64 0 8192 537395200 0 4 0 0 0 0 512 0 0 0 0 0 0 0 67109120 268435456 0 0 0 0 1048576 2 67108864 256 32 2048 0 0 16777252 0 0 268435584 0 262176 32768 0 536870912 16384 0 4096 16777216 0 0 10485760 8 0 0 0 0 2105344 0 2 1048576 512 0 65536 0 1073742336 0 0 33554432 4096 0 0 0 0 1048576 0 32 0 67108864 0 0 0 8388608 393216 704713216 2315257858 134414608 308293696 8519684 2048 1 0 0 0 0 16384 0 0 0 4096 67108864 0 32768 0 4194304 0 8388608 0 2097152 2281701376 0 32 0 0 268435456 0 0 0 128 0 4 0 2048 0 0 0 0 33555456 524292 0 2097536 0 134217728 33554432 65536 33554432 536870912 2048 2105344 8388608 1048576 0 64 0 4 0 0 0 2097152 4194304 805306368 0 256 16384 0 2048 1572864 0 33554432 0 16842752 67108872 0 0 0 0 4096 0 1073741824 33558784 0 536870912 0 524288 16777216 1048576 512 33587200 0 1 0 0 0 4194304 0 0 0 0 0 1048576
is_linear=0
shrinkage=0.1


Tree=9
num_leaves=63
num_cat=52
split_feature=34 2 2 2 34 2 2 7 2 2 6 2 7 2 7 2 2 2 2 2 2 7 6 2 2 2 2 2 2 5 2 2 16 2 2 2 2 36 2 2 28 2 2 32 2 36 2 2 2 2 32 36 2 2 2 2 28 2 2 36 2 2
split_gain=516.781 92.0043 77.9738 63.6863 61.35 49.9903 44.6359 37.7033 51.613 46.3406 39.7392 48.6073 41.0317 37.3026 34.8763 33.8788 33.5792 33.1337 31.993 27.1391 26.7155 25.3392 22.4652 34.2453 23.2065 22.4522 22.2408 20.6442 20.3808 20.1656 36.0893 22.453 22.8635 34.4999 32.0871 24.6624 20.0912 20.0798 48.2987 38.6802 18.058 25.8744 20.3709 18.3589 19.5792 16.3721 32.1656 22.3909 19.8152 16.838 15.7452 15.5984 15.4458 15.3816 15.3697 14.9977 14.3246 30.2395 29.2256 16.5645 16.7738 14.2425
threshold=112.50000000000001 0 1 2 52.500000000000007 3 4 5 6 7 8 9 10 11 12 13 14 15 16 17 18 19 20 21 22 23 24 25 26 27 28 29 30 31 32 33 34 10.144892221180882 35 36 2.5000000000000004 37 38 6.5000000000000009 39 4.493082268930781 40 41 42 43 6.5000000000000009 6.7753955514790194 44 45 46 47 22.500000000000004 48 49 7.7159214830970564 50 51
decision_type=8 9 9 9 10 9 9 1 9 9 9 9 1 9 1 9 9 9 9 9 9 1 9 9 9 9 9 9 9 9 9 9 9 9 9 9 9 10 9 9 2 9 9 2 9 10 9 9 9 9 2 10 9 9 9 9 2 9 9 8 9 9
left_child=2 -2 -1 -3 6 -6 -4 9 -9 -8 12 -12 50 -5 17 -14 -16 -15 -7 -11 -20 -13 23 -18 -24 -22 -23 -26 -19 30 -27 -31 33 -33 -34 -35 -17 39 -39 -21 42 -42 -36 44 -43 47 51 -29 -48 -50 -10 -47 -41 -28 -49 -37 57 -54 -58 -60 -61 -38
right_child=1 3 4 13 5 18 7 8 10 19 11 21 15 14 16 36 22 28 20 37 25 26 24 -25 27 29 53 45 -30 31 -32 32 34 35 40 55 61 38 -40 52 41 43 -44 -45 -46 46 48 54 49 -51 -52 -53 56 -55 -56 -57 58 -59 59 60 -62 -63
leaf_value=0.071856150763196236 -0.04137002301880166 0.041097894465646143 -0.027870051355404005 -0.03489054102864355 -0.029694109601107656 -0.021368898074332936 -0.034839469933986532 0.078188222022563758 0.09163583046545673 -0.020255183354777537 0.079679299076555576 -0.063664797547610258 -0.057723807914003271 0.090625028484080064 0.037252661784161346 -0.045449399373600728 0.06630830190511118 -0.051295964873711943 0.048600367079847384 -0.022466742834960477 -0.020302653768479506 0.049929789960004307 -0.028918682872896895 -0.060032402991479397 -0.03212506072722443 -0.036160330189861721 -0.041281055443392098 0.029273212831822472 0.01692782378356663 -0.016698383980130214 0.053296009287759252 -0.036574291835856004 -0.02891501610156574 0.068300692031487073 0.067286172265474051 -0.030558444596047937 -0.024474685290408055 -0.026183202281022184 0.070904719301231753 -0.010071287809802515 -0.039024932045519774 -0.027060155695659227 -0.025965427320730296 0.0981152467716052 0.038175586594688594 0.032253100686902028 -0.042929424261759108 0.032997719778502708 -0.048726671347026948 0.015486997368286579 0.20598354140476305 0.11554326534573732 -0.018809291188921971 -0.002303288812674466 -0.015055872609192134 0.011373861602152424 -0.026968032568918606 0.042231041186210766 0.025048961644354925 0.00023693263190895488 0.088663190861420299 0.046819670790279634
leaf_weight=245.84848870616406 1574.9971361012431 193.59926745248958 149.44190226891078 879.23789712181315 340.58726079424378 286.89941325597465 83.670664636185393 107.39733648858964 39.485252811573446 72.504291782621294 56.639700600178912 67.373888878384605 40.45685295178555 44.683020460652187 112.34208846907131 24.369369395310059 17.469925369252451 43.583177383523434 190.53345392877236 103.65181184140965 209.80426853592508 61.132463946938515 866.24458978662733 197.72561962448526 374.38077242358122 50.038844555616379 111.45738254266325 121.41409457637928 232.44137885270175 272.60107891843654 245.27768410183489 177.50671004294418 100.44064057501964 59.521739090094343 19.883621222572401 89.816535826073959 28.940335266059265 58.035958774853498 407.71902942075394 60.485713625326753 40.622330833226442 45.293662019073963 100.59730576549191 48.212794589810073 734.14398683002219 58.838234467897564 89.800368488649838 60.502559206215665 37.132273283437826 311.54939270182513 17.325611784821376 36.392277025384828 89.277515264693648 635.19722990051378 2024.1705967352027 592.95297980308533 35.469655599910766 765.07696995267179 66.430439787451178 33.643464569700882 233.37079035141505 261.31395767128561
leaf_count=10180 224844 10538 7606 132826 20455 19327 3853 4349 1524 3335 2562 3040 2127 3407 8289 1246 1709 4012 8426 5510 15373 3342 109797 25060 47196 2016 5827 11101 27480 16643 9595 10103 5963 3094 982 5017 1577 2013 13324 2979 2770 2945 6066 3822 43100 5585 7414 8322 4079 33894 642 2654 3719 34420 247349 39967 1822 31709 3309 1615 11239 13234
internal_value=-0.00105501 -0.0200164 0.0174389 -0.0140205 0.0154635 0.00625689 0.0246999 0.0269727 0.0144254 0.0359178 0.00878906 -0.002723 0.0342794 -0.0160288 -0.0123785 0.0199275 -0.0147594 0.0190835 0.0100682 0.0391563 0.013159 -0.00889593 -0.0162374 -0.0472868 -0.0144445 0.0105707 -0.00360526 -0.0103386 0.00473877 0.0131531 0.0374505 0.00985845 0.0135268 0.00182634 0.0233011 0.0113733 0.0313831 0.041577 0.0597672 0.0357702 0.0288417 0.0341676 -0.00714596 0.0377751 0.0345273 -0.00725559 0.00843424 -0.0110843 -0.00357012 0.00748083 0.107573 0.0579927 0.0403332 -0.0085904 -0.0135104 0.0054963 0.0428869 0.0361267 0.0597053 0.0677034 0.080851 0.0391328
internal_weight=14737 7276.5 7460.45 5701.51 7214.6 3604.73 3609.87 3460.43 1451.09 2009.34 1343.69 931.801 411.891 5507.91 4628.67 355.081 4307.96 320.708 3264.15 1925.67 2977.25 875.161 4195.62 215.196 3980.43 2786.71 807.787 3114.18 276.025 2576.91 295.317 2281.59 2008.99 919.798 1089.19 742.291 314.624 1853.16 465.755 1387.41 988.754 868.273 120.481 827.65 779.438 2739.8 533.713 2206.09 438.482 348.682 56.8109 95.2305 1283.75 746.655 2084.67 682.77 1223.27 854.354 368.914 333.445 267.014 290.254
internal_count=1307323 915556 391767 690712 381587 215664 165923 158317 73890 84427 69541 49191 20350 680174 547348 18184 512449 34899 195209 80574 175882 46629 504160 26769 477391 167456 43589 367594 31492 152083 11611 140472 123829 58181 65648 48078 16057 77239 15337 61902 59685 52637 7048 49867 46045 320398 53626 266772 45387 37973 2166 8239 56392 40247 255671 44984 53413 35428 17985 16163 12854 14811
cat_boundaries=0 52 103 155 204 254 255 307 359 360 411 412 463 464 514 565 618 665 716 768 769 770 823 875 925 976 1028 1077 1078 1125 1170 1171 1223 1274 1324 1368 1419 1468 1519 1566 1618 1668 1716 1769 1821 1869 1920 1972 2023 2074 2123 2174 2226
cat_threshold=536870912 0 0 4096 0 584 0 0 65536 0 268500992 33558528 0 0 0 2147483648 2147485696 0 0 0 8 0 8256 0 4 0 2097152 16384 0 0 128 524288 0 0 0 0 262144 16384 8388608 0 0 128 0 536870912 4 8 0 0 8192 536871936 0 1024 0 640 0 4 2097152 0 524288 0 0 0 64 0 0 4 33554560 128 0 128 0 0 0 0 0 0 0 1073741824 16384 1114112 536871424 0 0 512 1024 0 524290 1024 0 0 16384 0 0 268566528 0 67108864 0 524288 0 0 0 512 8388608 0 0 0 0 8388864 0 0 16777216 0 2147483648 0 0 0 131072 0 16777216 0 0 32 0 64 134217728 0 16896 0 8388608 512 4112 32 512 196608 64 0 16 0 1074790400 0 5242880 131072 0 4096 0 268435456 0 0 524288 8 8388608 0 0 0 32 0 0 0 0 268435456 0 0 0 4194304 1280 4194304 0 0 0 4384 0 33554432 0 268435456 272 8 0 8192 8388608 0 0 8 16777216 1024 131072 136 0 0 134217792 0 0 1073741824 0 0 1073741824 2147483680 0 0 32 0 0 0 528384 75497472 1 0 0 1024 4194304 0 1 37120 0 0 0 0 32 0 0 2150645760 0 0 65536 0 268435456 0 0 0 0 0 2097152 0 0 0 131072 0 2 1073741824 32 32 0 524288 4 0 2048 4096 0 1073741824 6 0 8 0 66 67108864 12 0 0 0 262144 262208 4194816 65536 0 2097152 50331648 0 0 0 0 4100 0 0 0 0 1073741824 65600 0 0 512 0 0 0 2304 0 262144 0 0 134217728 0 9437184 1048576 1073774592 64 0 0 0 16384 0 1 0 0 16777216 524288 0 0 36864 1024 8192 0 0 0 65600 16 134217728 0 0 8192 0 32768 0 0 32768 0 65536 16777216 2147483648 0 64 32768 16384 0 0 0 0 67109120 0 0 65536 16 16 0 1048576 1048576 0 256 0 16384 0 0 512 129 0 10 0 4096 32768 536870912 0 16777216 2 2147483648 0 4194304 64 0 262160 536870912 0 0 0 0 1074266112 4096 0 0 0 16777224 0 2147485696 0 25165824 512 20480 0 4096 0 0 0 134742016 131072 0 0 16 131072 4194304 0 4456448 0 0 0 0 0 0 0 128 0 1048576 1 16777216 0 1048576 32 2097153 134348800 32 0 1024 33554432 0 32768 0 0 2147483648 67108864 4 2050 0 536870920 16777216 0 8388608 0 0 536879104 1073741824 0 0 0 1048576 0 524288 2048 0 0 0 1073741824 134217728 0 0 0 134479888 0 0 0 16384 0 0 0 576 0 0 0 268435456 40 0 1073741824 1048576 0 268435456 536870912 0 2147483648 537919520 0 0 0 0 0 2048 0 0 33554432 0 536870912 562036736 0 0 0 0 0 34896 8 524416 0 128 134742016 0 0 0 0 262144 0 536870912 0 0 536870912 16384 536879104 0 0 0 0 512 1048576 0 0 1073741824 262148 33554496 0 0 1024 0 64 0 0 0 0 32768 0 0 262144 32768 0 0 32 134217728 1111490568 2 0 68 0 268435456 0 16388 1048576 0 0 16779264 0 0 0 524289 0 0 0 0 75497472 0 0 0 32 0 0 786432 0 0 0 2048 0 0 0 0 0 0 1048576 0 2147483648 0 2048 16384 0 16 0 10 0 0 0 0 18907136 0 0 0 2097152 0 16 0 4096 0 8388608 0 4194304 134217728 0 0 128 0 4195328 0 33554560 256 524288 1048578 68157440 134217728 0 16777216 64 0 0 71303296 1024 536870912 512 0 0 0 16777216 65536 1074266176 268435456 16 0 2097152 65536 0 0 0 0 0 0 0 0 32 2048 0 524288 0 2097152 1048576 134217728 32 0 16 0 16640 16 0 128 32 4194304 536870912 0 33554432 1048576 0 0 0 0 0 4194304 0 0 0 1342177280 0 67174400 4096 67108864 32 512 64 0 0 0 2172649472 0 2101248 0 2097168 1024 0 12288 0 4096 0 64 0 0 0 0 262144 50364416 536870912 0 0 2 0 2048 0 8388608 1073741824 0 0 0 32768 2097152 0 0 0 0 0 0 2 262144 0 2048 0 0 0 262144 0 0 0 0 0 268435456 67109376 0 16 32768 0 0 1073741828 2147483648 0 2147483648 0 0 0 32 1049088 2359296 0 1073741824 268451840 131072 0 0 0 8388608 0 8 0 32800 0 0 2 32 1 0 0 0 1536 671088640 536870912 0 256 16 4352 2048 0 0 0 0 67108864 0 0 536870912 0 0 0 0 8192 16809984 0 0 0 0 262272 4194304 67108864 0 0 0 2097152 0 0 0 0 2147483648 16384 0 128 8454144 2 0 0 1048640 2097152 0 4096 1 2048 4194304 0 0 268435456 0 1 0 0 16777216 33554432 64 2147483648 0 0 16416 0 0 0 16777218 16777218 0 0 0 8320 4 0 4 0 16384 4194304 32768 0 0 8388608 0 8388608 268439808 0 0 0 16 1024 0 0 0 0 2 1048640 0 0 16384 2147500032 32 0 4096 0 262148 536871424 0 0 4194432 301989888 67108864 0 16777216 524288 0 0 0 2147484160 553648128 8388608 0 0 33554433 0 0 0 0 0 0 8388612 0 0 0 0 0 0 0 134217984 0 4104 16384 0 8 0 0 0 2048 0 536870912 0 0 0 1 65536 0 134217728 8192 536870912 0 32 0 81920 67112976 524288 0 0 0 0 0 0 0 0 0 0 0 32768 0 128 32 16388 0 8 134217728 8 0 0 33554688 0 65536 256 0 0 8320 0 8 0 2048 8388608 536871936 65536 0 256 0 0 0 32 0 4096 0 4096 0 32768 0 0 0 67108864 0 256 805306368 0 2147614720 0 0 2 34816 0 2048 0 4096 0 0 0 0 33554432 0 34 1024 0 16777216 0 2147483648 262176 2147483648 32 128 1073741824 0 65536 0 0 4 16777218 256 0 2176 262144 134217728 0 0 0 32 524288 0 0 0 16 0 1048576 0 1048840 0 0 2147483648 65536 671088640 1073741832 0 0 0 1048577 128 131088 4194308 134217728 0 64 16777216 0 0 0 0 8388608 0 0 131072 0 0 0 0 0 8388672 3718 0 0 4096 560 0 536870912 128 4096 96 33554432 32 0 0 0 0 32 64 0 256 8 65536 1 64 0 8192 0 274448 40 0 0 0 134217728 0 0 0 0 4194304 16777216 0 0 0 0 0 196608 0 8 536870912 0 0 0 0 786432 0 0 2147483648 0 0 67117056 4 0 0 0 1048576 8389120 0 0 32 0 0 0 512 268435488 0 538968064 33554440 0 67108864 0 0 32768 268435456 0 0 134348800 2148532224 0 65600 2097408 33554432 1024 16777216 128 111 268435456 0 1049600 0 0 541065248 0 0 32 2048 0 16 4096 2 0 0 16777216 262400 256 0 16842752 32 0 0 16777216 8388608 32784 0 67108864 16384 0 0 0 0 0 0 0 0 0 0 0 0 0 128 4 8 0 1 2097152 1048576 262144 1024 8448 0 0 0 0 2097152 1 33792 0 0 134217728 0 0 0 0 544 268435458 33554432 33554432 0 0 0 0 0 0 537006080 4 0 0 0 0 0 0 2228224 0 33554432 268435456 268435456 537133056 256 64 0 0 1073741825 0 32 524288 0 0 256 524288 0 0 0 512 0 2097152 0 16781312 0 0 0 0 0 0 0 33554432 2147485696 4096 0 0 0 65537 64 0 12288 0 516 0 0 4096 0 0 0 2097152 0 0 276824064 0 4194304 256 0 0 16384 1 0 32 524288 0 0 8388608 512 0 1024 0 0 262144 134217760 2097152 4194304 0 0 524384 4096 0 0 0 16777216 0 0 32896 0 544 134217728 0 16793600 0 8192 16 0 147456 0 0 0 2048 0 0 0 269549568 0 0 67108864 0 0 196640 524544 32 0 0 0 8192 32 0 0 4096 0 671088648 0 262144 4 0 0 0 0 1073741826 0 8 0 33554432 0 0 262144 8 2097280 262144 0 0 8192 64 8388608 0 134217728 16384 262400 0 2147483648 0 0 0 0 0 16777216 0 512 0 4096 0 4194304 0 2147487744 16512 2097152 0 0 2097152 16 4194304 540672 0 0 0 0 0 0 0 0 0 0 64 0 0 536870912 8390656 2048 0 128 67125376 0 134217728 32 0 1073741840 0 2147483648 134217728 2147483648 256 16384 0 33554432 128 0 0 0 16777216 0 0 0 0 20480 0 128 2097344 524288 16384 0 0 0 0 0 0 0 16 536870912 0 1 73728 134217728 65536 128 0 8388608 0 0 262400 0 524288 0 16777216 1048576 0 0 0 0 0 67108864 536871424 16384 524288 0 1073741824 16777216 0 512 134217728 32 0 4194304 0 0 0 536870944 128 0 0 32784 524320 16 0 67108864 0 16384 0 0 0 1073741824 16777216 0 0 0 0 8389632 0 144 2097152 32 0 524288 0 0 1048576 0 0 0 524292 0 536879104 262144 16384 532480 0 0 16777216 33554432 1073758208 4096 0 0 0 0 33554432 0 536870928 32 0 262144 134217728 65536 0 1024 2101248 0 0 1048576 536870912 64 0 0 0 0 128 0 4096 0 67108864 0 1073741824 0 0 67108864 65536 67633152 2147483648 0 0 2147483648 65536 0 2 0 0 0 0 1179648 4096 0 17408 66560 3072 134217728 0 134217728 0 0 0 32 536870912 0 0 262144 0 64 0 0 0 65536 0 0 0 150994944 536870912 16 1343225856 2147483648 0 0 134217728 0 2147483648 0 0 4327424 2149580800 0 0 0 0 0 65536 0 0 0 0 8912896 134217728 512 1073741888 1048576 32800 0 8192 128 0 0 33556481 0 0 0 0 16777216 0 0 512 1024 8 0 8 4 0 0 0 0 0 67108866 0 2097152 67108864 2147483648 0 0 0 1140850688 72 0 320 0 0 0 0 2097152 8388608 16777216 262144 0 0 1048704 32 536871552 0 0 0 0 524544 4194304 0 0 16 526336 0 0 16 35651584 8 0 513 67108864 0 0 0 0 33554464 0 0 8388608 67108864 0 0 8 0 67108864 0 0 256 536870912 0 131072 128 8388608 0 0 0 2097152 0 0 0 1 0 1073741824 67108864 0 4194304 8192 0 64 64 33556496 0 0 134217728 0 32 256 0 8 0 32 1048576 0 2097152 1 0 0 0 1 2097152 327712 67108864 0 0 0 0 0 0 134217728 0 262144 128 16384 0 512 65536 0 0 262144 0 0 2147483648 64 0 0 128 16777216 0 16777216 0 128 262144 0 0 1073741826 0 128 4718592 256 18 0 0 2149580800 0 0 0 0 0 524296 0 0 0 16384 256 0 0 8192 0 268437504 268566528 0 65536 33554496 0 4 4 8192 0 0 128 4 0 1073742848 0 0 1572864 8192 0 0 524288 0 369098752 134217792 0 0 0 32 0 0 0 536870912 2147483648 536870912 8196 0 8192 8388608 20 0 0 0 2097152 1048576 0 64 0 2048 0 134234112 1073741824 0 0 0 0 65536 0 0 0 16384 32768 0 1024 0 268435456 2 0 128 0 8388608 0 0 67108864 1 512 16384 262144 2048 0 268435472 0 512 33554432 268435456 1 0 1 16384 0 536870912 0 0 524320 0 0 0 0 0 0 0 0 1073741824 0 0 16777216 0 131072 0 2048 0 1028 2 0 256 2105344 0 4194304 16384 0 0 49152 0 33554432 0 0 0 0 0 67108864 0 2147483648 0 0 0 1073741834 0 0 0 0 16384 0 0 18448 4096 0 0 134217728 0 0 0 32 71303168 2097152 4 0 0 1048576 131104 512 512 0 16777216 1024 0 1024 17408 2147484160 131072 0 560 4096 1 0 0 536870912 33554432 0 4160 0 1 256 524288 2560 33554432 0 0 32768 32 0 0 8192 0 32768 0 64 0 2097156 0 0 131072 0 32768 0 268451840 16 0 0 64 0 0 0 0 0 0 0 0 1048576 2304 0 2097152 0 536870912 32 0 2 0 49152 2048 0 268435456 0 4 0 0 0 268435456 256 0 0 131072 33554432 0 0 0 1073741832 134217744 67371008 0 0 0 0 0 0 0 0 256 8388864 4 0 131072 0 4194304 16777216 0 1 2105344 0 0 4194304 0 0 16384 128 35651584 536870912 0 0 4096 2147483648 131090 4096 0 512 0 33554464 16 65537 512 0 1 0 0 12288 0 67108864 131072 8388608 0 0 0 0 0 0 0 0 0 4096 32 0 0 0 0 0 2 67108864 0 268697600 2304 0 2 65 16 16785408 0 0 0 530432 526336 0 0 0 262144 32 0 0 2048 0 0 536870912 0 8388609 0 0 8 1 0 67108864 256 0 0 268435456 0 0 0 134217728 786448 256 0 0 0 0 0 0 0 0 0 0 262144 2
is_linear=0
shrinkage=0.1


Tree=10
num_leaves=63
num_cat=50
split_feature=34 2 2 2 2 34 2 2 2 28 2 7 2 7 2 2 2 2 35 2 5 2 2 6 2 2 2 2 2 6 2 2 29 2 2 2 2 2 31 31 2 2 2 2 2 2 7 2 32 2 2 7 2 30 2 2 2 34 35 2 2 26
split_gain=408.083 81.7156 63.3843 57.9336 52.0749 43.8557 36.9063 36.5925 32.4426 30.8044 40.5912 30.6644 37.0492 30.4613 39.7829 37.4027 30.1175 29.4173 29.0337 24.0651 23.7647 39.6154 27.6221 26.3917 44.6761 28.7034 27.3761 22.3233 22.0697 21.6245 31.5548 30.5713 21.5022 40.3109 39.8177 26.3699 20.9457 19.6405 19.1985 18.1607 17.8309 17.4063 16.2255 15.6536 15.4942 15.4603 15.3954 15.3278 14.8486 16.7437 15.1394 14.7103 16.335 14.4508 41.9659 32.3327 15.1501 14.3013 13.9472 13.3441 13.2787 13.1873
threshold=112.50000000000001 0 1 2 3 36.500000000000007 4 5 6 2.5000000000000004 7 8 9 10 11 12 13 14 10.62442660550459 15 16 17 18 19 20 21 22 23 24 25 26 27 4.5000000000000009 28 29 30 31 32 193.50000000000003 15.500000000000002 33 34 35 36 37 38 39 40 8.5000000000000018 41 42 43 44 1.5000000000000002 45 46 47 117.50000000000001 7.502508361204014 48 49 30.500000000000004
decision_type=8 9 9 9 9 10 9 9 9 2 9 1 9 1 9 9 9 9 2 9 9 9 9 9 9 9 9 9 9 9 9 9 2 9 9 9 9 9 2 2 9 9 9 9 9 9 1 9 2 9 9 1 9 2 9 9 9 8 2 9 9 2
left_child=2 61 -1 -3 -4 6 -6 -7 -5 10 38 12 18 14 -10 -15 -13 -16 -11 -14 21 -18 -22 24 -24 -25 -26 57 58 31 -31 -8 33 -33 -34 -35 -28 -32 39 -9 -27 -37 -38 -12 -36 -30 -39 -48 50 -50 -29 60 -53 55 -55 -44 -56 -19 -17 -57 -43 -2
right_child=1 3 4 8 5 7 29 9 13 11 43 16 19 15 17 28 20 27 -20 -21 22 -23 23 25 26 40 36 48 45 30 37 32 34 35 44 41 42 46 -40 -41 -42 51 53 -45 -46 -47 47 -49 49 -51 -52 52 -54 54 56 59 -58 -59 -60 -61 -62 -63
leaf_value=0.061209488214178487 -0.030491760305156032 0.041090476414660307 -0.01672903177810375 -0.031611814763199686 -0.037805188842877119 0.046879923737216139 -0.025678669806121487 0.29720777330226777 -0.035295854052297508 0.15707582343191745 0.033283311939055669 -0.028349428136651384 -0.058374401759648836 0.039723325274439385 0.036607675531752197 0.026087818135951096 -0.040873277551569803 0.22615480002113958 0.51517628035829854 0.040974674678947526 0.045094436072966267 0.055236254044734256 -0.036186055357136704 -0.029016552350609001 -0.037083704344770832 0.03429353173680106 -0.03541538164260899 0.02868783387780633 0.038999937248036867 0.07324130546414373 -0.049465735763027111 -0.046345237501019904 -0.027572703719624982 0.081584935856110777 -0.00847839293414193 -0.040519714006940509 -0.029649419401140138 -0.043729391687558239 0.36220159570159233 0.052349651861030133 0.00025766433420667948 -0.019885558836764527 -0.036314889212979054 -0.028670312458139113 0.04892259239944944 -0.026923401088353806 -0.040540743766694975 0.026241090317450717 -0.031695864410033268 0.071726017429745423 -0.008654905053645948 0.061066137881598051 -0.010725774962832946 -0.038518276512407627 -0.0054497017384219845 -0.018387327113502057 0.082270305393523549 0.039161529364772456 0.26861072376952405 0.05229970810048027 0.050215684910463548 -0.049429478514171711
leaf_weight=279.79655925021507 795.1373695388902 185.57799550215714 527.58139313396532 914.78648324939422 80.766232266556472 237.60364963579923 82.396606959169731 3.3950681276619461 337.90394179872237 26.815557248424742 38.195486235665157 201.90687308111228 21.150424673920497 90.867208913899958 200.88886774610728 64.278402700438164 46.912902771495283 4.2917727809399366 2.4728690185584119 134.62462334660813 176.772502474254 231.12584230164066 114.25469949352555 304.97676015761681 51.225012895418331 163.98683908372186 34.803033368429169 106.14725582976826 29.454617580631748 51.44069198705256 66.52684018900618 72.973239293554798 74.388053289381787 74.873741264687851 53.241914551937953 36.658164114924148 28.842004952253774 40.597635957645252 2.5857094628736368 28.094382748473436 1347.367122954689 29.997435193276033 57.285720869433135 446.3785792136332 1210.5111477626779 1769.4040657901205 32.024098959518597 223.5372233230155 19.342352574807592 39.491494758520275 1805.1326488971245 29.185050896834582 156.78600603272207 36.401371934683993 28.869511740515009 30.259246300673112 225.75061541423202 86.996296339901164 2.4621008681133381 218.62162853602786 212.84374294360168 684.02826515282504
leaf_count=10729 120516 9364 32276 135513 4137 9951 3785 147 43372 1544 2056 14246 1277 7977 16527 7488 1842 229 96 8454 8379 8661 6748 17227 2851 8149 2215 10513 2768 2014 2434 2941 3836 2413 2438 1504 1989 2054 158 1356 85104 1049 3049 25370 49178 208748 1289 9612 1777 4480 226079 1204 7003 2136 1818 2076 13583 7646 179 14042 7539 112074
internal_value=-0.00094676 -0.0181074 0.0152159 -0.0125571 0.0133502 0.0157157 0.0261621 0.00952342 -0.0144484 0.00717109 -0.0155483 0.0105734 0.0491819 -0.010941 -0.0038081 -0.0203532 0.0082338 0.00102965 0.139635 0.0247779 0.010702 0.0381639 0.00786855 0.00521781 0.0199258 -0.00154582 0.0293057 -0.00259751 -0.0234755 0.0283113 0.00690011 0.0326159 0.0351957 0.0198711 0.0424825 0.0291321 0.0349281 -0.00422199 0.0775112 0.0787493 0.00415181 0.0191563 0.039334 -0.0232127 0.0464567 -0.0256343 0.00722494 0.0166612 -0.004928 0.0445287 -0.00647618 0.025065 0.00308194 0.0430991 0.0597762 0.0286547 0.0724943 0.0432184 0.0304693 0.0433272 0.0411123 -0.0389858
internal_weight=14713 7136.19 7576.8 5657.03 7297.01 6769.43 2528.75 4240.68 5471.45 4003.07 518.649 3484.43 185.063 4556.66 2600.19 1956.47 3299.36 2262.29 29.2884 155.775 3097.45 278.039 2819.42 2642.64 826.313 1816.33 712.058 2061.4 1865.6 2447.98 414.126 2033.86 1951.46 613.317 1338.14 540.344 660.833 362.686 34.0752 31.4895 1511.35 465.47 626.03 484.574 1263.75 1798.86 296.159 255.561 1970.11 58.8338 1911.28 428.812 185.971 597.188 291.021 306.167 254.62 91.2881 66.7405 248.881 242.841 1479.17
internal_count=1307209 915250 391959 682660 381230 348954 104430 244524 673296 234573 29087 205486 11371 537783 310623 227160 194115 267251 1640 9731 179869 10503 169366 160987 50507 110480 43759 250724 219183 100293 17403 82890 79105 23653 55452 20712 40908 15389 1661 1503 93253 18299 38693 27426 51616 211516 12955 10901 242849 6257 236592 16795 8207 36704 17537 19167 15401 7875 7667 16118 8588 232590
cat_boundaries=0 50 101 153 199 249 302 354 403 404 455 456 508 560 609 661 713 714 763 812 813 865 913 964 1013 1065 1066 1118 1167 1216 1268 1320 1371 1422 1473 1525 1577 1627 1677 1729 1730 1778 1829 1881 1882 1933 1983 2034 2086 2137 2186
cat_threshold=538968064 131072 32 4096 0 584 0 0 65536 0 2147549184 33558592 0 2 0 0 2147483648 256 0 0 8 0 8256 0 4 0 2097152 16384 0 0 128 524288 0 0 0 0 0 268451840 0 0 0 128 0 0 0 8 0 0 8192 536871936 0 640 0 0 0 8192 524288 2097152 0 16777216 64 0 0 262144 128 4194304 64 128 0 0 268435456 0 0 0 0 0 262144 0 134217728 524288 0 0 8192 0 4718594 2560 0 136314880 1073758208 0 0 0 0 0 0 524288 0 0 32 512 8388608 0 0 196608 0 8388864 0 8388608 0 0 0 0 65536 1048576 67239936 0 16777216 0 0 32 0 0 4194304 4 16384 0 0 0 16 32 0 0 512 0 16 0 536870912 0 134217792 131072 0 4096 0 32768 0 0 524288 524296 9437184 0 0 655360 32 0 0 1024 1024 538443776 0 0 0 4194304 0 37748736 67108864 0 0 0 3145728 0 0 0 256 1 0 0 8388608 0 0 8 134217728 0 0 136 524288 32768 8192 0 0 0 16384 0 2181038144 0 16416 0 537395200 2 2097154 16384 8388608 0 16777216 0 0 0 36864 0 0 0 0 2147483648 67108864 32768 0 16777216 4096 0 16384 0 536870912 16448 0 0 0 0 1073745920 0 0 0 16 0 8388608 32 0 0 268435458 262152 0 4 4096 0 1090519040 0 0 8 0 32834 536870912 268435456 0 0 16777216 2097152 0 0 16777216 262160 0 2052 0 0 67239936 0 128 0 33554432 32 0 0 67108864 0 0 32768 0 0 1073741824 0 128 0 0 0 8390656 0 0 262144 0 0 268451840 537010176 262144 0 0 0 0 8 0 8945664 1024 0 0 1 1 134217728 0 0 268436480 0 0 32768 0 0 0 67108864 4 2048 0 2684354568 2048 0 0 0 0 536879104 0 0 0 4 1048576 0 4096 0 0 32768 0 1073741824 0 32 8519680 0 142868480 0 4 0 1024 536870912 4 0 64 2 0 0 0 16384 0 0 0 0 134217728 553648160 0 0 0 4224 524288 0 4096 0 0 33554432 0 0 0 268435456 536870912 0 0 0 16793600 1610613760 268435456 0 0 262176 67108864 67108864 0 0 0 0 1073741824 2147549184 524288 0 2052 0 0 0 0 0 16777220 1 2105344 8 768 0 1048576 0 0 512 0 0 0 33554432 0 4096 0 2 4 32 0 256 0 0 0 1 0 0 0 536870912 0 65536 2101376 131072 4 67108864 0 134217792 0 0 276826112 0 524288 0 0 0 17408 131072 128 0 0 524288 0 0 1024 44 0 0 0 0 0 0 0 4096 536870944 0 37748736 0 32 134217728 256 2097408 0 128 268435456 0 2147483650 0 0 2 2048 0 32768 0 524288 0 0 0 0 33554496 142606336 0 263168 0 0 0 0 1048576 8388608 73728 0 0 512 0 8388608 134217728 0 1024 132096 1024 0 0 134217728 8192 65536 2 0 2415919168 2049 0 0 0 524416 0 0 0 2097152 0 0 8 0 268435456 2147483648 0 0 4096 268435456 524288 0 0 0 64 0 131074 8 0 0 0 16 0 0 8519680 2097152 0 0 0 0 134217728 1024 1024 512 0 0 4096 0 0 0 0 0 16384 0 0 268435456 0 4 0 536870912 0 268435456 2 536870912 0 1073741824 0 16416 0 2048 0 537395264 0 0 67108864 0 134348832 0 0 335544320 65536 131328 1082130432 0 0 0 160 128 1073741824 0 0 8192 0 0 1048704 512 0 4194304 0 0 0 2048 0 0 0 0 0 0 16 32768 1024 0 196608 0 0 4194816 2097152 0 0 0 0 262144 65536 0 128 0 0 1048576 0 0 0 16384 256 262144 2147614720 0 41943040 8388864 0 262144 67239936 0 8388640 2097152 0 16384 0 0 0 32 0 2147516416 32 2048 268959744 0 0 0 0 0 512 0 0 0 2147483656 0 0 33554432 16384 0 32784 33554432 0 16384 0 0 0 0 0 1048576 0 256 134217984 8388608 132 0 0 0 0 33554432 0 20480 69206016 0 0 2 1166 0 0 0 16 268435456 541327360 0 4096 0 33556480 65568 0 0 16 0 32 0 0 256 8 16777216 1 0 0 12288 0 536875024 0 128 1048576 2097152 0 0 64 0 0 0 2164260864 262144 0 0 0 16384 8192 0 0 0 262144 67108864 0 16448 0 32 0 4210689 0 0 0 256 0 0 2147483648 16 33816576 0 131072 0 2147483648 1073741824 0 0 0 0 528384 0 67108864 553648128 640 131072 2147483648 134217728 0 0 0 1024 2097152 0 4194304 8 0 0 0 67108864 0 0 536870912 262144 16777216 2 0 134217760 0 0 0 544 536870912 2 536870912 534528 0 0 0 2 131072 32 512 0 512 0 0 0 0 0 8192 0 4096 33554440 0 65536 8388624 0 0 268435456 0 1048576 0 0 4 256 256 0 134217728 0 0 0 0 0 67108864 536870912 268435456 1024 0 0 1048704 0 0 0 134217729 2147488000 32 0 524320 0 0 0 2080 0 0 256 0 0 8 32 8192 0 0 0 0 33554432 1024 0 0 0 0 0 1048576 0 4325376 1048640 0 0 0 0 131072 16908288 8388612 33554432 16777216 4098 128 1024 4194304 0 0 0 0 512 0 0 0 134217728 0 0 4096 0 0 0 8388608 0 65536 0 0 0 128 8388608 4 67108864 268435472 68157440 64 512 0 0 512 0 0 268439552 0 0 160 33554432 2147484160 16 0 0 0 16384 512 0 1081376 0 0 1073741824 0 0 0 0 0 16 0 1048576 0 4096 0 0 0 0 528 67141632 536870912 0 0 0 0 134250496 0 268435456 1 134217728 16908288 1 0 2151682048 16777216 0 2097152 0 0 65537 0 192 131072 32 16 0 0 0 524288 524290 0 0 0 1024 0 0 524288 0 0 0 0 0 268435456 150994944 256 512 0 0 0 0 268435456 0 0 0 16777216 268435456 536870912 8 67109120 1049088 2097152 0 32768 0 8193 1073741824 0 0 2147483648 64 8192 0 0 0 65536 0 0 33 0 67108872 256 64 6 0 0 4224 0 0 20971520 1 0 0 2048 589824 32768 268435456 32768 137216 32 536870912 0 0 0 0 32 0 0 0 0 32832 16 0 1048576 0 0 0 133120 0 0 262144 0 0 0 128 268435456 16400 0 0 0 0 1048576 0 0 4096 4 33562624 131072 0 0 0 0 268435456 0 0 1073741824 32768 288 0 128 4194304 0 2048 0 0 0 0 134217728 0 0 0 33554464 64 0 0 131200 0 0 0 268437504 0 0 262144 268 33619968 0 0 268435456 16 8 33554436 0 1048576 0 512 0 0 0 4112 268435520 2097152 0 0 2621440 0 134217728 0 65536 0 0 2080 570491392 262144 0 128 0 0 0 33554944 0 8388608 2097154 0 0 0 131072 0 524288 0 0 0 0 4096 4 0 256 0 512 131073 0 0 0 0 16777216 1 0 128 1 0 32768 0 128 0 0 0 16384 268435456 0 264192 0 0 16777216 4194304 32768 0 0 4 0 128 0 536903680 8192 0 0 0 134217728 0 0 0 0 0 0 268437504 520 0 0 16384 301989888 512 0 0 0 0 8 16384 536870918 0 0 0 262144 0 0 0 0 32 0 0 524288 0 0 8390656 0 0 0 0 1073741824 32 0 0 4 128 1073741824 32768 1572881 536870912 0 4 1049088 1073742848 0 512 16 0 64 0 0 67108864 0 2147500032 0 0 33554432 16777216 0 0 0 1024 4 8448 0 0 0 0 262144 32 64 0 536870912 0 8 20480 0 256 536870912 65536 262160 0 536870912 8388608 0 0 0 136314880 0 0 0 0 262144 256 80 0 16777216 8 0 0 16777216 17 0 0 131072 0 8 0 0 1048576 2097152 0 0 524288 0 4194304 0 528 268435456 536870913 0 0 32 0 0 0 0 0 4 524288 65536 0 0 268435456 2147483648 0 0 33554432 8320 8389632 0 0 0 16384 0 0 0 0 0 1040 134217728 64 20 0 2147483648 0 4 8192 0 0 16777216 4096 67108864 0 33792 1152 134218784 0 0 0 32 65664 2 0 1074268160 0 4096 0 0 0 0 512 0 8388608 8 0 512 2113536 0 134217728 0 4096 8 0 65536 0 0 0 0 0 1048576 0 0 0 0 0 0 16384 512 0 0 524288 0 67108864 0 1052704 0 0 4096 0 16 16 128 0 0 0 0 134217728 0 0 4096 524416 0 4 2147483648 134217728 8388608 0 8192 1 0 8 0 536870912 648 16384 67109120 0 512 0 8 0 32768 0 16 65536 0 536870914 0 0 0 0 0 524288 0 8388608 0 8388608 524288 0 16384 16384 18432 0 8454400 0 524288 0 67108864 528384 262144 0 0 0 8388608 0 256 32 16777216 0 2097152 8192 0 0 0 0 0 2147483648 0 0 0 0 0 0 16781312 2147483650 134217728 65536 2097152 0 0 0 4194304 0 524288 0 0 134217792 0 262144 524289 0 0 0 0 0 0 4096 8388608 16 134217728 536871424 0 2 0 16777216 520 0 0 2147483648 32768 0 0 516 32 0 0 0 0 2147487744 0 1049088 16 0 1310720 0 0 1048576 0 0 0 64 16896 0 0 33554432 0 0 0 536870912 2147483648 0 1048576 2147483648 4261888 8388608 2147483648 2147484160 0 0 0 0 134221824 0 32 0 0 0 536870912 0 0 4202498 4096 4 0 268959744 268435456 2048 1024 0 536870916 0 0 0 0 0 0 0 0 16384 0 0 134217728 0 0 8 1073741824 4 0 64 128 268435456 0 0 0 0 268435456 134217729 4194304 1 134217760 0 16384 0 0 2097152 1073872896 33816576 0 0 0 512 0 1107304449 0 2048 32768 0 0 0 0 1048576 0 0 0 524288 32769 2147483648 4194304 65536 0 0 0 16777216 0 0 0 0 32 0 0 8388608 34 256 0 0 4160 2097168 2097664 0 0 2097152 33587200 0 64 16384 0 0 0 2 0 512 1073741824 8388608 0 8192 4 0 0 536870928 8 536870912 262144 8519680 0 2048 0 0 0 0 2147483648 537395456 0 0 0 512 0 0 0 0 16384 8 67108864 2 0 0 0 524288 0 0 2155872256 1 0 2048 0 4096 0 0 1048576 0 2 0 8 0 8 16384 0 1536 1048576 0 1573376 0 0 16777216 0 1 0 0 2097184 536870912 0 0 2 0 0 0 0 4 98304 0 4194304 4 8192 0 18432 0 0 0 0 16777216 0 16 524288 1073741824 0 16 16777216 0 33554432 1048576 65536 4 0 134217728 0 16777232 0 0 16777216 0 2097152 8 4194304 0 0 0 0 0 0 0 524288 8388608 0 4100 0 64 1073741824 2080 0 16384 1024 4194304 0 4096 36 512 1024 0 65 65536 0 512 0 8388608 8388608 0 8404992 268435456 4 0 50331648 0 0 512 268435456 64 0 4096 0 0 512 16384 256 0 0 0 67108992 2097168 0 0 0 0 4194304 256 0 0 131072 0 67110912 0 0 0 16384 0 0 16384 0 0 0 134217728 0 32768 0 0 0 0 0 1610612738 0 1 0 512 8 0 0 8 2148532224 0 8192 0 0 32 16384 2048 2101248 0 4 0 0 0 0 1073741840 8388608 256 0 0 0 536870912 4210692 8704 0 0 0 8912897 0 32 0 4325376 0 0 268439552 0 128 33554560 32 33554432 0 0 0 0 0 0 33554432 0 0 0 0 536871424 0 0 0 1024 10518544 0 67110144 0 0 0 0 64 0 32 4196352 64 262144 0 2147483648 0 0 0 4 0 0 0 0 1048576 1024 0 0 67112960 0 0 0 513 0 0 4096 0 16 134217728 0 0 2147483904 16779264 0 0 0 2 0 131136 33558532 0 805306368 512 65556 0 0 0 0 0 0 0 0 134217728 1048576 0 0 0 268435456 32 0 0 33554464 16777216 0 0 0 0 553648128 1 1073741824 4096 0 38010880 4 0 0 0 16 134217728 4 0 0 0 0 0 0 0 65536 0 1 64 0 0 268435456 0 268451968 0 16384 0 0 0 0 0 32768 1073741824 0 589824 0 4 128 0 16777216 512 8 512 1048576 0 256 2281701376 512 1024 4194304 0 65536 0 512 0 8388608 8388608 0 0 0 32772 0 16384 24 1024 0 0 64 8 0 0 32 0 16388 32 0 0 65536 67108864 2097152 0 0 1024 0 0 256 0 0 0 0 67108864 0 0 0 16384 67108864
is_linear=0
shrinkage=0.1


Tree=11
num_leaves=63
num_cat=56
split_feature=34 2 2 6 2 2 2 7 2 5 2 2 9 2 2 9 9 2 9 2 2 2 7 2 2 2 2 9 9 9 2 2 29 2 9 2 2 2 2 2 9 2 9 34 2 9 34 9 2 2 9 2 9 2 9 2 34 2 9 2 2 36
split_gain=339.903 66.5766 57.4347 43.996 49.8665 46.7261 43.8656 40.1391 56.1245 40.991 60.1998 39.9505 39.6751 37.9001 36.5526 31.4067 31.1692 30.0022 29.7981 51.0459 35.8564 34.0286 28.4282 39.8724 28.4165 27.5917 27.0019 25.5363 24.918 24.915 40.7105 23.9443 23.7821 50.1128 28.4139 31.5498 28.2708 24.5148 22.4362 22.3575 21.3462 21.2587 20.645 24.0727 21.6289 20.5463 20.2346 20.0769 29.3957 23.7858 19.4736 19.29 17.8699 17.5537 17.4148 19.4871 16.813 32.641 16.68 15.9084 15.7667 15.5625
threshold=119.50000000000001 0 1 2 3 4 5 6 7 8 9 10 11 12 13 14 15 16 17 18 19 20 21 22 23 24 25 26 27 28 29 30 3.5000000000000004 31 32 33 34 35 36 37 38 39 40 255.50000000000003 41 42 279.50000000000006 43 44 45 46 47 48 49 50 51 24.500000000000004 52 53 54 55 9.0053003533568923
decision_type=8 9 9 9 9 9 9 1 9 9 9 9 9 9 9 9 9 9 9 9 9 9 1 9 9 9 9 9 9 9 9 9 2 9 9 9 9 9 9 9 9 9 9 8 9 9 10 9 9 9 9 9 9 9 9 9 10 9 9 9 9 10
left_child=2 52 16 5 58 40 45 9 50 10 -7 27 14 -14 -10 25 -1 -17 19 -13 -20 -21 23 46 -24 -6 -15 -11 -12 30 -26 -31 33 -22 37 -36 -34 -35 -16 -37 -4 -32 43 -25 -44 -3 -8 48 -28 -49 -9 -38 -2 -30 55 -53 -23 -58 -5 -33 -40 -18
right_child=1 6 3 4 15 7 22 8 12 11 28 18 13 26 38 17 61 -19 20 21 32 56 24 42 29 -27 47 -29 53 31 41 59 36 34 35 39 51 -39 60 -41 -42 -43 44 -45 -46 -47 -48 49 -50 -51 -52 54 -54 -55 -56 -57 57 -59 -60 -61 -62 -63
leaf_value=-0.010666910367681956 0.012651392032261295 -0.0082632693562802971 0.028104688980922402 -0.018259825946368304 -0.059762275552288559 -0.038263237878561854 0.088835287822901385 0.0038950681551768503 -0.049478919072805508 0.034581318422035115 -0.01466943186573625 -0.047253429069094612 0.062183132696831504 -0.03863236980611983 -0.03290512336483447 0.047147809657172204 0.05880714404922336 -0.025573961456641828 -0.020729774248226428 -0.015757092525803363 0.088746533955130824 0.10262717965208024 0.025861613814881407 0.1064721936090246 0.077841487324077432 0.041134897280041376 0.058467568970211971 -0.041884195402737912 -0.0034235373647889069 0.025504696726336429 -0.045525946475114751 -0.033807042676853923 -0.029388349892766466 0.048131470964760094 -0.05611099222158137 0.092382663015825026 -0.014972037626468721 -0.039735490408567171 -0.010106976941958539 0.013842474423202526 -0.035100675762515368 0.008445838592490781 0.060310889634521241 0.0026584357805885875 -0.030547355896882674 0.08442705274579608 0.43478550167879448 -0.038866093001516527 -0.029858711633652519 0.010061145066296861 0.095869879836081986 -0.052502905758384934 -0.039253231050460982 0.082461690001725416 0.033401479168647739 0.02284578016613166 -0.02891053412245629 0.064904417117986765 0.099077361274842499 -0.017638163866667174 0.059517724055024049 0.11680224771384012
leaf_weight=62.368903224822134 70.7260913340142 41.089971833163872 60.618359088432044 18.251121899462305 24.316382810706273 62.065530495718122 52.907950161141343 42.877443199977279 43.805947430431843 51.507633651257493 38.069818169344217 51.345980153186247 68.861055815126747 247.47204497712664 32.663500517839566 52.750657156808302 187.98491028079297 822.78759638301563 229.15344537934288 64.071880262345076 55.067544556455687 92.315302994567901 150.64635337865911 33.230424592038617 57.201737020397559 151.69070628704503 33.187857513548806 164.46951705135871 34.010933664161712 108.13359335856512 92.911219107685611 791.02417035901453 83.498309872229584 29.356978461379185 49.099885559873655 32.349170564906672 96.385169176850468 232.09397493326105 40.924664392601699 351.41598491440527 260.85322333045769 245.26264134095982 21.265866432688199 68.134588869288564 193.46882180974353 61.026581111596897 1.7465145136229683 102.22152473335154 378.52945810486563 870.53902398434002 83.355886047240347 44.846881264355034 1384.3877430943539 312.51403986476362 1668.2122755686287 82.519817469874397 40.836783181643113 286.8891169836279 50.563386955996975 3222.0149442356778 261.41114793880843 61.376565548824146
leaf_count=2464 10992 2314 3779 804 1270 2289 4625 1797 2267 2764 1244 2025 3062 17723 1707 2316 6902 43303 12229 2565 2236 2734 11931 2904 4783 8764 1770 8522 1268 9853 10163 123465 4059 1487 2639 1443 4750 10968 1930 18625 17046 24336 2103 7905 24081 3293 139 5924 21199 53560 3662 2457 215826 10309 85666 5403 1803 12375 2421 429877 13284 1981
internal_value=-0.000957146 -0.0178171 0.0127511 0.0110091 -0.00730229 0.0140869 -0.0123871 0.0159794 0.00501286 0.0217794 0.0503257 0.0182122 0.000934029 -0.00562377 0.0297655 -0.0129423 0.0542436 -0.0207096 0.0208165 0.0425473 0.0167473 0.0528353 -0.013742 0.0127351 -0.015868 0.0247319 -0.00884621 -0.0229249 0.0652295 -0.0173139 0.00666508 -0.019625 0.0199633 0.00486823 -0.00301902 0.0126428 0.0257906 -0.0284597 0.0412616 0.022641 -0.022694 -0.00726425 -0.00187217 0.0333969 -0.0192661 0.0497196 0.0844405 -0.00328315 -0.0215213 0.00457652 0.0672081 0.0282319 -0.0366613 0.0741726 0.0306211 -0.00557583 0.0634213 0.0543128 0.0695887 -0.0209014 0.0500714 0.070264
internal_weight=14706.7 6595.18 8111.51 7799.78 1120.36 6679.42 5140.07 6357.95 2205.85 4152.1 446.66 3705.44 2079.62 1700.81 378.805 1051.55 311.73 875.538 3489.46 535.459 2954 484.113 5037.95 370.754 4667.19 176.007 1631.95 215.977 384.595 4516.55 395.376 4121.17 2724.85 749.384 694.316 432.865 1975.46 261.451 334.999 383.765 321.472 338.174 316.1 101.365 214.735 102.117 54.6545 1384.48 411.717 972.761 126.233 1891.96 1455.11 346.525 1795.58 127.367 420.041 327.726 68.8145 4013.04 302.336 249.361
internal_count=1307385 888590 418795 407448 58878 348570 661772 327745 127885 199860 15110 184750 122426 103238 19188 55653 11347 45619 173464 21502 151962 19477 656165 41757 614408 10034 100176 11286 12821 602477 39282 563195 139733 37398 35162 22707 102335 12455 16921 20068 20825 34499 36993 10809 26184 5607 4764 82453 22969 59484 5459 98276 226818 11577 93526 7860 16912 14178 3225 553342 15214 8883
cat_boundaries=0 52 102 103 154 206 255 256 308 309 360 410 416 467 517 523 529 581 587 638 686 734 735 787 839 889 939 945 951 957 1010 1062 1114 1120 1171 1222 1273 1325 1375 1381 1433 1439 1491 1497 1503 1554 1604 1610 1661 1667 1717 1723 1772 1823 1829 1881 1932
cat_threshold=2097152 0 0 4096 0 520 1 32768 65536 0 65536 67112960 0 2 0 0 16779264 0 0 0 8 0 1073750080 0 4 0 0 16384 0 0 128 524288 0 1073741824 0 0 0 16384 142868480 0 0 128 0 0 4 8 0 0 0 536871936 0 1024 0 0 0 0 2359296 0 524288 256 2097152 0 0 0 0 0 128 16512 0 128 8388608 1342177280 0 0 0 0 0 0 0 268435457 536870912 0 0 0 2098176 0 0 2560 0 136314880 16384 0 4 131072 2147483648 67108864 0 524288 0 1 32 512 6 0 0 16384 1 570425344 0 0 0 0 16809984 0 134217728 0 32768 131072 0 2 262144 32 0 0 0 0 8388608 0 0 32770 2048 0 393216 0 134217728 0 133120 0 32 1 0 262144 16384 0 0 0 8 0 0 1048576 262144 0 605028352 268435456 0 0 0 1024 536887296 32768 0 0 0 0 65536 0 0 0 0 256 545259522 0 0 32 8 0 8192 65536 8192 1024 2099200 2048 134217792 0 8 134217728 0 0 0 0 0 0 134217728 65536 2147483680 0 4194304 1073741832 0 34 0 0 0 0 0 536870912 16384 0 131072 0 0 0 524416 0 0 2048 0 8454144 1048576 0 16777216 16777216 0 32768 0 16384 64 0 0 4210688 0 8388608 0 0 134217728 256 131072 512 2147483648 0 0 1048576 0 134217728 1 0 0 4100 0 76021760 0 0 524288 8388608 131072 44 524288 134217728 0 48 0 0 0 2 0 0 32 512 0 4 33554432 0 65536 256 2048 0 64 0 64 0 65536 0 0 0 0 0 0 512 0 0 8388608 269485056 1073741824 4194304 0 268435456 0 1048576 512 8192 128 0 16777216 0 18874368 0 8388608 1024 3078 268435456 0 128 16 0 0 134217728 32770 0 2048 268435456 4096 0 18 0 32 33554432 0 2097152 0 1 0 4 0 0 8388608 8 8 128 0 0 0 0 64 0 1048576 1342439424 0 16 0 0 0 4 73728 0 0 0 0 67108864 0 8388608 532480 131072 0 0 0 0 0 0 0 0 134742016 0 4096 16777216 0 2097152 16777728 0 512 65536 64 8192 0 0 134283264 0 0 33554432 1152 135168 2097152 0 524288 268435456 0 0 1073741824 268435456 0 16384 0 0 0 1 33554432 2097152 0 0 2097152 536870912 4259880 17984 60145736 1610686480 3246456832 8400896 268437504 0 1073741824 262144 64 0 0 0 64 0 526336 1073758208 86016 67108864 0 0 0 0 262144 0 0 0 20480 0 2147483648 512 8388624 67108864 0 0 0 0 0 131072 0 0 294912 0 0 0 536870912 128 0 0 0 0 0 524288 0 0 268533760 2048 0 4096 0 1572864 0 65537 64 0 8192 0 4 0 0 0 0 8 0 0 536870920 536936450 536870912 0 0 128 0 16 0 0 0 2097152 0 16 133120 1048576 32 268437504 1048576 1074266112 0 0 0 0 0 0 8 0 0 8388608 1048576 3590324483 294913 2299543560 268440840 8401152 8393990 84246537 2048 135397440 1913132064 147130498 3 524288 32 0 0 0 8388608 536871040 2147483648 16 0 8196 32768 0 0 0 0 72 0 2048 134217728 65536 0 0 0 0 1056 0 20 0 16384 0 0 32768 0 0 32768 134219776 64 0 320 0 33554432 16384 0 0 16 0 0 0 0 0 4 67272760 16908289 268959744 3288334336 2148008064 1035 2048 512 0 0 64 4194304 1 4096 0 0 0 67698752 0 0 0 0 0 0 4196352 24 0 512 64 0 0 0 4096 16 0 0 0 0 0 0 0 32768 67110912 0 0 64 128 0 0 16 2 33554432 0 2099200 0 256 402653184 1024 0 1069056 4 0 512 134217728 2147483648 536870912 8192 32 0 81920 67108866 0 0 0 0 0 1 0 0 0 268435456 0 0 0 67108864 0 16384 0 0 0 134217728 4194336 1048576 131072 0 537133056 0 8 16384 16 0 4194304 0 536870912 262144 0 0 128 0 0 16384 0 0 0 1073776640 64 32768 0 0 4100 0 0 262400 2097152 0 0 32 0 0 0 8388608 16384 0 262144 262176 0 0 4227072 32 0 0 4194304 2182086656 0 8388608 0 0 393216 0 8388608 8 0 4096 40 0 0 1048576 2048 4194304 0 0 0 0 0 2048 33554432 2147483648 0 8390656 2147500064 2147483648 16 0 0 0 0 0 0 18907136 0 2097152 0 2097152 1048576 65536 0 4096 0 8388608 0 4194304 0 0 0 256 0 0 0 33554432 256 0 1048578 68165632 0 0 16777216 1024 0 1073741824 262144 134217728 0 8389632 0 0 0 0 1073741824 0 0 0 0 0 1048576 2147549184 0 0 65536 512 0 0 0 512 0 0 0 2097152 262208 16777216 0 512 0 34816 0 524288 0 4112 0 32 0 0 0 128 16392 524290 8 524288 8192 0 4194304 4096 16777232 0 536870945 0 0 0 0 4194340 64 0 16 4096 2048 0 0 0 0 536870912 0 0 0 32 0 0 1073741840 0 16384 16 16 0 0 0 0 138412032 1048832 16 320 128 0 16384 0 0 2 0 0 0 32 256 0 128 0 0 512 0 0 32 0 272629760 0 0 0 2048 0 33554496 33554432 256 0 2701131776 536870912 0 0 16777216 0 4 16 0 0 128 524288 0 0 0 32 0 16640 0 64 0 0 16384 537591840 0 0 0 0 8388608 536870912 147456 2311169 134807616 2225083152 1096290576 86528 2181044233 2315255808 524352 3355574784 17434752 67076 270156096 621904908 1441889 537403404 1153 16896 0 4194304 65664 0 0 33554432 134217728 0 32 256 268435456 0 4 0 32 0 0 0 1024 0 2164260864 0 536870912 0 16785408 4 0 1048584 525312 262144 4 0 0 0 1 0 8388608 4096 131072 64 0 0 1024 0 0 0 0 2 0 0 268435456 0 1 0 0 0 134217732 0 0 0 0 0 268435456 1 0 0 0 0 0 131088 0 544 33554560 65536 0 4 8 2147483648 0 0 268435456 0 514 0 0 268435456 2147483648 0 537395200 0 96 0 0 0 0 32768 16 4194304 264192 16392 1024 0 0 0 32 33554432 0 0 1 1572864 32 0 0 0 16 64 0 0 1 0 33554432 0 0 0 2147483650 536870912 4194304 134217728 4 0 0 32832 1073741952 512 524288 0 524288 1073741824 0 2 32 8388608 64 524288 0 0 0 0 8192 0 0 0 0 8192 0 0 4 3490512961 4490240 5509156 144713225 4195584 8421376 2147484160 4194304 0 0 268435456 2097152 640 33554432 4456448 0 0 0 0 0 0 1572896 33554432 256 0 8 2147483648 0 131072 0 4096 536870912 4108 40 0 0 192 0 32768 2048 0 0 0 0 1073741840 0 0 0 0 0 0 0 0 0 0 0 134217728 1 32 0 512 524544 262144 0 1024 0 16384 0 1610629120 262144 0 131072 0 0 0 33554432 0 536870912 134217730 512 0 0 0 32768 134217728 0 0 256 592 0 0 8388608 32 8 65536 256 0 64 0 0 0 0 0 0 0 8192 0 131072 268435713 134218752 0 0 0 262144 128 33554432 262144 524288 0 0 268435456 16 33554432 4194304 0 0 0 0 0 0 0 0 16384 8388608 536871426 0 0 0 0 0 0 8256 0 0 0 81920 1073741824 64 0 0 16384 65536 4 0 0 9437184 0 8 32768 0 0 0 16777216 134217728 0 0 37376 262144 6144 8192 64 16384 0 0 0 0 0 512 2147483649 16777216 32 4 0 0 134217728 0 0 4096 32 16 0 2048 0 0 16 0 256 0 0 0 268451840 0 1 0 0 0 530432 0 0 1024 4 0 1073742336 0 0 80 0 0 0 0 16809984 0 4 0 131072 4 16777216 8 0 0 0 0 8 4 0 0 0 262656 524288 2097152 0 0 512 16 0 0 0 262144 256 0 41943040 0 0 131104 526336 128 0 4 524288 32768 1024 1140850920 1073873985 2979004417 2181038080 2269138952 82560 128 134217728 1048576 134217728 268435456 32 536870912 0 1024 0 2181038080 0 0 0 2048 16416 0 0 0 128 131072 536870912 4 0 128 536870912 2097152 65568 33558528 0 0 0 0 0 0 32768 262144 0 0 0 0 0 4194304 536870912 0 1073741824 8 0 0 0 4096 2 8407124 65537 153098272 69272323 176685328 8394764 8192 4194304 0 0 0 0 2147483648 0 0 0 2148007936 64 268451840 0 0 33554432 0 0 0 258 256 0 67108864 8192 16384 0 0 8 2147483648 0 17 0 0 0 5 514 2097152 0 0 0 0 0 2147484672 536870912 0 8388608 0 4096 2097408 0 0 8192 52352 8388704 18878754 2315255840 33882114 8960000 553687440 16779296 608305157 210109448 138554372 16384 0 0 0 4 0 536870944 256 0 536870912 0 67108864 536870976 0 2 0 0 0 4096 32 2 8454144 0 0 0 0 0 0 33685504 0 262304 67239936 1048576 0 0 32 0 0 0 0 16384 0 268435456 0 16 0 0 128 4 0 134217728 266240 16384 1073741824 0 0 402653184 536870912 134217728 0 1048576 16777216 64 0 2147483648 0 262144 2147483648 0 0 536870944 2 8388608 0 0 0 20480 4128 8192 33554432 0 67108864 0 0 0 0 0 0 0 0 0 8388608 0 268451840 131072 0 0 0 524288 0 768 8388864 67240000 362563 268701729 25858112 9232 4228612 0 0 0 0 128 0 0 8192 32 524288 0 0 0 0 0 536872960 0 4096 0 2149580800 65536 0 0 8388608 0 134217728 0 8192 512 32 545259520 0 2 16 0 0 0 16777292 0 2147483648 0 0 0 2048 512 33554432 524288 1024 0 8 2147483648 8495168 64 2416197632 537526564 537133216 526376 524288 0 4198400 0 0 0 0 0 262144 4096 101187588 536871424 268435456 1 4 0 0 0 0 8 0 0 131072 4 16777216 0 0 65536 0 65536 0 67108864 2048 0 0 1073774592 131072 16384 2048 0 0 0 134218240 0 0 0 0 0 32768 8388608 143655681 76546176 251658378 135004160 540049408 8658948 2048 0 0 134217776 0 32 0 0 0 0 4194304 68 0 16 33558528 1048608 0 0 0 0 2147483648 536870912 0 0 0 0 512 48 0 1048576 192 0 0 0 0 0 0 0 0 64 256 268435456 17408 524288 4 24 0 2 67108864 512 0 0 134217728 524288 0 536870944 0 0 16777216 4194304 1207963648 0 0 0 512 33554440 0 0 0 16777216 1 0 33554432 0 0 8192 0 0 0 0 0 0 0 0 0 0 64 536870916 0 2048 536870912 1024 536936448 4 0 0 524290 512 67108864 1048576 0 0 3246129156 4816896 1073807376 16384 1 134348800 32 0 1024 64 0 0 32 0 301989888 33554496 4 2048 0 2147483648 2147483648 0 8388608 2 2 0 0 0 0 4 0 0 524288 0 4194304 0 0 0 8388608 0 0 4352 16 0 0 262144 1024 0 0 0 64 2 8192 0 268435456 16384 268435456 1024 1048576 0 64 0 640 0 0 0 0 134217728 2147549184 0 0 2148007936 0 0 2097408 0 0 0 0 33554432 0 0 0 1107296256 512 0 131076 524288 32768 0 0 32768 0 65536 264192 0 0 0 1028 65536 4 0 0 0 0 1032 134217728
is_linear=0
shrinkage=0.1


Tree=12
num_leaves=63
num_cat=53
split_feature=34 2 2 2 13 2 2 2 5 6 7 2 7 2 2 2 2 2 2 36 2 2 5 2 2 2 28 2 25 2 2 2 2 2 2 7 2 2 35 2 36 2 2 2 2 2 2 31 2 2 10 26 36 2 2 7 2 2 36 2 2 2
split_gain=277.903 66.4442 46.6403 45.791 40.5635 53.5002 41.3145 37.6101 35.2292 31.5325 57.629 46.1892 43.4995 40.3249 38.1469 36.1935 27.2605 26.3132 25.5203 24.3276 32.5342 30.0131 23.0093 36.8528 27.3202 22.6093 22.4119 25.5206 22.2153 28.2154 24.4583 20.6655 19.7354 18.6952 17.6779 16.7263 29.2641 28.5004 16.2225 15.9106 15.5613 41.1665 26.5164 15.1675 15.1302 15.0081 14.8543 14.7836 22.2803 17.2502 14.7575 14.2076 14.1299 24.9844 14.0327 13.8793 28.7365 27.5482 15.2603 23.057 18.5242 14.0121
threshold=112.50000000000001 0 1 2 3 4 5 6 7 8 9 10 11 12 13 14 15 16 17 3.7512886597938149 18 19 20 21 22 23 2.5000000000000004 24 25 26 27 28 29 30 31 32 33 34 8.2710574652322233 35 8.334087481146307 36 37 38 39 40 41 243.50000000000003 42 43 44 16.500000000000004 12.889988998899893 45 46 47 48 49 8.4518934081346426 50 51 52
decision_type=8 9 9 9 9 9 9 9 9 9 1 9 1 9 9 9 9 9 9 10 9 9 9 9 9 9 2 9 9 9 9 9 9 9 9 1 9 9 2 9 10 9 9 9 9 9 9 2 9 9 9 2 10 9 9 1 9 9 8 9 9 9
left_child=3 51 -3 -1 5 -5 -7 -6 -9 10 50 -12 13 -11 -14 -13 -16 -4 -8 21 -21 -19 24 38 -18 -22 46 -28 29 -17 -30 -26 -25 -23 -32 36 -35 -37 -24 -38 42 -42 -36 -43 -39 -44 -20 49 -49 -34 -10 -2 53 -29 -27 57 -57 -33 59 -59 -60 -58
right_child=1 2 17 4 7 6 18 8 9 12 11 15 14 -15 16 28 22 19 26 20 25 33 23 32 31 54 27 52 30 -31 34 55 47 35 40 37 39 44 -40 -41 41 43 45 -45 -46 -47 -48 48 -50 -51 -52 -53 -54 -55 -56 56 61 58 60 -61 -62 -63
leaf_value=0.050156847272053398 -0.019637350952357184 0.040432690638809714 0.033018246464172452 -0.046539363247786861 -0.02246641624849258 0.0880695923529137 -0.035702213398786202 0.092996649501941517 0.21160570521524541 0.062938921515308832 -0.034038193020492845 0.072212635383274493 0.044120014215533895 -0.05438901218639032 -0.022676185446380347 0.070869181471504131 -0.023631290200540573 0.031195791457817697 -0.064605854691119138 0.04668727439680765 -0.040835480530436188 0.023348573868021 0.039219100391771032 0.04081284454466487 0.046532005064346564 -0.037266518267119179 -0.028152238269703225 -0.021950250961492883 -0.030963218643462923 -0.031313614620033327 -0.030209057197608743 -0.030269621290096305 0.035673677398467267 0.031391440435953641 -0.030385078745612859 0.036775732235348801 0.028626617781101017 0.017480358030949602 0.14697636239317347 -0.017752485077706697 -0.040278535774073906 -0.0053127336386564611 -0.026314042418323653 0.072046478760357829 -0.031289761470110304 0.030427480953455061 0.010516562495058585 -0.049236637710104503 0.035405876820162746 -0.020302442742835269 0.094192939542862245 -0.041308320029020816 0.080959262120818581 0.044371234496367526 0.0063139079254290248 0.055773860204288178 -0.039382333702366823 -0.054128551238504165 -0.019407323391897477 0.019424091821222528 0.033814905505160475 0.00017351653761298492
leaf_weight=293.85490910685621 431.69686998368707 165.38518220302649 117.681851683883 82.474564090603963 389.86107336878194 119.2026320976438 56.027670456795022 40.04465129878372 13.004560858011246 27.027384830638766 161.41445685666986 118.76571507565677 239.00720793497749 197.17859669483732 346.33203395979945 22.739541042596102 178.81662470288575 120.48829601891339 22.487945848610252 124.61115814826917 144.71152503509074 100.52215342049021 74.88286796072498 64.911453840322793 198.25755111407489 73.417515044799075 51.29319792019669 61.420559289632365 77.716595510952175 161.73835439537652 49.822417853167281 96.523810201790184 50.682127825682983 129.52968710137066 85.042894466547295 61.567941754008643 69.271774861728773 64.145912402891554 17.175364178139716 2091.1125797926215 42.720105884131044 35.562567373970523 45.06841964321211 217.19872654066421 1569.0701329351868 682.5593513790518 130.14903171535116 32.144263782538474 119.06015641486738 901.69320017599966 60.534587570931762 1011.0819720975123 87.395991181023419 533.01243808108848 638.09444984374568 68.2723807557486 109.30835745250806 49.583725267555565 68.546148493885994 139.80578208900988 785.36213341727853 368.38796119857579
leaf_count=10301 62932 10709 9087 3600 26448 4863 2313 1304 704 1287 8276 6132 10683 10602 18437 1164 7662 7799 954 10378 12336 10401 5201 4018 8274 6217 2255 3113 4134 8805 2670 3681 3264 12247 4672 5058 4393 8026 759 298248 1778 1518 2449 9670 214424 36984 5110 1732 8035 62127 2096 170218 2837 24588 73027 2951 6033 2079 2587 6108 29498 18007
internal_value=-0.000958804 -0.0155469 -0.0104428 0.0120123 0.0104329 0.0277158 0.0338686 0.00727541 0.00925964 0.00853574 0.0196627 0.0155655 0.00372403 -0.038162 0.00621787 0.0209544 0.00363615 -0.0121022 0.0261551 -0.0131876 0.000968804 -0.0165204 0.00643795 -0.00419648 0.0129252 -0.00615822 0.0304227 0.0380242 0.0161928 -0.0157217 0.0210454 0.0165013 -0.00915836 -0.0179602 0.0247711 -0.0190581 -0.0133269 -0.0266783 0.0535107 -0.0161403 0.0274911 0.0473915 0.0205937 0.0613744 -0.0292796 0.0266039 -0.00409485 -0.0124377 0.0164972 -0.0171622 0.101195 -0.0345844 0.042788 0.0378957 0.00136287 0.0127159 -0.00048102 0.0189864 0.0237876 -0.00166503 0.0297113 -0.00949973
internal_weight=14686.5 6912.39 5469.61 7774.07 7480.22 1143.46 1060.99 6336.75 5946.89 5906.85 1773.89 1700.35 4132.96 224.206 3908.75 1538.93 3669.75 5304.22 941.787 5186.54 980.835 4205.71 3323.41 1260.55 2062.86 856.223 885.759 733.122 1420.17 184.478 1235.69 1884.05 1168.49 4085.22 1157.97 3984.7 2289.91 1694.78 92.0582 2160.38 1108.15 295.481 812.671 252.761 1633.22 727.628 152.637 1103.58 151.204 952.375 73.5391 1442.78 681.829 594.433 711.512 1685.79 545.969 1139.82 1043.3 189.39 853.908 477.696
internal_count=1307263 915500 682350 391763 381462 49633 46033 331829 305381 304077 91052 88252 213025 11889 201136 79976 190453 671641 41170 662554 101958 560596 172016 85136 86880 91580 38857 32793 73844 9969 63875 79218 79176 552797 59741 542396 314888 227508 5960 302641 57071 12966 44105 11188 222450 39433 6064 75158 9767 65391 2800 233150 30538 27701 79244 70944 26991 43953 40272 8187 32085 24040
cat_boundaries=0 51 103 154 155 206 258 310 311 312 313 365 366 418 469 519 570 619 666 718 770 771 820 870 922 971 972 1019 1069 1121 1171 1222 1274 1275 1324 1376 1426 1475 1526 1578 1630 1681 1730 1781 1833 1834 1884 1936 1937 1989 2041 2093 2143 2194
cat_threshold=538968064 131072 0 4096 0 520 0 0 65536 0 268435456 100663296 0 0 0 2148532224 2147483648 0 0 0 8 0 8256 0 4 0 2097152 16384 0 0 128 134742016 0 0 0 0 0 16384 134217728 0 0 128 1024 0 0 8 0 2 8192 536871936 268435456 0 0 0 0 8388864 0 8388608 16777216 0 0 0 8388608 0 67239936 16777216 16777216 0 0 32 0 64 4194304 0 512 0 0 0 1048576 32 512 4 0 0 16 0 131072 8 0 0 16384 4096 32768 2147483648 67108864 0 8912944 524288 8388608 0 0 0 32 0 128 0 262176 2097152 0 524288 2097152 0 0 64 0 0 0 131200 640 0 0 8388608 0 0 513 0 0 0 1073741824 0 524320 0 589824 0 0 1075840000 0 0 1024 262144 0 0 0 131072 393216 16 67108864 0 0 0 0 32800 0 8388608 26384 0 0 4194304 512 1048576 536870912 0 0 0 0 0 64 0 0 262144 0 512 0 256 16 16842752 0 0 0 4224 0 2097664 0 134217728 0 131072 1572864 2048 134217728 262144 0 0 4416 0 0 0 16384 262656 0 0 8 0 2048 67108864 0 32768 256 1073742336 0 0 262144 4 512 0 0 0 0 0 0 131072 0 0 65536 256 0 2 0 0 0 0 16793600 0 32768 33554440 512 1048576 4 67108864 0 131072 0 1073741824 0 0 262144 64 384 0 0 524288 0 0 0 4096 0 536870912 134221824 1028 0 0 0 5120 536870912 0 536870912 32768 4718592 0 8192 1073741824 0 0 0 0 0 0 4194304 256 545259520 0 0 1 0 0 10240 0 2097152 0 136 201326592 0 0 0 0 0 16384 134217984 2155872256 0 536870976 0 0 0 0 0 4096 2097152 536870912 0 16777216 1536 2 32 0 0 0 0 0 537133568 0 0 536870912 524288 67108864 64 4096 131072 2048 16384 512 0 0 0 32768 0 0 0 0 0 32768 0 16 1196032 0 0 32768 0 8388608 32 0 0 16 256 536879360 0 32 8200 0 0 0 0 0 0 1052672 2 34 256 0 4096 1 0 0 129 256 32 16809984 4194304 134217728 0 20 4100 0 536870912 0 0 1342177288 65536 0 0 0 0 8388608 0 0 134217728 131072 0 0 0 0 0 0 1073741824 320 0 0 0 0 16896 0 0 0 0 1 0 0 32768 1028 524288 134217728 0 0 268435472 8224 65536 66 2097152 524288 524288 32768 2147483648 32768 262144 16384 0 0 0 2 0 0 0 16 0 0 2 65536 4096 128 536870912 0 0 134217728 0 0 0 0 0 256 536870912 268435456 0 0 0 0 524288 8388608 0 1048576 1024 0 0 0 0 134217792 0 134217728 16781568 32 268435472 4194304 4 0 1 0 0 33554432 4096 0 0 8 0 0 0 0 0 0 0 134217728 32 2097152 0 8192 67108880 4456450 0 0 0 0 0 0 1048576 147456 65536 8388608 524288 0 0 8192 512 0 32 0 134217744 0 0 134217856 2147487744 0 0 4194304 0 0 16777216 0 1048576 553648192 0 0 0 2147483648 0 131072 0 16793728 536870912 0 0 0 0 2097152 0 0 0 2 0 1073741824 0 0 1073741824 8 0 0 554369024 0 0 536870912 0 8192 0 134217728 0 0 0 0 0 0 65536 2 0 2147483648 0 0 0 0 0 0 0 1048592 67108864 570425344 0 134217728 0 4 0 0 268435968 0 335544320 0 65536 1048576 2048 2147483648 0 1075838976 16777216 134217728 524288 0 2 4100 268435488 8388608 8388608 0 0 1048576 131072 0 0 0 0 268439552 8192 0 322 0 33558672 134217728 536903680 4096 0 0 2048 0 0 2048 536870912 0 8 134217792 4 0 0 0 0 0 16512 536870912 0 0 0 1048576 0 268566528 0 536870912 1073741824 2048 0 0 0 8388608 0 1073741824 0 4195328 1024 3072 134217728 4194304 0 0 0 16777216 33554432 536875008 0 0 0 0 0 32768 0 0 2147549184 65568 0 0 8192 536870912 0 268435472 0 0 0 0 0 0 0 0 4196352 2097408 196624 8388608 0 33554432 0 0 0 0 0 0 524288 0 262144 1024 1024 8388608 1048576 0 0 8192 134217856 0 0 33556560 0 0 0 0 33024 0 0 0 0 16384 0 0 0 0 2097152 0 65 4104 0 0 147456 0 0 0 16777216 0 0 0 0 0 0 0 0 16777472 0 0 16777216 4194308 0 4194304 9044224 2097152 6339 0 0 0 0 0 33280 0 0 0 2048 0 0 4096 0 524288 16777216 268568576 256 2147483904 536870912 65536 0 0 0 2097152 0 262144 1179648 67108864 1327104 65536 0 0 268435456 0 1048576 0 1048576 2048 0 4096 0 0 0 4 0 0 524292 16777216 256 0 0 0 4194304 16388 0 16777472 0 2048 0 4096 0 0 4194304 0 0 33558528 0 8 0 0 0 0 0 0 536870928 0 0 278528 0 0 10240 0 0 16 0 2147549184 524288 0 128 0 4 0 2 0 1048576 540674 16777216 32 2048 0 1048576 0 536870912 0 0 0 32 0 4194304 64 0 16 4128 2113792 16777216 256 805306368 0 16777216 1 1073741824 0 0 0 8390656 0 0 0 0 67108864 0 0 0 32 8388608 0 0 256 536870912 0 0 1073741824 128 0 0 0 1048832 0 524288 2 524288 131072 0 0 33554432 49152 0 8192 262160 8192 4 524288 0 0 0 2147483648 0 0 33554432 0 268435464 0 0 0 32 0 0 0 0 0 0 0 512 0 0 0 0 0 524288 0 0 0 32 33759880 512 524320 16777216 0 8396800 10351 0 0 4194304 0 0 0 128 0 2097152 33564672 589824 0 268435456 16 4096 32 536870912 33554432 0 8 1 32 0 0 16384 0 0 1073741824 524288 0 84 1048576 0 32 0 0 268435456 0 1610612736 64 4096 16384 0 0 0 0 8 128 1073741824 0 0 0 268435472 0 2 2097152 2048 0 32768 268435456 0 0 32 0 0 2147483648 0 1 0 0 512 0 0 8 1073743872 0 4096 131328 0 134217728 32 0 1073774592 0 0 1073741824 0 0 33570848 0 16 4194304 0 1048576 0 0 8388608 0 0 0 0 0 4456448 0 0 1310720 0 4 0 0 0 33554432 0 33554432 0 0 1342177280 16777216 0 0 0 0 0 2097152 1073741824 134217856 131072 0 0 0 2048 8389120 0 2099200 4096 16 0 2147483648 0 0 8192 128 0 1073741824 2048 8389120 67108864 65536 536870912 2097408 0 0 4 0 16384 268435456 0 536870912 256 0 4096 0 0 8388608 524288 0 0 0 0 0 0 1073758208 8388608 0 268435456 0 4096 536936448 0 0 0 0 0 0 2097152 135169 2147483648 0 16384 33554560 0 134217728 0 67108864 2 1048576 16384 67108864 1024 0 0 0 262144 128 0 0 1024 0 268435457 0 134219264 4096 262144 8388608 0 0 0 2149581314 0 0 8 2097152 0 0 0 16384 0 10 4325408 18874368 0 16 0 0 536870912 0 32 0 0 64 0 0 0 2097152 0 0 0 1048576 0 8192 0 0 0 0 0 0 0 0 0 0 0 32 0 32768 0 0 131072 16 256 2097152 0 0 0 8388608 268435456 4 0 256 0 0 81920 512 0 268445696 0 0 131072 0 1 65536 0 268435968 0 32 0 2097154 0 270794752 64 32768 32 8388608 44 512 32768 16384 512 0 0 0 0 0 524288 0 0 0 0 0 0 16777216 0 32768 2097408 65536 0 1073872896 1073745920 32768 0 0 0 0 262144 0 0 2147483648 0 0 16 0 4194308 0 0 2147483648 16 4325376 16 100663424 0 1024 0 1282 131200 268435456 0 128 16777216 0 0 0 0 256 4194304 0 134217728 16777220 262144 512 0 33554432 0 128 0 0 4 8 2147483648 1073741824 0 0 0 524304 0 262144 32768 33554432 0 0 0 0 2147483648 64 8388624 0 32768 131072 0 2 0 32 0 0 0 1024 1048576 128 196608 134217736 1 0 0 0 0 8388608 524288 0 1048578 0 0 33570816 512 0 0 32768 0 2 512 4194304 134283264 8 0 0 536870912 8 64 0 285737088 0 0 0 0 0 0 0 0 0 0 64 0 2048 0 1024 0 524288 0 1024 128 4 524288 4194304 1 0 0 0 589824 24 0 0 0 0 8 0 65536 268435456 65536 0 0 0 0 0 0 8 4224 0 0 0 0 64 0 16 268435456 0 262144 0 2147483648 0 2147483648 0 128 0 16777224 542721 83886080 0 0 71303168 0 4194304 16777216 0 0 0 0 0 8388608 65536 0 266244 2097152 0 33554560 0 0 2164260864 32 0 0 0 0 10747920 67108864 524288 0 4 524288 16 134217728 512 0 0 64 536870912 0 0 0 0 1090519168 0 0 0 0 0 0 1024 524288 32 5120 16777216 268435456 8192 512 0 0 0 32 67108864 2147483648 2 0 1048576 0 256 0 8 0 0 4096 33554432 16384 8392704 512 65552 0 262144 67108864 0 0 0 0 0 134219776 268435712 524288 0 0 0 0 0 0 0 0 0 0 0 0 1024 8192 1073742336 33554432 0 536870912 0 268959744 0 537133056 0 0 8 0 0 524288 0 1073741888 0 0 8 1048576 0 0 8192 128 0 32900 0 0 16777346 0 0 0 0 0 0 1024 1048576 4194304 262152 0 0 0 0 0 0 0 256 8388608 0 0 64 256 131584 0 16777216 0 0 65536 0 0 536870912 268435456 0 0 536870916 0 2147483906 0 0 268435456 0 0 0 64 0 16384 131072 2 0 67108864 0 16 64 512 131072 0 4 67108864 33619968 0 0 0 0 0 0 0 0 0 0 0 1049664 557056 512 4210688 1048576 0 524288 0 0 0 2097152 0 524288 4 0 0 4096 32 536870912 0 0 1342177281 0 32 0 33554432 0 8388608 0 0 128 131072 0 0 0 0 2 2048 134217728 16384 276 256 2147483648 0 0 0 128 0 0 16384 16777216 0 1077937152 0 1 65536 0 1 0 32 0 0 66 0 0 4100 2147483648 33554432 0 536936448 0 0 32 0 0 2147483648 8388608 2097680 8 0 0 8388612 512 524288 0 0 0 0 0 1073741824 0 0 0 0 0 128 0 0 0 8389120 0 4096 2147483776 0 0 0 524416 8388624 32768 0 64 0 0 0 0 0 4 2147483648 0 0 2048 0 32768 0 0 0 65536 1056 0 128 16 0 8388612 0 34816 2147483648 0 2048 0 301989888 0 2097152 0 0 4 0 0 8 0 268435456 0 32 1048576 64 2 2147483648 4194304 128 16777216 0 0 0 0 0 0 104857600 67108864 0 0 33554432 1048576 0 4096 0 0 1 0 0 33554449 0 0 16384 2048 0 67108864 128 0 16 0 0 2097168 138412032 0 0 0 0 0 134234112 0 0 50331648 1048576 1048577 0 1048576 512 1073741824 67108864 134217760 640 16384 1 0 64 33554432 8192 0 0 0 0 32 0 4104 2097152 32 0 0 0 0 0 0 0 33 0 327712 8388608 0 0 0 0 0 67108864 0 0 0 0 32 0 0 67108864 1073741824 0 262144 0 134217728 8519680 64 12 2147483648 0 4195328 1 4096 16 0 0 32 0 67174400 0 0 131092 0 0 0 0 2048 0 0 0 0 512 12288 1024 16384 128 1024 0 16 0 0 80 4194304 1048576 0 268435456 1073741824 0 0 0 0 0 8388608 0 8 268435456 67108864 0 0 1024 2147484672 0 0 16896 0 16 0 0 0 0 0 8 0 0 0 0 8 1040 2560 0 0 8 0 0 8192 0 0 0 262144 0 16 0 0 8388672 4194304 1048576 131072 268435456 0 0 64 1048576 134217728 1073741824 41943040 2 0 268697600 67108864 0 0 1024 268444160 16384 0 4 134217728 536870912 0 0 32 32784 32 0 0 131072 2052 0 0 256 0 0 0 0 0 0 0 0 0 33554440 268436480 0 4 0 0 270663680 0 0 0 0 262144 0 8192 0 1024 32 4 33554432 0 0 0 8388608 0 2 0 0 4194304 1 33816576 8388608 0 0 0 16777216 34816 134217728 32768 0 8388640 0 66064 2097152 0 0 0 0 0 4100 0 277353472 0 384 0 0 0 0 0 0 0 0 32768 0 0 512 0 0 16384 0 4096 32 16777216 0 0 512 268435456 1073741824 4096 0 0 512 0 512 0 32768 268435456 134217732 0 3 2048 0 0 256 32 536870912 65536 32 8192 41943040 0 0 0 33554440 536870912 0 0 0 0 0 0 0 268435456 1048832 0 64 4 0 1024 0 4 524288 0 0 0 0 262144
is_linear=0
shrinkage=0.1


Tree=13
num_leaves=63
num_cat=53
split_feature=34 2 2 16 2 2 2 2 34 2 2 28 2 2 24 2 2 2 2 2 2 2 2 2 36 6 2 2 2 36 2 2 2 2 13 2 2 2 2 2 6 2 2 2 2 2 28 2 2 36 2 2 36 2 2 2 22 2 5 31 2 2
split_gain=223.42 57.8829 49.4318 43.9939 68.1457 47.1902 41.8274 35.818 32.7106 44.4431 32.0049 30.8694 47.7874 29.0225 31.0281 47.7075 28.2659 24.9926 23.0704 22.868 22.8196 20.9646 20.4138 19.8749 19.7309 18.3385 42.7069 18.7291 18.1378 15.8026 39.4476 26.8459 21.6106 15.8512 15.2062 31.7385 17.6518 17.4039 14.8545 14.6532 13.8067 34.0383 23.2826 20.0827 15.0695 13.7552 13.719 13.5172 12.949 12.8718 11.9355 11.8436 11.78 25.2567 23.6359 15.5461 11.3975 18.526 11.2338 10.8888 12.1563 10.6791
threshold=112.50000000000001 0 1 2 3 4 5 6 17.500000000000004 7 8 3.5000000000000004 9 10 11 12 13 14 15 16 17 18 19 20 14.012048192771086 21 22 23 24 10.338873626373628 25 26 27 28 29 30 31 32 33 34 35 36 37 38 39 40 45.500000000000007 41 42 12.889988998899893 43 44 9.0053003533568923 45 46 47 48 49 50 287.50000000000006 51 52
decision_type=8 9 9 9 9 9 9 9 10 9 9 2 9 9 9 9 9 9 9 9 9 9 9 9 10 9 9 9 9 10 9 9 9 9 9 9 9 9 9 9 9 9 9 9 9 9 2 9 9 10 9 9 8 9 9 9 9 9 9 2 9 9
left_child=2 -2 -1 4 -4 -6 46 -5 9 -9 -10 12 24 -13 15 -15 -7 -11 -14 -8 -16 49 -18 -21 -12 26 -25 -27 -19 31 -31 -22 -32 -33 35 -29 -36 -37 -24 -20 41 -35 -42 -43 -44 -30 -3 -45 -38 -17 -28 -34 53 -46 -54 -55 -40 -58 -50 60 -56 -60
right_child=1 6 3 7 5 16 19 8 10 17 11 13 18 14 20 21 22 28 39 23 29 -23 38 25 -26 27 50 34 45 30 32 33 51 40 36 37 48 -39 56 -41 42 43 44 47 52 -47 -48 -49 58 -51 -52 -53 54 55 59 -57 57 -59 61 -61 -62 -63
leaf_value=0.0505105876836833 -0.033619773625820436 0.041524964974581913 0.11645957594168753 -0.019498672870759466 -0.046889763631858331 -0.042294549282948818 0.033391152466533638 -0.038295518926564846 0.041419826096677756 -0.034532643015130017 0.062135480058474996 -0.021725361757955603 0.039963772284087394 0.075529122173072227 -0.024701586744947823 0.031951227502019904 -0.029998978851766014 -0.024589073080284917 0.027400183971989258 -0.026466582892130358 -0.019379393678300692 -0.028402412488930603 -0.01618045866914836 0.074426084545564597 0.28204404778314057 -0.024422992424611781 0.027616008411267851 0.093898508641636208 0.070244347913924143 -0.039373559380887824 -0.0284835235705817 -0.02151921145931637 -0.0045339157235650233 -0.03639614923310016 0.030000640553763638 0.072814544305561182 -0.023961565560707488 -0.010679225935453956 0.0048691274146137227 -0.02896920512221255 -0.019259759505439351 -0.034410644316624772 -0.014659195147567512 -0.012828490324574322 -0.042873378260860275 0.031557152337937426 0.21164204740286321 0.045158401394601443 0.044482108533324391 0.25076319332814684 -0.054877680254960648 0.057136211066227384 -0.028899202792131398 -0.030125570514300988 -0.01702755701544351 0.029339909904368328 -0.0079556258256247101 0.056000851187467587 0.020360302112131641 0.15574014741136497 0.033826589593930582 -0.0077551329747500581
leaf_weight=290.09879147750326 1236.0469792700605 124.30024903733283 74.018144475063309 491.74934094518539 84.039240299141966 45.141548153944314 104.58387974882498 97.247812046320178 220.26721745426767 50.536467537982389 53.08992962911725 317.86527481884696 50.745326033444144 46.300919260131195 144.12406763446052 43.921369925374165 41.797472443548031 46.533520280616358 43.985205446602777 804.33988286997192 240.2104272331344 459.68369290442206 45.192696462734602 24.156118082115427 4.4196920921094707 573.76215510023758 17.194476422620937 36.671447234461084 118.87082484643906 61.873278170125559 35.630513181211427 105.0601195008494 41.201982959872112 65.842777612968348 116.80529351439327 19.040173066663556 439.45144374819938 168.09193697827868 80.765336841344833 694.23906386340968 204.1030126742553 33.193937435746193 134.8712987403851 44.937205330934376 75.905359225580469 772.02711846632883 4.928471290273591 549.25719305546954 34.330333143472672 2.8637137145269653 222.47518121090252 327.73188715241849 65.236357560497709 46.536939072888345 48.557264983188361 236.14812992804218 55.025067103328183 458.00792454648763 133.21409906167537 7.0390776570420703 709.10487966495566 2741.6592129083583
leaf_count=9803 209483 6495 2883 27298 3637 2027 6189 4437 9212 2131 2714 18197 2629 2118 8203 2399 1762 2461 2213 130661 14982 25071 2059 2581 155 89612 2225 3574 3993 2494 1633 7124 1684 3733 10477 1847 55209 18603 3561 35976 10466 1947 8207 2923 3662 28740 369 29701 1407 104 29111 13604 3407 3139 3295 14585 2429 19313 11599 489 39231 335271
internal_value=-0.000836357 -0.0141092 0.010641 0.00903551 0.0298993 0.0206653 -0.0096979 0.00623853 0.00830825 0.0240904 0.00497541 0.00324376 -0.0141163 0.00688265 0.00935419 -0.0123787 0.0290169 0.030312 -0.0206446 -0.0110674 0.013163 -0.0217219 0.0342892 -0.0120004 0.0673284 -0.00937738 -0.0345643 -0.0077414 0.0341353 0.0150379 0.0320192 0.0120097 0.0428519 0.0152693 -0.00508803 0.0196534 -0.00673782 0.00107878 0.0388918 -0.0252893 0.0170984 0.028872 0.0116021 0.0361853 0.0164705 0.0374415 0.0445643 0.0406333 -0.00810481 0.0373594 -0.0480903 0.0503111 0.0200959 0.00511922 0.026809 0.0188556 0.0432818 0.0491203 -0.00563568 0.0315271 0.0307892 -0.00638628
internal_weight=14666 6801.05 7865 7574.9 883.987 809.969 5565 6690.91 6199.16 1085.22 5113.95 4893.68 846.479 4047.2 3729.34 552.77 725.93 987.968 788.97 5435.78 3176.57 506.469 680.788 5331.19 57.5096 4526.85 263.826 4263.03 937.431 3032.44 466.438 2566 404.564 2325.79 3689.26 223.804 3465.46 187.132 638.991 738.224 2220.73 693.231 1527.5 627.388 1323.4 890.898 129.229 594.194 3348.66 46.7851 239.67 368.934 1188.53 358.59 829.938 282.685 593.798 513.033 2909.2 764.701 757.662 2874.87
internal_count=1306544 914713 391831 382028 37671 34788 705230 344357 317059 41762 275297 266085 43687 222398 204201 29692 31151 37325 40818 698366 174509 27574 29124 692177 2869 561516 33917 527599 35194 166306 19415 146891 16921 131909 437987 24024 413963 20450 27362 38189 124785 38304 86481 34571 76015 32733 6864 32624 403486 2503 31336 15288 67808 21386 46422 17724 25303 21742 348277 43015 42526 346870
cat_boundaries=0 50 101 102 154 204 256 307 356 408 458 509 510 562 612 664 715 767 819 871 923 975 976 1028 1074 1122 1170 1220 1265 1316 1317 1365 1416 1467 1519 1572 1573 1624 1670 1721 1773 1824 1874 1926 1979 2031 2081 2133 2186 2187 2236 2237 2288 2336
cat_threshold=536870912 0 0 4096 1024 33555016 0 0 65536 0 65536 0 0 2 0 2147483656 2147485696 0 0 0 8 536870912 1073750080 0 4 0 2097152 16384 0 0 128 524288 0 1107296256 0 0 0 16384 0 0 0 128 0 0 4 8 0 0 0 536871936 33554432 128 0 0 2097152 0 589824 256 1048592 0 0 0 0 262145 131072 4194304 64 262272 2048 0 0 0 0 0 0 0 64 4 536870912 0 0 512 9216 131072 524288 0 0 0 0 0 0 0 16 0 0 524288 17301504 1048576 256 0 8389632 18192 0 0 5120 0 262144 32 0 64 4718592 16777216 64 134217744 0 131074 0 32 0 0 0 0 2147483648 32 0 0 32 0 0 33554432 134742016 32 131072 134217728 16 0 0 2064 0 1048576 0 16384 128 0 0 0 0 0 0 0 0 0 0 4 524288 0 0 4096 0 0 0 0 0 33554432 171974656 536875008 2147483648 0 4096 0 16777216 0 32 0 0 512 0 33554432 8192 0 2 0 128 65536 0 0 0 2112 1048576 0 402653184 0 536870916 0 8192 0 0 131072 0 2 0 0 67108864 1048576 64 0 0 0 8388608 0 8388608 16778240 0 2147485760 0 65536 1048576 131072 16777216 0 0 32768 32 0 65536 4194304 0 16388 0 0 0 0 8 0 0 0 0 16 0 1073741824 2097160 0 0 0 4112 0 0 67108864 0 524288 8 9437192 0 0 0 32 0 4210688 0 0 0 262144 8388608 2147516416 4718592 0 0 0 0 0 32 32 16842752 0 0 256 545259520 536870912 8192 0 0 0 536872960 134217728 2098176 67108864 131080 0 16 0 0 0 0 1048576 0 0 2214592512 0 0 1610612736 0 0 0 0 0 0 134217728 0 0 0 16778256 0 0 0 66 2097152 0 2112 0 2147483648 0 0 16384 0 33554432 0 2097153 2147483648 0 0 0 32 0 0 40 134217856 131072 2097408 524288 0 8388608 0 0 131072 134217730 524288 0 0 0 132096 65536 0 0 0 0 16777216 2099200 0 0 16388 134217728 0 0 0 0 0 0 0 0 0 33554432 16384 0 0 0 16 268435456 0 0 0 36864 0 0 65664 2147745792 128 67108864 0 0 2048 5242880 0 0 2281705472 536870912 0 131076 0 0 0 0 0 0 0 557088 0 0 1024 0 32 0 2064 16 0 32 4096 8388608 16 64 32768 0 0 2048 0 8 4194304 0 0 0 520 0 0 0 131104 0 1048576 0 540704 0 524288 0 0 2 0 0 0 0 8388608 2048 0 131072 2048 0 0 4 0 8704 536870920 0 0 0 0 268435456 0 128 4096 0 18432 0 134217728 268435456 0 2048 2097664 268435458 0 0 0 0 0 0 0 0 32 0 16384 0 262176 128 67108880 0 32 0 32 0 16384 0 0 128 0 0 32 128 1073741826 0 16385 2097664 0 1048576 22 268435456 0 0 0 536870912 0 0 0 538968064 524288 32 1073741840 0 0 0 1048576 0 0 4194304 0 65536 0 0 0 0 1024 0 16777249 0 131072 64 64 0 8388608 0 0 8781824 0 67108864 256 4096 131072 0 655360 0 0 0 0 0 0 268435488 2 256 0 0 0 16 536870912 0 0 0 8388608 0 67108864 4096 0 0 2147483648 8 0 0 32912 8388608 0 0 276824064 128 1024 512 16777472 0 16384 545259520 1572864 0 0 0 0 262144 4096 0 8388608 4 131072 0 8192 0 32 0 0 0 536870912 0 8388640 0 64 0 6291457 0 0 0 8192 0 67633154 32 0 0 2147485696 2048 0 131072 0 0 0 4 268435457 0 0 8192 0 0 16384 67108864 0 0 0 262144 2048 0 524296 65544 0 0 0 0 0 0 0 1048576 4096 32768 8 0 4 524288 0 0 0 0 536870912 128 0 0 12288 524320 4 268468224 0 0 0 0 4 0 0 32 0 0 4 16416 1073742336 268435456 256 0 262144 0 67108864 1073743872 8396800 0 1024 0 0 0 8 0 0 0 0 0 0 0 1 10485760 1024 1048576 0 0 0 0 0 0 590976 2 0 16 0 0 16384 67108864 128 16777216 0 262144 67108864 33554432 0 0 0 0 0 0 268435456 0 32 0 2113540 0 2048 0 0 3145728 0 0 2147483648 0 0 0 32 524288 0 0 0 540672 67371008 0 1179648 2097152 128 0 0 0 537395200 0 0 0 536870912 1073741952 0 1073742080 0 0 0 0 8388608 0 0 0 0 0 2147483648 65536 0 134217728 2097152 16777216 524288 0 0 64 134250496 8192 32 0 0 4 0 64 8388640 0 2147500032 16777728 0 0 0 0 131072 0 131072 2 2147483648 134219264 128 0 524352 4 0 0 0 1024 4194304 768 0 0 0 256 0 33554432 0 0 16777216 0 0 0 8192 0 2097152 67108864 524288 0 0 0 0 0 0 1073741824 268435456 0 1073742080 16384 0 262144 0 513 8388608 32 0 2 0 256 0 16777216 0 0 0 16384 0 0 0 33554434 0 256 32 0 16384 0 262272 16384 16 0 33554432 536870912 0 0 68 0 69632 0 2048 0 262144 128 0 0 0 268435456 0 2129920 0 0 0 1073741888 0 0 16388 2048 0 0 1073741824 16388 0 0 0 2 2097153 131072 32 0 0 0 0 32768 0 0 0 33554432 4 2048 32 537919488 16777216 0 0 0 2 0 0 2 8192 4 0 32 4096 2048 0 32768 0 0 0 0 262144 268435456 262144 0 0 262144 17408 0 128 0 576 0 8192 0 268435456 16384 1 0 0 0 1024 134217984 0 256 0 0 4096 2048 67108864 4096 0 8390656 67108864 0 0 8388608 16777216 0 32 134217728 0 0 0 0 0 2097152 128 4194304 0 0 0 8388608 0 0 69888 131072 0 2147483648 16384 0 128 65536 0 0 0 1048896 0 8388608 16777216 0 134217984 0 0 0 4194336 257 0 0 0 2415919104 67108864 2147483648 134217728 8390656 67108864 0 0 276824064 0 0 8192 0 0 2048 0 2048 65536 524288 0 4194304 0 0 0 142606336 32768 1024 256 142606352 0 0 0 0 0 65536 16 8193 0 0 4096 1048576 536870912 0 0 0 0 36 1073741824 0 0 4 0 2147483648 4100 6356992 0 32 0 0 0 8192 33554432 512 536879104 4096 65536 0 0 524288 0 0 0 0 0 262144 256 0 536875008 0 0 512 8388608 8 1 0 0 0 0 0 32768 0 0 0 0 38273056 32776 0 0 4 524288 0 0 32 0 0 0 134348800 0 0 1024 0 67108872 64 0 64 0 0 0 8388608 1048576 268830720 64 524288 8 0 0 4194304 8 0 33554432 0 4096 1 0 2097152 0 0 1 1 512 2097152 536576 0 64 0 0 4096 1048576 8 4096 4194304 0 2147483648 0 0 0 134217728 131072 12 2048 0 0 0 0 0 0 512 0 0 256 67108864 16384 4352 32 0 532608 0 0 0 0 0 1048576 32768 134217728 4194304 16777728 34603008 4 0 0 0 8 67174400 0 2281701376 16 0 0 0 16 0 0 0 0 16384 516 8320 0 2 32 0 81920 0 524288 2048 268435456 0 0 0 536870912 4 262144 0 0 0 0 8388608 2147500032 0 0 4096 37120 16777216 512 128 0 16 8192 65536 0 0 0 536871168 16 0 0 0 65537 0 1073741824 0 0 0 16384 0 0 0 536870913 0 0 0 2 0 67108872 0 0 2189426688 0 0 0 0 0 2097152 0 0 8396800 0 8224 3200 268435456 0 1114112 0 134217728 0 268435456 0 536870912 17301504 0 0 0 0 262144 0 0 256 0 8 16777472 134217728 0 0 18874368 0 0 0 128 1064960 8454144 64 4096 0 0 0 0 4096 536870912 8388864 0 16 4194304 0 0 256 0 3 0 16384 65536 0 33554433 8192 0 0 0 0 0 0 0 0 0 0 0 512 1024 16896 0 0 0 20971536 0 4096 0 0 0 131072 1 0 32768 16777216 16777216 0 32768 134217728 524288 64 131328 4096 0 8388864 0 0 4194304 262144 2 67108864 8192 8192 0 1024 264192 0 0 0 0 262144 0 0 0 0 4 4096 0 0 0 2097152 0 64 0 0 8192 0 0 520 268435465 0 65560 131072 134217728 2147483648 0 0 512 0 8388608 0 16384 4 32768 0 73728 0 0 256 32 0 2097152 262144 0 0 1048576 262212 134217728 0 0 4096 262144 0 0 64 0 16 0 128 0 33554432 0 0 16777280 1 0 5 16384 0 4096 268435456 1552 0 16 0 0 16 4194304 0 0 0 134217728 0 0 262144 262144 40 0 0 0 0 32 0 0 1024 0 0 17408 0 0 8196 0 2097666 0 0 2048 536870914 0 0 0 51380224 0 0 2097152 2415919104 1 0 0 0 0 0 16384 1073741824 67108880 0 0 0 0 0 0 0 0 35717120 0 0 0 33816576 2147500032 0 8392704 0 0 1024 0 0 0 0 1 2 8192 131072 0 0 0 32800 536870912 0 0 0 134217728 0 4096 536870928 0 0 537002496 0 0 0 2 0 0 0 2097152 0 266240 0 16 1114112 2097152 524288 0 0 0 1048576 0 0 1207959568 0 536879104 33832960 0 0 0 0 0 0 0 0 268435456 0 0 1052800 512 262208 0 0 0 32 0 4194400 16 0 131072 0 0 2181038080 33554688 0 0 0 32 0 33554432 0 536870912 0 0 512 0 16 0 2 64 0 1073742336 0 268435456 256 0 2048 0 131072 0 4 32 268435456 0 0 1024 0 0 256 2 0 536870912 67108864 512 262144 0 400 0 2048 0 41943040 134217736 0 0 0 0 0 0 276824064 8192 0 0 0 0 0 150994944 0 0 0 0 2048 65536 0 0 134217728 8 0 8 1048576 2097152 0 1056 528384 0 0 0 131073 16 0 0 0 0 0 0 6 32 0 4194304 0 0 0 0 536870912 0 0 0 268435456 32 8388608 0 1610612769 67108992 0 4 134217728 512 0 0 0 0 0 0 0 1 536870912 1540 100663296 0 16777216 128 1024 0 536870912 0 16777216 0 0 4224 0 268435456 0 0 0 0 0 4194304 0 16384 0 262144 512 33554432 0 0 134217856 0 32 16384 0 0 0 32778 16640 0 262144 536870916 0 512 64 0 0 0 16384 0 0 384 147456 0 524288 128 0 0 0 0 0 65536 256 0 1140868096 2048 65536 2097152 0 0 0 0 0 8 16384 0 4 0 0 0 0 65536 1048576 1 64 16 2048 4 0 0 268435456 131072 0 0 0 268435456 0 4 1073741824 65536 131072 256 0 0 0 33554432 8389120 0 0 0 67108864 256 2048 0 0 2048 268435456 0 0 4096 536870912 17301504 0 0 0 0 0 2097152 0 256 0 17039362 2164261120 0 0 8192 2129920 0 32768 4 0 16384 0 0 0 0 0 0 8388608 0 0 0 0 16 0 536879104 0 1073741824 256 65536 1081344 2097152 0 2 0 256 0 0 536870912 16384 0 256 0 33587200 0 536870912 2 0 0 0 0 8 536870912 536870912 0 0 0 0 2129920 8388608 0 33566720 2147483648 262144 16 0 0 8388608 134217732 0 1024 1048576 536870912 0 0 0 0 0 33554432 0 0 0 32768 2097152 0 1052672 1 0 0 1064960 17 262144 536871952 0 0 0 256 134217732 536875008 65568 0 4096 0 0 0 0 0 0 0 4164 268435456 16384 0 0 0 512 0 8388608 0 0 0 0 33554448 4096 0 262160 0 0 262144 0 0 512 0 0 0 0 0 4096 4 268435456 32 0 32 0 536887328 134217728 0 0 32768 65536 4608 0 0 0 0 0 0 0 1073741826 0 0 0 0 16785408 0 0 33554432 268435472 1048576 0 0 0 268435456 0 32784 277217280 16777216 2048 0 0 0 0 0 0 0 0 268963840 0 8388608 0 1024 1073741824 0 16384 0 0 0 0 16777216 32768 8388608 32768 16777216 256 0 0 0 512 0 0 8704 134348800 8192 0 4096 0 0 0 0 0 0 0 67108864 0 33554432 2097152 65536 1078067200 1073742080 0 1049088 0 1 0 8 536870912 0 0 0 32768 536870912 512 0 65536 16777216 0 2097152 0 0 0 268435456 67108864 0 0 134217728 0 0 0 0 35717120 0 17825800 0 0 1 128 0 0 268435472 134221824 0 64 0 0 16 0 0 0 0 262144 0 536879112 393216 134217728 65536 0 0 0 2 0 32 0 0 1 14600 0 1073741824 0 0 65536 2097156 512 1024 536870944 32768 2048 0 0 0 0 512 0 0 0 0 0 536870912 0 0 16777216 8388608 32772 1073823744 0 67108864 0 0 0 134225920 262144 0 0 256 1074003984 0 0 0 132096 0 0 0 8 0 8192 1862 525312 1073741824 0 0 4196480 8388608 0 33554496 64 1024 134742016 0 0 128 0 16777216 0 8 0 2147549184 8 0 0 0 0 1024 0 0 1073741824 0 256 0 536870912 8388608 0 131072 262144 0 0 0 0 0 0 131072 8454144 0 512 0 0 256 262144 0 0 0 4 0 0 0 134217728 0 0 524288 8388608 0 1 0 0 0 34603024 512 0 131072 0 0 4096 2147483648 0 0 1073741840 2 262144 64 0 16777216 0 2048 0 0 1048640 0 65536 2 0 131074 0 1111490560 8390656 0 268435456
is_linear=0
shrinkage=0.1


Tree=14
num_leaves=63
num_cat=56
split_feature=34 2 2 5 2 9 2 2 2 9 9 2 2 2 2 9 2 2 9 2 2 33 2 29 7 2 2 2 9 2 2 9 2 9 9 7 2 2 9 2 2 2 2 9 29 2 9 35 2 9 9 2 2 6 2 36 2 9 2 2 2 2
split_gain=187.394 57.225 48.9165 41.782 55.5094 39.7145 44.425 44.1493 39.4131 32.6257 32.1392 51.2844 30.554 29.6896 29.302 28.3377 27.6899 27.1439 26.5782 24.1888 23.5699 23.3471 23.2111 22.8337 23.9219 35.5933 33.7241 26.8727 20.4183 27.1309 26.8372 20.3366 20.1091 19.7047 19.1647 19.0473 24.7733 20.4762 20.0984 22.8628 22.0793 18.4473 18.0783 17.5597 17.4878 20.0993 17.0328 16.1425 16.0283 15.8969 15.8438 15.4529 15.245 15.2145 29.7406 16.2646 16.0622 15.4281 33.802 29.0354 15.5914 15.101
threshold=111.50000000000001 0 1 2 3 4 5 6 7 8 9 10 11 12 13 14 15 16 17 18 19 84.500000000000014 20 101.50000000000001 21 22 23 24 25 26 27 28 29 30 31 32 33 34 35 36 37 38 39 40 1.5000000000000002 41 42 11.403296703296705 43 44 45 46 47 48 49 7.1038867924528306 50 51 52 53 54 55
decision_type=8 9 9 9 9 9 9 9 9 9 9 9 9 9 9 9 9 9 9 9 9 2 9 2 1 9 9 9 9 9 9 9 9 9 9 1 9 9 9 9 9 9 9 9 2 9 9 2 9 9 9 9 9 9 9 10 9 9 9 9 9 9
left_child=1 9 33 4 -3 7 -7 -4 18 -1 11 -10 -9 21 -13 -15 31 -17 -5 49 -16 34 46 24 26 -26 50 -27 30 -30 -29 -12 -14 -2 -6 36 -21 -37 39 -38 -40 -32 43 -28 -22 -46 -18 -33 -34 -8 -24 -44 -25 54 55 -39 -55 58 -58 -59 -60 -61
right_child=2 3 5 8 13 6 19 12 10 -11 16 14 32 15 20 17 22 -19 -20 35 44 -23 23 52 25 27 42 28 29 -31 41 47 48 -35 -36 37 38 53 40 -41 -42 -43 51 -45 45 -47 -48 -49 -50 -51 -52 -53 -54 56 -56 -57 57 59 60 61 -62 -63
leaf_value=-0.0099294629491069909 0.023805114012670915 -0.037195797086685162 0.091486483673452676 0.037423228110936159 -0.019392993039985613 0.039793970474839423 -0.0095919389568582952 -0.043415114735311108 -0.04617027677101522 0.076215881155175996 -0.018737807585217956 -0.029520421156686162 -0.035230873894712994 -0.0099725157944868213 -0.017111562686620337 -0.029182548242906232 0.020713576007339821 0.040607284923024393 -0.032374459551841199 -0.058697520757235527 0.014705757322084657 0.1512963695948191 0.013078491842817267 -0.011913806784881025 0.05328230551206653 -0.044530169122934435 0.027342466643225524 0.079679515985056085 0.054498673993481878 -0.015249629264466678 -0.050928985916800687 0.048176042745546301 -0.03061318702327492 -0.034248274463151027 0.083511773346958862 0.037330282283700909 -0.047427564525712076 0.059492924838346631 0.063169482584603059 0.060814116754347204 -0.022485174349568957 0.01416510582181545 -0.021609767822028322 -0.045227566585378458 -0.013526556496653392 0.065007946806102612 -0.029392961630597011 0.21312602731989441 0.030954980415125358 0.073255379566138923 -0.051159928043682093 0.015671809374780962 0.09565136946438442 -0.030610212449687653 -0.057234810137563957 0.44209905065208466 0.034834101300655465 0.030456458064846627 0.026325950272915562 -0.030439505393713463 -0.029344586091413008 -0.0075148829204290009
leaf_weight=60.973883262369782 58.021444479702041 119.62814592896029 57.031472127884626 55.841853131423704 26.95846429374069 150.3262882779818 43.068345157313161 95.918226509937085 79.352240600856021 189.02273729909211 51.760601966176182 58.65293614170514 58.27473341114819 173.98921971209347 59.862573741353117 56.614413559902459 78.872438127640635 678.15133603243157 402.36623613681877 39.368177049793303 111.6399081798736 38.088708022609353 54.220953585579991 23.029764747945592 86.721191086107865 180.84260296798311 43.07112915138714 46.385744577972218 49.632611155277118 1000.7650673906319 41.599231818923727 190.29409158718772 41.585881942650303 1160.9680952162016 48.570293561089784 60.980769182904623 17.804760455619544 19.810064611956481 27.66493923694361 120.98228535277303 142.01120980933774 272.10132396698464 109.52166200405918 94.796643071109429 38.697254268918186 390.81971593084745 341.7093975301832 6.1238282173871985 364.59747615281958 44.666835673735477 123.25174435577355 2457.8026487348834 34.514920962508768 649.49501908605453 185.73064907244407 1.1770812575705338 89.198247682536021 170.02079766674433 47.789787928923033 343.65792288188823 1111.8400895552477 1678.5002929021139
leaf_count=2035 8425 3974 3751 4326 879 11501 3463 7176 3831 6526 2379 2513 5342 6000 2864 2028 4552 21721 23538 4187 4591 916 2661 1758 3737 11189 1986 2429 2542 59377 2820 7423 3464 202307 1509 5262 1865 2361 2668 13206 18407 18114 6394 4931 2106 17032 17584 229 30559 3325 5633 123639 2657 109222 28134 110 9623 18582 5072 51733 147707 221369
internal_value=-0.00104367 0.00944766 -0.0132304 0.00785047 0.0254173 -0.00919402 -0.0121858 0.014576 0.00472223 0.0556313 0.00688423 0.0262902 0.00528181 0.033033 0.0355657 0.0263021 0.00412714 0.0349103 -0.0232506 -0.0138953 0.0422966 0.0803872 0.00248493 0.00454662 0.00376663 -0.00571532 0.00927389 -0.00924312 -0.00443722 -0.0114711 0.0158365 0.0360816 0.0160416 -0.0313138 0.0552713 -0.014895 0.00757437 -0.0167015 0.01761 0.0446736 -0.00578109 0.00422643 0.0120815 -0.0222402 0.0490596 0.059131 -0.0197336 0.0507357 0.0240674 0.0357662 -0.0318832 0.0140037 0.0671548 -0.0175532 -0.0438527 0.0548274 -0.0161204 -0.0133046 -0.0221977 -0.00816067 -0.0268449 -0.0115415
internal_weight=14656.7 7876.25 6780.49 7626.25 1142 5561.5 4944.09 617.408 6484.25 249.997 6026.04 739.025 560.376 1022.37 659.672 908.755 5287.02 734.766 458.208 4793.77 601.019 113.617 5038.84 4618.26 4560.71 1678.05 2882.66 1591.33 1410.48 1050.4 360.086 248.179 464.458 1218.99 75.5288 4706.03 347.831 4358.2 308.463 138.787 169.676 313.701 2705.19 137.868 541.157 429.517 420.582 196.418 406.183 87.7352 177.473 2567.32 57.5447 4297.22 206.718 20.9871 4090.5 3441.01 1248.83 2192.18 1159.63 2022.16
internal_count=1307244 388423 918821 379862 37027 708089 657797 50292 342835 8561 314971 32937 46541 33053 29106 29749 282034 23749 27864 646296 26593 3304 272003 249867 245452 100208 145244 96471 85282 61919 23363 10031 39365 210732 2388 639508 40333 599175 36146 15071 21075 20934 136950 6917 23729 19138 22136 7652 34023 6788 8294 130033 4415 593913 30605 2471 563308 454086 162402 291684 152779 273102
cat_boundaries=0 51 103 104 153 159 208 259 308 314 320 368 417 466 518 524 576 627 633 685 736 785 786 837 889 940 946 997 1049 1055 1106 1112 1118 1119 1168 1219 1225 1275 1326 1376 1425 1431 1479 1485 1536 1542 1548 1600 1649 1650 1703 1755 1761 1812 1864 1916 1965
cat_threshold=0 640 0 0 2359296 0 0 0 0 0 0 512 0 262148 131200 4194432 0 0 0 0 0 0 0 16 0 1073741824 64 269484037 0 0 0 0 1073742848 8388608 524288 2048 262144 134217728 0 268435456 131072 0 0 67108864 8388608 524288 0 0 0 67108864 8388608 536870912 131072 0 4096 0 72 0 0 65536 0 2147483648 33554496 0 2 0 2148532224 16777216 0 0 0 8 536870912 8256 0 0 0 1048576 16384 0 0 128 557056 0 0 0 0 0 0 0 0 0 128 0 536870912 4 8 576 0 8192 536871936 0 1024 1742 512 4194304 1152 0 0 1 0 32768 0 43008 0 0 0 16 2048 0 16777216 33554432 0 268435456 536870912 1 0 0 128 0 16 8 0 262144 0 0 0 0 4194304 16 4194304 65600 1073741840 0 0 0 0 0 0 32 536870912 6144 8192 1074811664 553746944 2483683329 537002012 1124094084 8388640 1024 0 1048576 4 0 0 0 0 0 0 1 0 16384 0 128 0 0 32768 32 0 268566528 4194312 0 16793600 2097152 0 16896 4096 134217728 512 0 0 4096 0 0 1073741824 8 134217728 0 0 4096 32768 268435456 0 0 0 136 9437184 67108864 8192 134217728 0 2048 0 0 0 0 32 0 65536 67174400 0 131072 0 0 0 0 0 0 0 0 1610612736 8704 8192 0 0 1 268435456 8 0 0 0 0 16777217 1049088 8519680 1048576 131072 0 4096 0 0 0 65536 0 0 524290 64 134217728 4 0 0 0 16778240 0 537133056 536870912 0 0 268959744 37748736 1207959552 0 0 0 0 50331648 0 301989888 256 0 512 8192 0 0 0 2048 0 67109888 0 392 0 32768 268435456 0 0 0 16384 524288 1073741824 0 33554432 1024 0 0 0 0 0 67108864 2483322952 2148353 2284978185 1081352 43123722 1 100667416 16973825 2693840897 2222989584 16793730 13320 2048 0 0 16 32784 512 1 0 0 0 100 65536 0 0 4096 0 0 262144 0 0 0 0 0 0 0 536870912 8704 0 262272 0 2097152 0 0 2147483648 0 0 131072 17825796 671350784 0 0 0 131072 16 4194306 1073741824 0 4096 192 0 65536 128 268435456 16384 536870913 0 0 0 1 0 0 0 0 32 2147483648 0 0 256 131072 0 131072 0 4096 0 10485776 65536 0 0 12582912 16 0 0 8192 0 0 0 0 0 536870920 262144 16384 0 0 33554432 8 0 75497504 0 1024 4096 0 0 512 524288 0 1048608 0 67108864 0 0 0 262144 16384 0 262144 0 0 0 512 8192 0 0 0 0 33556496 1024 0 64 0 0 0 0 0 268566528 2147483648 537395200 16384 384 0 2147484672 8192 128 0 0 524288 8389120 512 134217728 0 1 0 0 0 0 0 256 0 67108864 268439552 131072 0 0 2 33554432 256 0 0 134217729 0 0 0 0 4100 0 65536 0 0 0 0 32 0 0 4194304 64 131072 0 0 536870912 528 524320 0 8 0 0 8192 33024 12288 16777216 2248170112 1107312640 1074267362 655888 16925838 5 0 0 1048576 131072 134217728 8192 134217728 16777216 8650752 0 64 536870928 0 0 8388608 16777216 0 0 32 1073741824 0 33 0 0 0 0 2 256 2147483648 128 0 512 0 0 262144 1024 4194304 0 147456 0 8192 0 0 0 0 0 8 0 16777472 0 0 4 524288 0 1048576 16777728 0 32 0 33554432 0 0 134217728 8 0 0 0 0 0 0 4194560 536870928 1 0 68 0 0 0 8 0 268435456 0 0 16 32768 8272 0 33792 0 20736 0 8388608 0 64 0 8 0 0 8 0 0 0 134217728 1073741824 2 1283541200 2167079457 25696256 66244 128 1073741824 131072 0 0 0 8454144 1 0 16 0 0 0 131072 0 0 0 512 0 33554432 0 134217728 2228224 0 0 0 0 0 34 256 16384 1048576 2048 16 2560 536870912 0 4259904 2147483648 0 0 0 0 524288 268435456 262144 0 16384 0 0 0 32 0 0 0 134221824 134217728 0 0 0 32 1073741824 268435456 0 32768 0 262148 0 0 0 67584 0 8388616 4194304 0 0 16384 1024 16384 1073889296 0 262144 0 16 0 0 0 32768 16777216 33554432 1073741824 2097152 0 0 0 0 0 0 0 2097152 8388608 0 1048576 1 1024 67108864 0 524288 0 0 33558528 0 0 0 0 2147483648 0 2048 0 512 0 512 2 0 0 134217728 33554944 128 268435456 0 67174408 264 131072 0 0 0 131072 0 0 0 268435456 0 8388608 0 0 0 8321 0 2097154 0 16384 512 44 2147484160 134217792 0 32 0 2097152 0 2 0 16 0 0 4096 0 4 0 2 0 2048 8 268435552 0 16384 0 69632 0 0 131072 0 0 16 0 134217728 0 0 269484032 0 536870912 0 0 256 0 516 0 33554432 0 16777216 262144 0 0 134217728 8192 0 0 0 0 4194304 0 32768 2097152 0 0 0 0 83886080 4 2097408 16 0 65536 65536 0 0 4 0 0 0 0 167772176 0 4096 0 134217728 0 0 0 1048576 1073741824 2147483648 0 2147565568 256 16384 0 16777216 4 0 0 262144 0 0 32 5120 256 1073741824 4096 0 0 16897 1 0 5242880 0 268435456 0 0 0 262144 1048576 0 0 0 536870912 0 536870912 0 0 0 0 0 16777216 2097152 65536 2097152 0 0 0 0 1073742336 0 1048896 0 256 0 268435456 16384 196640 4 0 0 0 0 0 1024 1098926112 2638336 304615426 37818404 2684431384 65540 524288 0 1073741824 0 0 32 0 2129920 0 9216 0 8 0 131072 0 0 131072 0 262144 0 0 0 1073745920 0 2149580800 0 262144 0 524288 0 8388608 0 0 16 8388608 0 32768 4194304 67108865 262144 2097152 0 0 0 0 0 537919488 0 8396800 0 69632 0 0 0 0 805306368 0 0 256 0 8388608 524324 4096 0 16 4096 0 0 33554688 65536 268435456 1 0 0 0 16777216 0 2097152 1073743872 134217856 1048576 4 0 8192 0 0 0 131072 0 16 0 0 0 0 0 0 0 0 4096 2129920 1048576 0 1026 1077938177 134219776 405080088 273023072 2214991936 2115588 256 256 0 0 36864 32 0 32768 1024 8388608 268435456 4096 32 0 32768 0 0 0 0 2147483680 0 0 134217728 2048 0 0 49152 32 0 0 0 0 4096 64 32 0 1024 0 0 64 2147483648 16384 4194304 32 0 1073741824 0 1048576 0 0 4096 245825 17055873 2147745793 1077936176 201588896 528384 2147500068 345088 271597606 41943040 1073810432 16896 40 264 0 2048 262144 0 0 0 32768 0 0 65536 4096 0 0 4096 256 0 1048576 0 0 2 8192 1610612736 8 16384 4 0 1 0 131072 4194308 134217728 0 0 150994944 1048592 0 8 8388608 8388608 0 262144 16384 0 0 0 0 0 2097152 0 8388608 33554432 262144 0 0 0 1024 0 68165632 0 1073741824 0 0 0 0 0 0 1536 136314880 0 0 134217728 0 0 0 1024 0 256 130 2097152 262144 0 0 0 0 67108864 0 524289 65600 0 4096 0 2 0 524288 0 4195336 131072 0 256 2097220 143457 136386578 73663810 134775056 32904 0 134217728 0 0 0 33570816 134217728 0 0 268435456 33562624 0 0 0 134217728 67108864 0 0 1024 17039490 0 0 0 1073741826 0 0 16 1049088 0 24 0 64 2147483648 33554432 0 0 262144 256 0 0 4 0 0 65536 0 0 0 0 2 134217792 8192 0 0 0 0 4194304 134217728 0 0 2048 33556480 0 2147483648 0 0 33570816 2147483712 16 2097152 0 0 0 0 0 0 0 0 65544 2147483648 1048576 0 0 0 0 0 32 262144 256 262144 0 164 0 0 65536 8388608 8388864 0 2 256 134217728 524288 524288 0 128 0 4096 0 128 0 32 256 8192 64 0 2 0 0 0 0 256 2147483648 2164326400 0 1073872896 1 0 0 0 536887296 512 67108864 603979776 0 0 0 1048576 0 8388608 0 1073741824 0 0 262144 262144 0 512 33554432 1048576 0 0 8388608 0 0 0 528 570425344 0 0 524288 0 0 134283264 0 0 0 0 0 8521728 16777232 0 0 1 0 512 0 2162688 0 0 2048 0 83886080 16 0 0 0 0 0 0 0 1 0 2155872264 0 0 0 33554432 8388608 0 593920 10485760 1610827776 33589312 1080296496 18908168 1049856 66176 0 4194304 16384 0 0 0 32 0 8912896 0 0 0 0 1 0 2147500032 0 0 0 402653192 0 0 0 33554436 0 0 8 0 136314880 2048 16 524288 0 134219776 1048576 0 134217728 0 0 0 2147491840 32 0 536936960 0 0 16777216 1024 268435522 3256354320 150999042 1343226401 1376276 4522502 1024 1048576 1174405120 1073741824 0 512 0 0 0 268435456 0 0 0 0 524288 0 33554432 0 0 8 1 4194304 0 16384 0 536870912 0 0 0 67108864 0 0 4194304 0 0 1073741856 67108864 32 0 0 0 0 0 1 33554432 0 4202496 2162721 2 32768 524288 404752384 67244128 65810 3256975360 13107248 4194950 1346519104 1074004994 21561344 50401352 2152989696 4243458 0 0 0 4096 1048832 16777216 128 0 0 8388624 524320 0 4096 0 0 536870912 0 0 0 32 0 134250504 4096 0 0 0 0 0 134742080 0 64 0 0 0 8 268435456 1 0 201326592 0 536870912 32 0 2048 512 0 524288 0 0 0 262144 2 0 0 0 0 4194304 32 0 0 0 16777216 2048 0 0 18 0 536870912 0 0 536870912 0 2147483904 0 1073741824 0 0 0 0 0 2097152 16384 4 134742016 0 0 0 544 0 0 134479872 64 128 262144 16384 32 128 0 512 0 8396800 1 0 0 0 1536 536871168 536871424 0 0 0 16781312 0 0 2 4 2048 67108864 0 0 545259520 0 0 0 0 0 16777216 0 0 65536 2147483648 262144 4194304 67108864 0 8388608 0 131072 0 0 0 0 2147483648 0 0 0 41943040 0 0 0 64 2097152 276824064 16781312 1 1 134217728 32 0 1024 512 0 0 32 0 269484032 67108864 4 2048 32 2097160 2147483648 0 8388608 2 0 0 1073741824 0 4 0 2097152 4 0 0 0 0 0 1073741824 0 1048576 131072 268452096 262144 0 0 0 0 0 0 0 0 2 0 0 268435456 16386 2100228 4194305 16777220 202407969 143753234 4368512 768 0 65536 134217728 8388608 0 0 2 0 285212672 0 4194304 0 16777216 4096 16777216 16 0 65536 8 2147483648 0 2147483648 0 2 256 0 1048593 0 0 8388624 0 0 0 0 528 0 0 0 0 12 0 16384 0 0 0 0 0 16778240 0 32768 131080 0 0 0 16777216 16384 0 16809984 0 0 33554432 0 0 4 0 0 0 1 32768 128 0 65568 536870912 1073741832 0 0 0 0 2147484672 0 4 64 0 8388608 0 131072 0 0 1073741824 0 0 1075052544 4194304 0 0 0 17301504 1 8388608 0 0 8192 0 0 0 0 268435968 0 0 260 0 2147483648 0 256 0 0 262160 256 67108864 0 0 32768 0 0 4 1 65536 4096 0 0 0 0 131073 0 1048576 0 32 0 32768 0 67108864 8388608 0 0 131104 67108864 0 67109120 0 0 262208 64 0 4096 512 0 128 0 402653184 33554432 0 0 536870912 16777216 0 0 4096 134217728 2048 603980032 0 0 536870912 16777216 2147483648 0 2147483648 0 0 0 0 0 0 18432 8388608 0 0 0 0 528 4194304 0 142606352 0 4 0 17408 0 8388608 1073741824 0 0 64
is_linear=0
shrinkage=0.1


Tree=15
num_leaves=63
num_cat=49
split_feature=0 2 2 2 2 36 2 2 33 2 2 2 7 2 2 5 29 2 2 6 2 7 2 2 2 6 2 2 2 2 2 2 37 2 29 13 2 2 2 2 29 2 33 6 2 2 2 25 2 2 36 2 35 29 2 2 35 36 2 2 35 2
split_gain=140.608 60.8806 50.434 49.7767 36.4434 32.9963 37.813 35.9639 28.7635 41.0915 30.3938 26.6475 25.1339 32.5884 25.5241 22.7242 24.3542 28.048 27.3383 22.7436 33.5791 32.6768 33.6998 30.9417 21.3911 20.5783 28.2115 20.5898 19.0681 17.8754 16.5181 16.3031 16.046 15.9572 15.8812 15.6669 34.733 25.8371 17.6993 15.1884 14.8271 16.2441 14.4427 13.8126 21.7957 15.8457 12.9451 12.8747 18.9436 14.8901 11.9797 14.2927 11.9372 11.803 24.2065 22.631 11.7691 11.5027 19.3468 15.9 12.3256 11.4121
threshold=0 1 2 3 4 7.202040816326531 5 6 106.50000000000001 7 8 9 10 11 12 13 53.500000000000007 14 15 16 17 18 19 20 21 22 23 24 25 26 27 28 4.5000000000000009 29 16.500000000000004 30 31 32 33 34 1.5000000000000002 35 54.500000000000007 36 37 38 39 40 41 42 13.067231638418081 43 3.4027450874904175 14.500000000000002 44 45 6.2697795575599713 8.7864055299539192 46 47 1.7732974455334927 48
decision_type=1 9 9 9 9 10 9 9 2 9 9 9 1 9 9 9 2 9 9 9 9 1 9 9 9 9 9 9 9 9 9 9 10 9 2 9 9 9 9 9 2 9 2 9 9 9 9 9 9 9 10 9 2 2 9 9 2 10 9 9 2 9
left_child=3 56 32 42 -5 7 -7 -4 10 -10 -6 -8 13 -9 52 -12 18 -18 -17 20 -20 23 -23 -21 -22 26 34 -27 -25 -15 -13 -26 -3 -11 -16 36 -30 -37 -39 -29 -38 -42 -1 45 -45 -31 -32 48 -40 -49 51 -33 -14 54 -48 -55 -2 59 -59 -51 -60 -41
right_child=1 2 5 4 8 6 11 12 9 33 15 30 14 29 25 16 17 -19 19 21 24 22 -24 28 31 27 -28 39 35 43 46 50 -34 -35 -36 37 40 38 47 61 41 -43 -44 44 -46 -47 53 49 -50 57 -52 -53 -54 55 -56 -57 -58 58 60 -61 -62 -63
leaf_value=0.025223607750769924 -0.032360376174872849 0.042821378554405251 0.034156532378094073 -0.015904038941894644 -0.016128740584496738 -0.047558737435194169 0.085771734275896128 0.073061308718275236 -0.038078847082466449 -0.015474456346479943 0.072390198904073833 -0.035879626984529379 -0.0053731882602247351 -0.045483670512792312 -0.00030893701612837805 -0.011778005073063175 -0.01851328227998671 0.064437049997383311 -0.031180836473719411 -0.023843643789174994 -0.023287101947378458 0.053537799705316164 -0.041637464078270604 0.043137117243967939 0.070576592811430736 -0.027014158618519704 -0.051028927293582306 0.020969231563219642 -0.047125578750368588 -0.048082100721528631 -0.033084848541300726 -0.018533378646499531 0.25240937106673939 0.040694626578037456 0.18924017463035139 -0.026669826029105004 0.0004580130769968695 0.046357969451419227 0.050584622612274345 0.018733961418324539 -0.0062321095726060385 0.065390959616547908 0.071221742729368029 0.066034735159610281 -0.014418508682321075 0.051280225590452901 -0.060093070985991495 -0.020757948177985926 -0.033461291123568569 -0.023032682441442711 0.070731662042293794 0.028985441957215675 0.049012916410297966 -0.033464569850175756 0.027996641951996921 0.066195934470016343 0.005565958986014188 -0.026231871669184767 0.21298388717476843 0.016126843015619285 0.042841163146434408 -0.011272078529648143
leaf_weight=113.7863382846117 1137.8511557910824 183.48223587730899 179.64907670672983 535.83134800428525 452.20799394790083 71.73314817645587 57.612740478012711 63.110837055719458 76.703498754184693 54.610924382694066 49.818944451864809 45.134417107328773 67.917120401398279 60.673845853772946 8.6484730326337758 573.33216501725838 54.999176321551204 146.07691261917353 93.805479960981756 230.43193048331887 66.843112074770033 36.576800561975688 221.43336506653577 198.04463850753382 107.95337149733678 764.20009096816648 232.53954617597628 152.78399450506549 43.723567984998226 12.746312709059564 30.334610311780125 66.50836730748415 3.7270786757580927 656.08957535307854 9.0409727343358082 195.68407497555017 63.316847547423095 122.34973874455318 24.398714619223028 123.38023591740057 43.519730683881789 196.34896079078317 170.6073586451821 29.053220032132231 236.48923561454285 99.971138675231487 28.009731703670695 118.24251373950392 134.06290969066322 119.07620154134929 61.442453365772963 650.2704827026464 99.456349431187846 24.74291662836913 180.95316876424477 122.19059574452695 88.159865925554186 43.024439379107207 4.3414724688045672 544.72904026275501 220.84457538742572 4036.6730856015929
leaf_count=4169 198483 8429 11518 26289 19978 4743 4654 5106 2360 1530 1567 3586 7171 6485 854 27247 2149 5579 4048 11294 3011 1673 11080 7371 4203 118893 34844 13181 1873 1171 3040 2865 132 16804 948 8670 2591 4860 1106 11513 1818 7476 4922 2593 26765 9616 1955 5030 5952 5573 1768 27138 8770 3048 16422 12059 9804 1660 215 24491 8386 514757
internal_value=-0.000196943 -0.00894247 -0.00527135 0.0107841 0.00884383 -0.00672155 0.0164955 -0.00884017 0.0112061 0.0289621 0.00836608 0.0263265 -0.0101683 0.0111271 -0.0121307 0.0108776 0.010015 0.044032 0.00840267 0.0116109 0.0240009 0.00647101 -0.0266508 0.0102823 0.0296999 -0.0133561 -0.0409958 -0.0119159 0.0141744 0.000793013 0.0166236 0.0339119 0.044611 0.0362237 0.0616929 0.0109003 0.0298593 0.00642614 0.0114543 -0.0091843 0.0421118 0.0548626 0.0510237 0.0091962 -0.00353898 0.0370416 0.0235097 0.00756982 -0.018286 0.0116066 0.0279949 0.0247221 0.025425 0.0291059 0.014653 0.0516412 -0.0293934 0.0158894 0.033537 0.00899821 0.0441604 -0.0103394
internal_weight=14641.3 8150.27 6924.25 6491.04 6206.64 6737.04 560.711 6176.33 5670.81 787.404 4883.41 488.978 5996.68 502.045 5494.64 4431.2 4381.38 201.076 4180.3 3606.97 1046.82 2560.15 258.01 2302.14 953.018 5327.27 250.229 5077.04 2071.71 438.934 431.365 886.175 187.209 710.7 17.6894 1873.66 346.909 1526.75 1331.07 4312.84 303.186 239.869 284.394 378.26 265.542 112.717 386.231 1208.72 158.462 1050.26 778.221 716.779 167.373 355.896 208.963 146.934 1226.01 932.016 268.21 663.805 225.186 4160.05
internal_count=1307286 1040540 832253 266746 257655 823692 49507 774185 231366 20694 210672 44764 762667 51736 710931 190694 189127 7728 181399 154152 43033 111119 12753 98366 38985 694990 36646 658344 87072 46630 40110 35974 8561 18334 1802 79701 13758 65943 57273 539451 11885 9294 9091 40145 29358 10787 36524 52413 7058 45355 31771 30003 15941 33484 18377 15107 208287 40325 10261 30064 8601 526270
cat_boundaries=0 1 53 105 156 206 254 307 358 410 461 462 514 565 566 618 667 668 720 721 772 821 872 873 926 978 1030 1079 1131 1182 1226 1227 1278 1329 1382 1432 1482 1483 1534 1585 1637 1638 1688 1739 1791 1843 1889 1941 1990 2037
cat_threshold=2 536870913 0 32 4096 0 104 0 0 65536 0 65536 0 4 2048 0 1048584 16777216 0 0 0 8 0 8256 0 8196 0 32768 16384 0 0 0 524288 0 1073741824 0 0 0 0 0 0 0 128 1024 0 4 8 64 2 0 536871936 0 1024 0 1073741824 131072 262144 8388928 8192 32 2 0 0 0 0 0 0 0 128 0 0 2147483680 0 0 4194336 0 0 2147516416 512 0 0 32 0 147456 512 0 0 0 2048 0 4194304 524288 0 0 0 2147483680 0 0 0 524416 8388608 0 4194304 8388608 32 268435456 128 0 0 136314880 32 524288 0 32 0 2048 0 0 1 0 4194304 0 128 0 0 0 0 64 0 0 0 32768 16 0 0 0 0 134218752 16 8388608 1024 262144 136314880 0 0 0 268713984 16 8192 0 0 8 0 524544 512 262144 0 8388608 0 0 4194304 0 0 0 64 0 4194304 64 0 0 4194304 0 0 4096 0 16 2147483649 0 134217728 436207616 0 134217728 8 134217728 1024 2147483648 8388736 0 32768 0 0 32 0 0 0 0 0 0 0 524296 2 33554432 0 16384 32770 537919488 128 0 1114240 0 0 0 0 0 32 8388608 524288 1073741824 32 16 131200 0 268435456 0 0 8 0 0 4 0 0 8388608 0 4104 2097152 0 67174400 1048576 524288 64 32 131072 16777216 0 262144 0 2147483904 0 0 8192 0 0 0 1 0 0 16384 0 0 0 142606336 0 0 2147483648 524288 1073741824 0 262144 128 32 0 32768 0 33554432 0 134217728 0 16388 0 0 0 528384 136314880 0 65540 1048576 2048 0 0 0 0 0 1073741825 0 2 0 0 524305 0 0 0 16388 0 0 524288 0 8 524289 4210688 4194304 0 0 536870912 0 0 0 33554432 524292 0 0 0 4 0 0 0 4194304 805306496 0 8 139264 0 0 0 536870916 0 128 147456 2097152 0 0 0 0 0 0 2 524288 0 2147483648 0 0 198656 0 524288 0 0 16777216 0 1024 8192 0 5120 0 268435456 262144 536870912 0 1048576 0 0 8 0 0 0 524320 0 0 33554432 0 536870912 0 0 0 0 5120 0 16384 64 0 0 0 2097152 64 8 16 134217728 16384 1073741844 0 256 0 0 0 0 8 16777216 4096 0 0 8392704 4 16384 512 0 3072 134217728 16384 0 32768 0 0 0 64 20480 0 262144 16384 2048 128 0 0 2147483648 0 0 0 0 0 0 33 525312 0 128 0 0 0 0 0 75497472 320 16384 0 67108864 0 16384 0 0 0 512 1048576 16785408 0 1024 40 0 0 1048576 0 4194304 0 524288 0 0 0 0 41943040 0 2 131072 2181038080 2147483648 0 0 0 0 536870912 0 0 16777216 0 2097152 0 0 1064960 16 0 4096 0 8388608 16 0 134217728 196608 0 0 268435456 0 0 33554560 0 0 1114112 0 134217728 268436480 16777280 0 0 2 0 0 0 1024 1 0 0 0 524288 0 0 0 0 0 1048576 4194304 128 65536 0 0 268435464 16384 2048 512 1048584 0 786464 0 262144 65536 0 262144 0 1073741824 0 0 8 33554448 0 2 75497474 2097152 0 16777216 0 0 0 256 1536 0 0 0 4 0 536870912 134217728 4096 262144 526336 268435456 4 0 0 6144 16384 0 0 2097152 0 16842752 0 0 0 16384 0 0 65568 0 1130496 0 0 0 0 0 512 0 2147483648 256 16384 4 0 0 65536 132 524288 0 0 0 0 0 1024 0 4194304 0 16 524288 536871424 512 256 0 540672 33554432 16 0 2 256 128 0 256 0 16777216 8388608 0 4 0 0 8388640 0 8 0 0 0 0 0 134217728 0 0 131072 16781376 524288 1073741824 0 33554432 0 0 4 2 0 0 8388608 2 0 0 2097152 0 0 4 0 2 0 0 4 32768 0 4 128 512 33554944 0 0 8 0 0 8192 0 0 0 4160 5 2097296 65536 0 67108864 0 268437504 0 0 4194304 0 0 2147483648 536871040 0 0 512 0 0 0 0 512 0 32 1024 28 525056 0 128 4 0 4194304 128 0 0 0 8224 33284 268435456 0 4096 0 536871424 0 0 268435464 65536 0 0 0 0 0 16384 33619968 536871040 131072 0 0 2048 0 0 0 4196352 2415919104 0 0 0 0 16384 0 0 0 0 0 0 0 1024 256 0 0 0 0 4194304 0 1024 0 16 134217760 134217728 268435456 0 262144 0 16777216 33554432 2048 2147483648 0 0 131072 0 16384 0 536870912 0 536870912 128 2097168 0 2048 0 4194304 0 1073741824 0 541065216 64 0 1048576 131072 537001984 0 0 1048576 0 67108864 2147484672 1073741824 0 0 570425344 4202512 0 512 0 0 557056 0 0 67108864 0 0 8388608 16 4194304 0 16809984 0 0 0 32768 0 2048 0 0 16384 0 134217808 0 0 0 0 0 268435456 256 0 0 576 4194816 32 0 0 0 0 0 0 268451840 1 0 0 0 1024 0 0 0 32768 0 536875008 0 0 4098 131076 0 67109376 0 0 8388608 0 0 536870912 0 8396800 0 1073741824 0 0 0 131072 0 0 0 0 0 2 263168 4096 536870912 16384 4 16384 0 0 42008576 262144 0 0 64 2097152 0 4096 1 2105344 0 0 0 1024 0 0 32768 0 0 2181038080 100663360 0 0 4096 2684354816 2147485696 0 276824064 0 0 536870912 0 0 0 0 2097152 0 0 133120 128 0 0 0 0 0 8650752 268435456 16 0 0 268435456 0 65536 128 0 0 65536 0 0 268435456 16384 0 134217728 0 0 0 8192 0 2097152 0 0 4 0 0 67108864 0 0 0 0 0 536870914 0 1 0 16 0 0 262144 1140850820 0 200704 0 134217728 0 2048 262144 1081856 2097152 0 131072 16384 0 0 1024 0 0 0 524288 0 0 0 268436480 2 0 131072 2176 0 0 512 0 32768 536870912 0 0 4096 16384 0 0 0 33556480 0 0 128 0 8200 536870912 10 0 8388612 1049088 1 0 0 4194304 0 512 0 134217728 0 4194304 2117632 134217728 0 0 0 0 67108864 0 0 512 0 8388608 0 0 16384 0 268435456 0 8388608 2147483648 0 128 0 524288 2281701376 16777216 32768 512 2684354560 0 0 4 16777216 0 16384 0 0 0 0 10240 134217728 0 0 134479936 0 0 0 0 262144 0 0 0 8388736 0 0 1 0 268435456 1073741824 2097152 0 32768 0 8192 0 0 0 0 0 0 0 4096 16 16 64 0 0 131072 0 1048576 64 33554432 2048 1073741826 0 0 131072 0 0 0 0 0 134217728 0 0 0 1073741824 8388608 4718592 1073741824 2048 1048576 537133056 268435456 0 131072 0 536870912 8388608 524288 0 524290 0 0 32768 0 1073741824 0 0 262144 16912 134283264 2147483648 536870912 8421376 0 0 0 0 0 0 16777232 16777216 512 1 0 0 0 512 0 0 0 8 2 0 196608 0 0 10240 262144 32768 131072 0 8 256 2048 0 16896 268435456 22336 2147483648 0 128 544 0 16384 0 2 0 32768 268959744 0 0 0 0 0 8 0 0 1073741824 0 0 0 4 0 268435456 0 0 4240 16384 4 0 8192 0 0 0 268435456 0 256 256 12288 0 0 65536 0 524288 0 2050 0 67109888 32768 0 0 0 134217732 537133056 16777216 0 4096 4194304 301989888 0 536870912 2147483648 0 0 0 514 2097152 512 0 65536 0 0 0 0 0 8208 50331680 0 0 0 0 0 131072 0 1073741824 2048 1048832 134219776 0 0 131072 0 0 0 0 536870912 0 32 0 134217728 524288 0 0 163840 33554432 0 0 524290 0 0 0 0 65536 0 0 16896 0 0 256 0 32768 0 2147483648 0 0 0 268435458 0 144 0 536870912 0 8200 0 0 0 268435456 0 256 2147483904 536879104 0 4194304 0 0 524288 1073741824 0 0 75497472 0 0 1 0 0 0 0 0 0 65664 0 0 336068624 0 0 16384 1 0 0 0 4 0 0 0 0 0 1073742336 2 0 68 0 0 128 16777216 0 2415919104 2147483648 0 0 16777217 0 4 320 256 33554432 294912 0 0 256 0 0 524320 8 0 0 0 0 0 5 1 512 2097152 0 67174464 516 0 16 0 1064960 33554432 0 2097408 268435456 65536 32 8192 0 0 0 2117632 0 134217728 67108864 0 0 0 0 1048576 0 4194304 2147483648 262144 0 0 0 0 0 8388608 0 0 0 0 8388864 2 2097152 0 0 1024 0 0 0 2147483648 0 0 2048 67108864 0 4 8652804 0 0 272 8389120 8 16777216 0 67108864 0 2097152 8 0 0 0 16777216 0 0 524288 96 0 536870944 8388609 0 536870912 0 0 262144 0 64 0 0 0 0 0 0 131072 2097152 134218240 0 1024 1024 16384 0 33554432 0 524288 134217728 67108864 4096 0 8388612 0 268435968 1048576 0 0 0 0 0 1 2097184 0 16 0 524288 0 128 0 0 64 16777216 536870912 8388608 65536 537133056 0 0 0 0 0 0 0 0 0 0 0 32768 2064 0 2 0 536872960 0 131072 1024 0 32768 0 4100 0 0 0 0 131072 0 0 32 0 134217728 0 4096 0 0 0 0 0 4096 0 1073741856 0 0 0 0 0 2162688 0 256 0 536870944 0 16 512 1075838976 0 134218756 8388608 0 2147483648 4096 12477 2147483648 0 0 512 0 16384 0 33280 2097168 2048 524288 260 0 0 33554436 0 536936448 0 32 0 0 0 0 4 12320 0 0 0 512 67108864 4 524288 0 0 1048576 0 0 0 0 8388608 0 0 134234116 0 0 0 0 0 0 1024 0 1024 1073741824 512 0 0 2147483648 2147516416 0 1280 0 0 0 0 8388612 0 67584 0 32 0 0 8704 0 0 98304 524288 0 256 67371008 1048576 0 32768 0 8396832 0 0 0 0 262144 268435456 0 0 16388 0 0 0 0 262144 0 0 16384 1 134217728 0 0 0 2097152 0 0 524288 8192 0 0 0 0 32 0 0 0 0 134217728 1048576 1 0 1082130436 32 131072 268435456 0 335544320 68157440 4 524288 0 0 512 0 270536704 0 0 16896 0 0 262144 0 0 0 0 8388608 0 0 1024 16777216 0 0 0 0 262144 0 134217728 0 0 16 0 0 32768 1 8912896 33554464 0 0 0 0 0 0 134217728 8389124 0 536870912 2097152 0 0 0 8 0 2560 0 0 33554432 0 16384 536870912 8 32 16384 0 128 128 0 0 0 2097152 0 268959744 536870976 0 0 0 32768 0 0 2147484161 0 262144 0 0 0 268435456 0 2048 256 0 0 0 0 0 536870912 0 1 83968 0 144 0 0 0 16777476 0 8 16777216 0 32800 0 0 1073872896 0 0 268697600 0 33686048 0 16777216 32768 512 0 0 1048576 2097152 0 0 524288 4096 67633152 4 16384 16 32 0 0 0 0 1073741824 0 32 0 8388608 8192 0 2113536 1 4096 0 64 16 0 0 0 0 0 268435456 0 0 4224 0 0 65536 0 0 4 0 16777216 8 32768 1024 512 0 3145728 4096 0 16385 0 512 2097152 0 8192 256 0 0 131072 1048576 33554496 0 0 8 16777216 0 0 0 0 536870912 2048 65536 0 67108864 4 524288 0 0 512 0 4194304 2147549184 0 65536 0 0 0 0 8388608 16 0 524288 8192 0 268435456 1048576 16 0 0 0 16777216 2359312 32768 0 0 0 620756992 2048 16777216 16 0 32768 134217728 0 65536 0 0 4259840 256 16777216 268435456 268435456 4194306 2097152 0 0 0 1 0 0 536870912 0 0 536871040 32768 0 0 0 0 16384
is_linear=0
shrinkage=0.1


Tree=16
num_leaves=63
num_cat=59
split_feature=34 2 2 2 7 2 9 2 2 2 9 9 2 2 2 9 2 9 16 2 2 2 9 9 9 2 2 2 2 9 2 2 2 2 34 2 2 2 9 4 2 2 9 9 9 2 2 2 2 2 9 2 2 9 2 9 9 34 2 9 2 2
split_gain=132.718 41.4844 37.9045 31.3892 31.3302 49.3731 35.7442 32.7962 32.0168 31.8269 28.4164 27.8411 45.0903 31.9996 25.9265 28.1106 25.7004 25.008 24.9948 34.74 33.9997 26.3227 34.9931 24.2845 24.1379 42.8847 30.5028 24.1301 23.6597 23.1048 34.3236 30.1769 22.3743 21.4525 21.2643 29.4221 27.218 20.7659 19.8345 19.6537 35.6631 27.1026 19.9217 19.2662 18.8161 24.1116 19.4359 18.6309 18.1109 17.4534 17.1806 26.3778 25.2507 17.1331 16.973 16.8166 16.5409 16.4895 15.8377 16.7352 15.5672 15.1171
threshold=119.50000000000001 0 1 2 3 4 5 6 7 8 9 10 11 12 13 14 15 16 17 18 19 20 21 22 23 24 25 26 27 28 29 30 31 32 53.500000000000007 33 34 35 36 37 38 39 40 41 42 43 44 45 46 47 48 49 50 51 52 53 54 111.50000000000001 55 56 57 58
decision_type=8 9 9 9 1 9 9 9 9 9 9 9 9 9 9 9 9 9 9 9 9 9 9 9 9 9 9 9 9 9 9 9 9 9 10 9 9 9 9 9 9 9 9 9 9 9 9 9 9 9 9 9 9 9 9 9 9 8 9 9 9 9
left_child=2 23 17 10 8 43 9 53 -5 -7 -4 12 -3 -13 15 -10 38 -1 19 -16 56 22 -21 -2 25 -22 -26 -9 -14 30 -23 -31 -27 -11 36 -36 -28 -38 -15 41 42 -18 -41 -6 45 -37 -46 -42 -43 -35 51 -50 -52 -8 -30 -39 -20 -24 59 -29 -33 -53
right_child=1 11 3 4 5 6 7 27 14 33 -12 13 28 16 18 -17 39 -19 20 21 24 29 57 -25 26 32 34 58 54 31 -32 60 -34 49 35 44 37 55 -40 40 47 48 -44 -45 46 -47 -48 -49 50 -51 52 61 -54 -55 -56 -57 -58 -59 -60 -61 -62 -63
leaf_value=-0.0086820346247176491 0.017228703826119445 0.052662187030211818 0.036471815350417429 -0.021293538060648955 -0.012238533878100578 -0.042713578748575981 -0.0050471562096976374 -0.038842656169537033 -0.014197458437806683 -0.033802123690694026 -0.032436746889267502 -0.026649073478735148 0.040938504357642347 -0.0071917092966925188 -0.042702928679328261 0.060511725067832582 -0.029983246939640242 0.062760109072933237 0.019064968341795649 -0.021403711259356702 -0.045076384064515113 -0.057605304250408808 0.083173794324662015 -0.034740322977830071 -0.023291295087365205 -0.018258218866602265 -0.0254523687807892 -0.024275884336955045 0.044315775286183301 0.056925794664953157 0.043384514452992948 0.034342629712896748 0.053040609811997846 -0.020076275248626207 -0.032368585475103753 0.052208140527603433 0.068579623560246064 -0.0096438896424163086 0.058083017735113429 -0.012786051447978924 0.03770022913976042 -0.033229070356143468 0.10114074867662078 0.093220045902901241 -0.028858505175087996 -0.035732877934937422 0.025672333845558167 -0.020739078376840098 -0.028904613240917216 0.049876755222974148 0.052868236584085272 -0.023551277317809628 -0.004192329835025827 0.08245593336302677 -0.024969056831721344 0.030734298564613495 -0.038782528231353669 0.26713646635562333 -0.0092810517968873255 0.06076855186841737 -0.018883374449266327 0.036638312218777218
leaf_weight=68.650168070103973 97.366492806351744 77.711373867932707 65.078363037435338 258.71102871990297 26.666281638899818 56.88786719169002 41.762658023741096 268.57538613700308 66.075351819163188 37.575165949529037 334.06371169397607 457.72377761953976 51.313260536990128 74.042591677629389 153.68662300182041 218.67938593658619 181.27668995573185 193.7395827837754 67.203835577587597 46.862902074819431 50.734864173922688 32.224220394156873 77.196962365880609 940.55816772580147 183.24198335851543 48.630826079519466 85.9119017876219 31.566021408652887 28.546832099673338 55.555841269670054 199.60705742007121 51.986422423855402 490.74587867769878 39.503897415008396 144.57294936792459 31.509349443600513 132.93024223204702 117.27326652384363 128.60882163397036 27.261773578356951 50.080937202088535 82.095435461495072 34.605088959564455 70.36299792653881 65.183028387604281 127.01865872216877 737.4311017311411 883.07178541179746 75.34158670634497 299.00528916495387 77.557538404595107 41.869456175598316 671.32969631324522 51.42454411322251 1631.3523444727762 883.77945345820626 149.45498329645488 5.2007283229613668 1748.2474249954103 58.983109823893756 614.66491353185847 535.10950514022261
leaf_count=2720 16539 7744 3154 14919 867 2877 1900 17632 2404 2081 18151 77438 5150 7061 7943 7565 24299 6499 3526 2474 1749 1517 3973 161562 7691 1746 2962 1629 3371 2645 9963 2489 19804 2015 7791 1747 4487 5477 12531 3034 4434 11723 3267 2505 2627 7708 38934 111522 8688 15893 7683 4470 100164 2232 250024 30969 7707 339 103132 2793 31750 67922
internal_value=-0.000408514 -0.011599 0.00769525 0.00646141 0.00786521 -0.000786923 -0.00347993 -0.00866409 0.0124936 0.0224691 -0.0205847 -0.00783845 -0.0178694 -0.002396 0.0143408 0.0432825 0.00156177 0.0444359 0.0124397 0.000264051 0.0169677 0.00669457 0.0473428 -0.0297473 0.0196658 0.0379124 0.0152406 -0.011314 -0.0213598 0.000753264 0.0275455 -0.00810588 0.0463969 0.0331798 0.0183633 0.00839853 0.027546 0.0315078 0.035017 -0.00110901 -0.0121604 0.00553025 0.0561449 0.0658016 0.0147143 -0.0161928 0.0209431 -0.0172363 0.0100421 0.0413714 0.0127948 0.0245856 0.00233586 0.0465519 -0.0235193 0.0259554 -0.0207897 0.0845267 -0.00710486 0.0316557 -0.0142865 0.0319437
internal_weight=14635 6146.82 8488.17 8225.78 7826.63 2730.56 2633.53 2200.56 5096.07 432.972 399.142 5108.9 1788.92 3319.97 4837.36 284.755 2862.25 262.39 4552.61 1236.99 3315.62 1083.3 129.261 1037.92 3098.96 590.112 2508.85 2107.37 1711.21 954.038 231.831 722.207 539.377 376.084 2325.61 1105.72 1219.89 1133.98 202.651 2659.6 995.02 1664.58 61.8669 97.0293 961.142 158.528 802.614 933.153 1483.3 338.509 1401.21 652.321 748.887 93.1872 1659.9 1001.05 216.659 82.3977 1838.8 90.5491 666.651 576.979
internal_count=1307612 888626 418986 409767 388462 155556 152184 129318 232906 22866 21305 710525 266289 444236 217987 9969 366798 9219 208018 63093 144925 55150 6786 178101 133692 23299 110393 125186 258545 48364 11480 36884 21550 19989 102702 58807 43895 40933 19592 347206 122257 224949 6301 3372 51016 9455 41561 115956 200650 17908 188927 81080 107847 4132 253395 36446 11233 4312 107554 4422 34239 72392
cat_boundaries=0 52 102 148 149 201 207 259 311 359 365 371 420 472 523 529 580 586 587 638 690 741 747 753 759 809 860 911 962 968 1019 1070 1121 1172 1220 1272 1323 1329 1330 1383 1435 1441 1447 1453 1503 1554 1606 1659 1710 1716 1763 1812 1818 1869 1875 1881 1933 1939 1991 2033
cat_threshold=536870912 131072 32 4096 0 512 0 32768 65536 0 0 32832 4 2048 0 1048576 2048 0 0 0 8 0 1073750080 0 4 0 1048576 16384 0 0 128 134742016 0 33554432 0 0 0 16384 0 0 0 128 0 536870944 0 8 0 0 8192 1024 0 1024 2048 1152 0 262144 134217728 0 0 0 1048576 16777216 2052 4 0 262148 128 0 0 262144 0 0 0 4194305 0 16 0 1073741824 262144 1075314688 67108864 128 0 0 1024 0 4194304 0 0 134217728 0 0 131072 0 0 67108864 0 0 0 0 0 67108864 0 0 1024 33792 0 0 2147483648 64 0 0 0 1073741856 0 16777216 0 2149580800 16777216 0 0 0 2155872256 0 134217728 0 128 0 0 0 1032 16384 264 0 524288 0 0 1048576 0 268435456 0 2155937792 8 516 0 0 2 33554434 44 2148007936 0 16384 0 262144 4194304 0 0 2097152 0 0 536871424 0 0 33554432 0 0 0 262144 0 64 0 20544 512 4096 512 0 0 0 0 0 512 0 131072 0 268435456 0 0 0 268451840 0 1179648 512 0 33554432 0 0 0 16777216 0 32768 1024 2185232416 2638848 142659648 2684363280 3800141840 4199426 0 134218240 0 16416 16777216 0 268435456 32768 0 1073741824 0 0 16384 67108864 0 0 0 0 2048 1073741824 0 67108864 0 8192 0 0 8388608 268435456 0 32 0 0 0 0 0 0 1075838976 0 0 0 0 268435456 4 1 0 0 16777216 267264 2097408 512 268500992 4 9216 0 4194304 0 4096 4456448 0 33554434 0 0 0 4096 4096 0 4096 256 2 0 0 65536 64 0 2147483648 0 2097152 1024 0 67117056 0 0 0 64 0 0 0 0 0 0 671088640 0 0 0 134217728 0 33554432 32 1073741824 16384 2105344 536870912 0 1024 512 16384 1048576 32 1048576 0 0 37376 0 0 0 0 2147483648 2 0 0 0 0 4194816 536870912 536870912 32 0 0 8192 8388608 16 1 2097664 0 128 524288 0 0 0 32 268435456 1048576 537395200 0 0 0 1024 32 4 0 0 524288 524480 5308417 2182613344 63963217 2148335618 77825 134285312 297803776 33554436 403751008 9505298 4597894 1024 0 0 134220288 134217728 0 1024 2 0 1048577 0 0 1048576 0 0 16777216 0 0 32768 0 65536 0 0 8192 0 2304 0 0 0 0 0 512 0 0 0 16 1140850688 64 536936448 16384 0 0 4341760 0 268435456 67108864 0 8388616 67108864 2097153 256 0 2048 0 0 0 0 0 4096 2449473536 0 0 134217730 0 2684354568 16777216 0 8421376 0 2 0 134217728 0 16384 0 2097152 0 4224 0 0 0 0 0 0 0 0 0 8388608 0 0 0 147456 0 65536 67108864 64 0 8388608 536870912 4096 2 0 0 0 0 0 8192 0 0 0 256 268435456 0 0 131072 0 4194432 64 128 8388608 268435456 0 536870912 0 0 16777216 0 8196 1 2097152 0 0 1048576 2097152 8192 262144 2560 301989888 2097152 0 256 4096 0 32 0 0 524288 0 0 524320 0 1024 67403844 33556482 1441800 341316096 34186262 524 147456 0 0 1024 8388608 0 0 0 1024 0 2048 0 0 0 0 0 2147484160 0 536870912 0 256 65536 0 0 40960 8388608 0 0 2147484704 0 0 0 0 8388640 513 512 262144 0 524288 0 0 4096 0 0 0 8388608 17301504 0 0 0 277872644 101089312 20972576 2266497033 36220992 4203520 4235266 2124 268435456 16384 0 0 268959744 536870912 0 32768 4194304 16 65536 16 0 0 0 32 66048 0 0 0 65536 512 8192 0 0 0 536870920 0 128 131072 2097152 0 0 0 0 0 0 0 262404 0 0 268435456 0 8192 4 8 0 3 0 0 268468224 524289 0 128 2147487744 18432 0 0 0 0 8192 134742048 0 0 0 0 16384 268435456 16777216 268435456 16 8 0 0 0 8208 0 2097664 0 268435456 1048576 128 0 0 67108864 0 32768 134217728 0 268435456 0 2147483648 0 2147483648 0 0 0 0 0 67108864 0 0 2 0 4194304 128 4096 0 1 0 0 0 8320 201850880 0 0 0 2048 2048 0 0 536870912 2 0 0 0 0 0 0 2097152 0 0 1048576 8388800 134217728 0 75497536 32 0 8521728 0 524288 0 2147483648 0 2147483648 131072 0 0 0 0 0 0 131072 67764228 270400 1380188209 144212300 167782660 12 269582336 32769 2466250816 604111652 676594400 8933384 67665968 2228225 279183360 68157552 2148008192 4195336 0 512 0 0 64 0 0 0 64 2048 67108928 557056 16384 0 0 2048 0 0 4196608 0 0 34 64 0 0 536870912 18432 0 262144 0 2097152 0 134217728 134217728 8 0 4194304 65536 0 0 0 0 262144 33554432 8388608 0 16777216 4096 0 1048576 0 131072 0 134217728 0 0 134217728 2147484672 538968064 41943040 4194304 0 0 0 0 0 0 256 0 128 0 0 0 0 69632 0 0 0 65536 0 0 134217728 4194304 0 0 1073741824 393216 16777536 0 0 0 536870912 0 8 4194816 0 524288 0 16777216 0 20480 16640 0 4096 0 0 16896 1 0 4194304 0 272629760 0 2147483648 1 264192 1048576 512 128 0 0 0 536870912 0 0 0 0 8204 0 16 65536 2097280 0 0 0 0 512 0 16384 0 64 2147483648 0 0 196608 0 524288 0 0 0 0 1024 0 0 131072 0 0 0 2147483648 0 262144 0 0 1024 0 0 17072144 0 0 0 0 2097664 0 4194304 0 1090519040 2147483648 0 0 0 0 0 1 1310720 4198400 0 2048 0 0 134348800 131073 0 2 0 268435456 0 0 0 4194304 4456448 2097152 0 557056 3226091536 1073743938 11028512 1355027456 134232064 147970 0 134217728 1048576 1 0 0 0 2147483648 0 0 0 201326592 0 1 0 0 0 0 2162688 0 0 0 0 0 0 8392736 6144 33554432 0 0 131088 16 0 268566528 0 16 0 2147487744 0 16384 4 0 1536 524288 128 0 16777216 0 512 0 134217728 0 0 1048576 0 0 0 0 0 16 4194304 0 134217728 32 0 0 0 2048 0 6291456 144 0 67108864 2097152 0 0 32 0 33619968 0 528384 0 0 0 268435456 0 32784 0 2147549248 131072 0 67109120 64 1536 524288 0 0 0 0 256 0 32 268435968 16384 16384 0 2097152 2097168 0 0 16 1073774592 0 0 0 17 131072 0 536870912 0 33554432 2147483648 0 0 0 41943040 0 0 32768 0 4096 262144 67108932 0 0 0 0 0 2099200 36864 524288 0 256 1048576 0 0 0 0 0 0 0 0 32768 0 0 0 0 0 553648128 0 0 0 16 8192 16 0 0 0 32 0 4096 33554432 2147483650 32770 0 0 65536 268435456 0 0 65536 536870912 67108864 0 135266304 0 2048 262144 512 0 0 1074003968 0 0 0 2147745792 512 8388608 8 0 0 8192 0 268436480 0 4194304 0 512 805306368 36 0 0 32 0 33619968 0 0 0 262144 32 33554432 0 0 1073741826 0 0 0 0 32 0 32768 16384 0 67108864 0 524288 0 131088 8388608 0 1073741824 1048576 262400 1073741824 0 33554432 1024 536870912 0 0 0 4096 0 0 135266304 0 65536 2129937 0 512 0 0 0 512 0 67108880 524288 0 0 0 0 0 16842752 32768 0 0 0 0 16 8 262144 0 0 16 34816 0 32 48 0 33554432 0 64 0 0 0 524289 8388608 0 0 0 32770 0 0 16777216 268435968 0 2097152 0 524352 32 524288 0 0 0 0 16 0 32768 0 1048608 33554432 0 2048 0 0 0 0 0 16384 8388608 32776 0 0 65536 538968064 0 134217728 0 0 0 1073741824 1052672 262400 0 0 0 1024 536870912 0 0 0 528384 0 0 294912 16794624 656097 134217760 117637632 671613000 1102368 89 8 16384 67174528 0 0 0 524288 0 4 272 0 4259840 0 0 0 0 0 0 65536 16777216 0 0 0 8192 0 0 0 0 0 1179648 2097152 0 0 0 0 0 0 8388616 0 65600 256 1073905664 0 8388608 0 16 1024 0 0 0 524288 16777248 8 0 16384 65664 134217728 33024 0 671088640 4096 0 0 0 0 0 131072 4096 0 0 0 0 17039360 0 536870912 0 8194 0 0 0 544 0 1050624 0 32768 0 0 8192 131072 131072 0 16 0 0 1196032 32 0 0 0 0 0 320 0 0 4096 271613952 135360 270534944 2688815617 37748736 2117888 3221766160 32 11026528 155223104 12587008 4210688 2860588032 2147518466 134742050 532993 746588166 98434 2147483648 0 0 16385 0 33280 129 0 0 0 0 16 0 2 33556480 0 0 0 2149580832 0 65536 0 0 1073741824 0 4096 0 33554440 128 0 4 0 2 134217728 0 0 2097152 20480 16 0 1 0 4194304 33619968 0 0 0 0 0 1048576 2147483648 32 4096 0 256 1024 536871040 0 524288 0 0 0 0 0 133380 0 1024 0 288 256 0 0 131072 0 268435456 0 0 2048 2147483648 65536 0 0 0 134217728 0 0 0 2147549184 131072 0 0 0 4 0 0 0 0 0 0 1048832 1081376 0 0 0 0 32768 4202496 0 0 0 16777216 0 536870912 0 16777216 0 0 0 512 1024 32 0 0 0 16794112 65536 0 16777217 4112 0 67109128 0 0 2048 64 0 0 2048 134217728 0 0 32 64 0 0 33554432 262144 0 8192 0 4194304 2147483648 1 64 0 67108864 512 4096 0 2147483648 2 0 16777216 0 0 0 16777216 0 67108864 33554432 16 268500992 2147483648 0 0 0 0 2048 0 0 0 0 0 1 0 4194304 2147483648 0 16777216 1024 0 0 0 0 262144 4194304 75497472 570425344 1073741824 0 73728 67108864 0 0 134217728 8 0 4194816 0 0 0 0 512 0 536870912 268437504 268959744 2 0 0 0 16384 536870912 0 2048 0 0 512 1073741824 0 0 0 8 0 0 0 0 0 2048 64 0 0 134217728 0 0 0 0 32 147456 131072 0 0 17301504 3072 320 256 8454144 270581828 1184256 270733352 541065996 138420224 8438048 0 268435456 33556480 0 268436480 32 256 16777216 32 524288 4194304 16 0 0 0 16384 0 0 0 32 0 0 8388612 8 0 0 536903680 0 33554432 8 2097216 0 0 0 134217728 536870928 4194304 2097152 0 0 0 1073741824 1024 1073741824 0 0 512 0 0 0 0 4194304 4194304 0 0 536870944 0 1572864 0 0 0 2048 16384 0 0 0 0 0 8192 0 520 0 0 0 268435472 0 262152 8 0 16781312 0 134217732 16 69206016 4194304 0 16384 0 16 276824066 131072 0 0 0 1 2 1677885516 5251075 320864264 38436932 4721668 512 0 0 0 128 64 0 8388640 0 0 0 1 0 134217728 83886080 4096 0 0 0 2097152 0 0 134217760 0 4 4718594 8 512 0 134217856 17301536 0 0 0 16777216 0 0 0 32 0 0 16 4 16 16 0 0 8 0 32 0 256 2959081536 1678770208 33570832 39846148 75499576 8921604 1111490568 16786496 19415045 1180697120 1074796562 49794 0 0 0 2048 320 0 0 18875392 64 0 524320 32768 0 0 0 16384 268436480 0 0 0 2 512 0 0 2147483664 0 0 67129472 0 16777216 16384 0 134218240 0 8388608 0 0 0 0 262144 0 0 2147483648 0 4 0 536870916 0 0 0 0 2 246016 295008 301989924 318804032 263424 512 0 0 0 512 2097152 0 0 0 0 8421376 96 0 2147483648 67108880 0 0 268435456 20 0 0 0 0 4 4096 8224 0 2 0 805306368 0 0 524288 0 0 0 33554432 2097152 16777216 0 33816576 0 0 0 0 8388608 0 512 2048 8388608 256 0 536870914 1048576 0 2147483648 0 2048 4194304 524288 0 0 0 0 1073741824 1054720 0 8388864 0 0 1052672 0 73728 65536 0 0 528896 4128 0 16384 16777232 0 128 0 1140850688 0 0 0 1572864 0 2147483648 0 0 1048576 64
is_linear=0
shrinkage=0.1


Tree=17
num_leaves=63
num_cat=55
split_feature=0 2 2 2 32 9 2 2 2 9 2 2 36 2 2 9 2 7 28 2 2 2 9 2 2 31 2 2 2 2 2 9 2 2 2 9 2 2 9 2 2 9 9 28 2 9 29 2 28 2 9 2 4 2 2 9 2 2 9 2 2 9
split_gain=99.8824 51.2387 41.4992 37.6641 35.8881 33.6109 45.602 32.522 28.6754 26.742 31.2454 25.7698 23.8132 36.1945 28.1966 23.642 23.5651 22.7383 22.6254 43.7665 21.5573 21.1029 20.5893 23.0429 20.33 19.9847 31.5279 23.6316 22.0951 19.7631 18.6502 18.4055 24.6146 21.5042 18.3237 17.8305 31.9899 18.167 16.7429 17.8137 17.7824 16.3038 15.9485 15.7801 19.2605 15.3397 15.2712 24.1651 14.9014 15.6094 14.8489 14.3571 14.3261 28.6685 26.6498 18.2702 24.4557 21.5901 18.2294 25.0204 23.9825 14.3099
threshold=0 1 2 3 7.5000000000000009 4 5 6 7 8 9 10 7.202040816326531 11 12 13 14 15 2.5000000000000004 16 17 18 19 20 21 123.50000000000001 22 23 24 25 26 27 28 29 30 31 32 33 34 35 36 37 38 45.500000000000007 39 40 4.5000000000000009 41 10.500000000000002 42 43 44 45 46 47 48 49 50 51 52 53 54
decision_type=1 9 9 9 2 9 9 9 9 9 9 9 10 9 9 9 9 1 2 9 9 9 9 9 9 2 9 9 9 9 9 9 9 9 9 9 9 9 9 9 9 9 9 2 9 9 2 9 2 9 9 9 9 9 9 9 9 9 9 9 9 9
left_child=3 15 45 -1 12 6 -5 -7 -6 10 -10 -8 14 -14 41 -2 -9 20 19 -18 -16 -21 29 -24 50 27 -27 61 -28 -15 -11 32 -22 -33 -29 36 -26 -38 40 -40 -23 -4 -30 44 -13 -3 47 -12 -25 -50 -19 -37 53 -36 -54 57 -57 -56 60 -60 -55 -20
right_child=1 2 4 5 8 7 11 16 9 30 46 43 13 22 17 -17 18 24 25 21 31 38 23 48 35 26 28 34 42 -31 -32 33 -34 -35 52 51 37 -39 39 -41 -42 -43 -44 -45 -46 -47 -48 -49 49 -51 -52 -53 54 58 55 56 -58 -59 59 -61 -62 -63
leaf_value=0.044630658027218592 -0.012422835001267327 -0.039450759890133365 -0.018294213818618722 -0.037629343919844571 -0.032643180981539753 -0.019237042197659471 -0.018676037871337998 0.036499338175195725 -0.038518403154996432 -0.037712429549163907 -0.028577804326676354 -0.025153148038411538 0.081959118427533895 0.05891893039921281 -0.049280310005429095 0.067794312556918604 0.062290907502541217 -0.01857199302297902 -0.037814862375514194 0.040924921624301336 -0.048754958520295967 -0.052540640620110796 -0.043145295548772458 0.0031146981554455739 0.058534697444384609 -0.028132316309976726 0.066777887036999051 0.034316840917300542 -0.019593263666955938 -0.038008542532554201 0.017444772833529961 0.06326336167559847 0.060374223920171291 -0.012275197353638901 -0.025898258890103026 0.020233584833526049 -0.044766146968616916 0.0012876854271310885 0.033761625637160612 -0.033054377924622305 0.027464830601634811 0.053386910569055347 0.025971332851944941 0.18411017669418964 0.040261192624339665 -0.014915138796973102 0.099152217963158415 0.072331442229148696 -0.027499267821279386 0.073550263733841853 0.050647966474424579 -0.017629170294573612 -0.033800573262331206 0.051086801603332004 0.045123136322056986 -0.037188391988430457 0.025298557569629038 -0.024823261054229537 -0.038260146453538403 0.027970210311093709 -0.029942687966270407 0.0046547519224857271
leaf_weight=270.65761571051553 53.250389364082366 531.57665711722802 42.891849370556884 99.6481241597794 98.441195873776451 532.43200269900262 88.861636908724904 240.62772014597431 29.593841596273705 66.409538708394393 32.541970637394115 44.944408477284014 56.381623476045206 16.266736357705668 44.736756614875048 122.47305178665556 67.646200505550951 45.067487466265447 192.44880498386919 51.029786413069814 18.905073819682002 26.341500433161855 37.759966850047931 73.17073321074713 75.003072573454119 108.30753898853436 119.48721035197377 221.88552944455296 83.121811015531421 141.21788930217735 308.35647940228228 35.401438615052029 131.5734312669374 211.81908066966571 165.68985542422161 96.695314334705472 95.417168272892013 461.3992266098503 37.133984172251076 556.14984483225271 113.713341885712 100.51711199304555 597.94239121628925 7.3254941063933066 726.36199770309031 565.96305005325121 92.48480575683061 60.678546683280729 17.409491883008741 90.765013814438134 77.219925853190944 4191.6015494137537 223.11066053435206 38.649948162958026 43.511240500956774 65.011234245728701 427.01264177076519 270.35724749835208 54.021520725917071 850.56664532283321 142.59577902173623 133.93316684896126
leaf_count=8779 2780 91048 3368 3557 7615 23745 3576 9014 2482 4026 1914 1772 4241 920 4404 6843 2308 4906 9000 2063 1624 1106 3837 6774 6826 3196 3669 8856 2732 13364 27415 3499 12223 25462 7420 8455 8528 67247 1540 24769 4979 6660 18362 208 25508 100334 8524 4461 2236 9581 8247 581266 10907 1734 2103 2923 18972 12876 2166 36382 6009 6734
internal_value=-0.000375308 -0.00787149 -0.00908051 0.00873635 -0.0061233 0.0071198 0.0241942 0.00400121 0.0155027 0.0236867 0.0512275 0.0316437 -0.00858994 0.0140089 -0.0103284 0.0441257 0.00659716 -0.0114769 0.0049535 -0.00974133 0.0101452 -0.0165369 0.00161638 0.0210595 -0.0133904 0.00831651 0.0212169 0.00417178 0.0278963 -0.0250767 0.00694465 0.0178747 0.0444802 0.000580726 0.00747755 -0.0144111 0.00134543 -0.00725474 -0.0210322 -0.028382 0.00991878 0.032153 0.0202073 0.0375505 0.0366453 -0.0270475 0.0667667 0.041799 0.0359845 0.0615446 0.0256623 -0.0167303 0.00472779 0.01188 -0.00400174 0.00456121 0.0164658 -0.0140328 0.0178284 0.0236399 -0.0108957 -0.0207669
internal_weight=14623.5 8022.99 7847.27 6600.53 6749.73 6329.87 967.142 5362.73 688.506 590.065 215.299 867.494 6061.22 432.971 5628.25 175.723 4830.3 5484.84 4589.67 852.015 442.436 784.368 376.59 219.105 5042.4 3737.65 908.859 2828.79 800.551 157.485 374.766 397.699 150.479 247.221 2502.41 4920.12 631.819 556.816 733.339 593.284 140.055 143.409 681.064 778.632 771.306 1097.54 185.705 93.2205 181.345 108.175 122.287 4288.3 2280.53 1251.52 1029 805.892 492.024 313.868 1085.83 904.588 181.246 326.382
internal_count=1308075 1041110 1031487 266965 840105 258186 34621 223565 56437 48822 17381 31064 783668 40953 742715 9623 199820 732687 190806 36765 47212 34457 36712 22428 685475 154041 27959 126082 24763 14284 31441 42808 13847 28961 110348 672322 82601 75775 32394 26309 6085 10028 21094 27488 27280 191382 14899 6375 18591 11817 13153 589721 101492 53711 47781 36874 21895 14979 46291 38548 7743 15734
cat_boundaries=0 1 53 105 156 162 213 265 316 322 372 421 472 525 531 581 582 631 683 732 738 789 840 890 939 991 1042 1094 1100 1151 1204 1255 1261 1313 1362 1368 1420 1472 1478 1484 1534 1540 1592 1643 1649 1700 1701 1752 1803 1809 1858 1909 1915 1966 2017 2023
cat_threshold=2 0 0 131072 262144 64 32768 8388640 2 0 0 0 0 0 0 128 16777216 16 32768 2214592544 0 0 4194336 0 16384 0 512 0 1048576 0 0 65600 67108864 65536 0 0 2048 0 4259840 1073758209 0 0 0 0 0 0 33554432 0 8388608 0 0 0 32 536870912 0 0 4096 0 96 0 32768 65536 0 65536 67141632 0 0 0 2148532224 0 0 0 0 8 0 8256 0 0 0 2099200 0 0 0 0 0 0 1073741824 0 0 262144 268435712 142868480 0 2147483648 128 1024 8192 4 8 0 0 0 536871936 0 16384 0 0 128 0 136314880 32 524288 0 0 0 2048 0 0 67108864 33685504 0 0 128 2048 0 0 0 0 0 0 0 0 2176 0 0 536870912 0 9216 0 0 1024 262144 134221824 0 0 4 268435456 16 67108864 8388736 0 8 1048578 32 0 66560 3288334498 458752 2224082961 33040 2165637248 4264962 1280 134217728 134217728 0 1048576 0 0 32770 96 2048 100 0 0 0 272 32 0 0 512 0 0 8 0 33554432 0 0 0 0 65536 0 4 16 0 0 0 0 4194304 16777216 0 1073741824 0 0 279552 0 0 2 0 0 0 1048576 36864 2048 0 1048576 0 0 278528 0 0 524288 8192 306249728 0 0 0 0 0 0 256 6291456 536870912 2701230080 0 0 4 0 0 2048 0 0 0 0 134217728 4194304 0 0 1048576 0 1048576 1074266368 0 0 0 0 524288 2 0 0 0 0 512 0 2 16392 0 0 1 0 0 0 0 0 0 524289 32 2080 0 131072 0 0 1048576 0 0 2147614720 8192 0 0 2097280 0 32768 0 0 262144 0 1073741824 0 0 32 0 2097152 134217728 0 0 32 536870912 2147483680 0 0 8388608 16777216 2162688 514 0 4 34880 25206816 2283866120 2183234053 167870736 16426 128 131072 0 0 0 33554944 0 0 524288 0 0 1073741824 0 4112 4096 0 0 128 1024 0 0 0 2097152 0 0 256 0 16 134217728 1048576 0 0 2192 0 8 16 0 32 16 0 256 16384 0 8388736 0 0 128 2 8192 524288 524288 1073741824 1024 16 64 262656 0 0 0 0 0 0 0 131072 32896 5242880 16777216 256 0 0 8388608 0 0 268435456 8192 0 24584 1073741824 0 0 0 0 0 8388608 1048576 1048576 268435456 0 134479872 0 1 536870912 0 1073741824 0 0 0 4096 16777216 0 4211712 0 134219777 134217728 16384 65536 0 536870912 0 4194304 64 0 0 4 0 16779264 4096 65536 0 2147483648 0 0 0 134225920 0 4 16417 1024 0 8388736 134217728 0 0 0 0 0 0 0 0 67108864 0 0 0 0 0 0 2 256 0 1024 0 0 0 0 0 0 268959744 0 0 0 524289 0 0 1 8388608 0 268435456 0 0 128 0 0 0 268435460 0 256 128 0 136314880 262176 67108864 262144 0 0 32 33554432 0 8 524288 0 536870912 536870912 34 16 0 8388608 0 1 0 0 0 64 8 277905408 8421408 268501320 2332295233 34603008 4362240 524288 128 1073741824 1 0 0 0 0 8388640 0 0 0 49152 0 128 0 0 0 0 0 0 1 0 16 0 0 262144 4 0 528384 0 0 1073741824 268566528 4194306 268435456 4194304 2149580800 278528 0 139328 0 2147483648 0 0 0 0 0 262144 67108864 40 33554432 0 1024 0 0 4 0 2105344 0 0 67108928 134250496 0 262144 0 1048576 0 4456448 0 134217728 0 0 4096 0 16384 1073741824 2 0 0 0 0 512 134217728 8388608 1048576 16 0 64 0 0 536877056 0 131072 0 0 524290 0 0 8388608 0 131072 2048 0 0 0 0 0 0 17301504 272629760 0 0 16 0 536870912 33554432 0 0 0 0 0 536870912 1073742336 134217728 8388612 1048640 1 0 0 4194304 134217728 0 0 134217728 0 4194304 0 536870912 0 0 147456 131072 0 0 0 648 0 0 0 4096 16778240 1 512 2097152 16777216 0 541065216 0 134217728 0 16777216 36 0 0 0 0 0 0 0 0 0 0 0 131072 0 32 0 268435472 256 67108864 0 0 67108864 2064 0 0 524288 33554432 0 536870912 16896 67108864 0 16384 0 512 0 0 8650752 512 8405248 16843297 2147487748 101745248 143198488 8913422 0 0 130 0 268435456 512 0 0 0 0 33554432 0 134234144 4100 32 0 805306368 0 2097152 0 0 0 201326592 1 0 0 2 0 0 262144 0 786432 520 16777280 0 131072 8388608 0 0 0 0 147456 0 16777216 0 0 0 1 0 0 524288 0 0 1073741826 0 1 0 0 1 0 0 0 524288 0 262144 0 33554434 0 1048576 2097152 8 196672 0 0 1073741824 0 0 16384 0 67108864 4194432 0 0 128 0 0 0 32768 1048576 0 262144 0 0 2147483648 0 0 0 4194312 262144 262178 8 8388608 0 32 0 16781312 0 4 0 256 4194304 2176 67108928 134217728 0 0 4 16384 0 262144 0 2 0 2 4 0 128 0 268435456 0 0 131072 2097152 512 32768 64 512 0 0 0 0 0 0 64 0 8 0 134217730 0 16384 0 8388608 0 1073741824 2097152 0 524288 16785408 0 0 1048576 0 524288 0 268435456 16 262144 0 8 16 0 0 0 0 0 0 0 268435456 0 8 512 1048576 128 0 0 0 8 2080 1073741824 0 0 1073741888 4224 0 0 66048 0 33554432 0 528384 8396800 2415919616 1073758208 0 0 0 0 512 0 1048576 0 0 16 0 17 0 0 33554432 0 0 0 0 32 8192 0 0 0 2097152 33554456 512 0 4 0 0 0 8388608 32 0 16384 0 64 384 0 0 536870912 0 0 0 528384 0 0 1048576 1028 8192 0 1048576 32768 4194304 0 0 0 0 16777216 0 0 16416 131076 4096 768 0 0 268435456 0 0 0 1140850688 0 65536 0 64 0 0 0 8 0 0 16777216 0 1048576 8388608 1048576 131072 256 0 268435456 0 67108992 0 67108864 0 0 0 134217792 32 0 67109888 0 0 0 0 524288 0 0 0 0 8388608 0 0 8388608 0 0 0 268435456 2097282 64 0 16384 8704 0 536870912 16896 0 2097160 4325904 0 1049088 0 8388608 0 0 16777216 0 0 256 0 0 0 16 2048 0 1024 0 8388608 0 0 8192 16580 69728 134418486 102826312 171966528 12615688 0 0 128 0 0 0 0 0 4 268435472 0 1073741824 0 131072 0 67108864 2048 256 8388608 16842752 0 65536 1073741824 33554432 0 0 0 0 0 16 129 512 4096 0 2 536870912 0 0 0 0 67108864 0 2147483648 604045312 8388608 256 0 0 8256 0 32768 2097152 1073741952 0 0 0 4194304 1 0 0 0 1048576 33554432 2147483648 0 0 0 2048 0 276824064 16777216 0 0 67108864 0 0 0 8421376 65536 2147483680 1048576 128 0 4160 0 8388612 536870912 75497472 0 0 0 0 0 0 536870912 8388736 0 0 0 8192 0 0 0 64 0 134217760 0 0 0 1 0 258 4194320 16 0 0 0 0 0 0 553648640 33554432 32 0 0 0 0 33554432 0 0 0 0 256 128 2097152 0 0 16 524288 32768 136314880 0 0 268435456 0 278528 1024 0 0 134217728 0 0 64 8388864 32768 276840768 604012556 131360 2689221284 537133217 1053184 2097408 16384 0 0 0 16384 0 0 0 0 1048576 4096 0 0 0 0 2560 1 268435456 0 0 134217728 536870912 512 16777216 545259520 0 16859137 0 8 0 524288 0 0 8388609 32 8388608 0 16 256 0 262144 0 0 0 0 0 0 1048576 0 0 9216 1 0 1048576 3072 0 33554432 0 0 32 524288 4194304 66 4100 2048 0 16392 33554432 0 0 0 2147483650 0 512 2 128 0 0 0 4096 0 0 134218256 0 0 0 16777216 0 0 0 8388608 16 0 16384 536870912 0 0 16777216 0 67108864 537399817 2686453776 16777312 2173186144 1346387978 2097672 0 32 0 262160 0 0 32768 2147483648 536870912 0 0 0 268435456 0 0 0 8 0 131072 0 0 32768 0 4096 128 402653184 0 65537 805306368 327680 67174400 0 2 0 262144 0 1073741824 33554432 0 0 0 0 4194304 2080 0 33554432 16777216 0 0 0 0 4096 0 4194304 0 16 0 0 512 0 0 0 524288 0 2147483648 0 0 4210688 0 0 32 0 0 32 0 0 16785408 0 0 16793601 536875136 131072 0 0 32768 0 262144 0 131072 16384 16 0 384 0 0 0 0 33554432 0 0 256 536870912 9437184 1028 34880 339902496 2169120 2348863748 13109250 1049094 537137665 1073741826 16777252 2283803200 100795400 1 8192 0 0 0 0 0 536870912 0 0 0 67108864 8 16384 0 0 524288 1048576 1024 33554688 134217728 0 1 0 0 20480 0 539234816 0 0 0 2097168 0 0 134217728 2 0 134217728 65536 0 0 8192 0 512 32 0 8 0 0 0 67109408 3076 12722176 16779556 1114697 8456466 4227200 0 67109888 0 0 0 8192 0 64 0 8388608 0 0 1064960 0 32768 128 0 512 0 2113664 64 0 134217728 512 0 8 2 528384 8 0 131072 0 2148536320 0 0 536870912 0 0 0 33554432 0 0 0 67108864 0 0 0 1048576 0 8 0 8396800 0 0 0 0 4096 8192 577 0 0 0 4096 0 0 16 0 0 0 0 0 2097416 0 134217728 4 4096 0 0 0 10240 134742016 67110912 1 0 0 0 0 32768 0 0 0 2359296 0 301989888 0 196640 1073741824 0 0 0 0 1 2147614720 2163716 67149824 184551744 308363297 135528496 313472 1024 0 0 0 17301504 0 32768 0 0 64 0 536870912 0 0 0 0 33554432 512 0 0 0 0 0 0 65536 0 17825856 268435456 0 16777216 2097152 512 16777216 0 0 655360 2097152 0 4 8 33554432 50335744 0 0 0 0 16512 16384 524288 0 256 71 512 0 4195328 4 0 0 1 0 0 0 32 32784 0 0 2080 0 8388608 0 0 8 0 32 0 0 32 536870912 0 32 4096 65536 4 67108864 32768 1073741824 0 0 2048 0 2052 512 2304 0 0 536870912 0 0 0 0 67108864 0 262144 2415919104 4210688 0 48 0 541065216 134217856 0 0 34078720 0 4 0 2 0 0 0 0 0 0 0 512 8192 0 24576 0 2097160 16793600 128 0 0 0 0 64 0 1073741824 268435456 256 16 0 0 0 0 8192 0 524288 0 0 0 536870912 134217728 819272 536888384 2883684 2148540520 1178733588 33280 0 0 0 0 0 0 0 16777216 0 285246464 0 0 0 131072 0 1048576 33555456 0 262144 268435456 276824064 2 0 0 0 536870944 0 1073741824 16 16384 0 0 0 8388608 8388608 0 6144 16448 131072 0 0 0 0 33554432 4 2 0 278528 512 256 0 4194304 131072 0 0 536870912 32768 0 1024 0 134217984 0 0 0 0 0 0 0 16 0 0 131072 0 0 536870912 0 1073741824 2415920128 67125248 0 0 2129920 1073741824 262144 0 2048 66 536870912 0 0 0 0 0 0 16777216 0 268451840 256 1024 262144 537199105 2283800578 1342177280 329392192 34228246 2097224 0 0 65536 0 33554432 0 512 0 0 256 256 536870912 0 1 0 18432 0 4096 536870912 16 0 0 131072 0 268435456 1024 64 65536 536870912 0 0 0 134217728 0 0 0 0 268435456 33554432 0 536870912 576 0 131072 65536 32 512 8390656 2 0 4096 0 4210688 0 16 33554432 536870912 0 4096 0 33554432 0 0 0 0 0 16384 33619968 0 0 16 8388610 0 0 0 16384 1024 8200 1073807360 128 0 0 0 0 0 0 512 268566528 0 0 8388608 0 0 131072 131072 0 0 0 16384 32768 0 134217728 575488 1080033346 1359740934 1124143112 1073746948 49804
is_linear=0
shrinkage=0.1


Tree=18
num_leaves=63
num_cat=43
split_feature=0 6 7 7 5 9 9 9 7 9 32 5 9 9 29 28 9 9 38 9 9 13 9 22 9 28 9 16 9 9 16 9 9 9 36 9 28 37 19 9 35 35 19 4 9 28 36 26 19 31 22 7 37 9 28 13 19 28 9 9 37 38
split_gain=82.5027 38.6065 70.1682 68.0326 39.932 34.7618 34.3189 30.2923 29.1302 28.9319 27.6396 26.0752 25.0065 21.5811 21.0304 20.2321 24.2533 19.1102 20.4533 18.5234 16.9013 15.9828 18.5853 15.1445 20.6377 13.9266 14.4795 13.8643 13.7697 13.6823 12.5374 25.6442 12.4526 12.3446 11.8894 11.5454 11.4726 11.1718 10.662 11.9633 10.4532 10.2731 10.0322 9.98374 15.3581 9.94451 9.95984 9.79791 9.49881 9.70376 9.48756 9.46311 9.87955 9.83593 9.33262 9.21103 9.82364 8.88784 14.3415 11.3861 9.01325 8.7908
threshold=0 1 2 3 4 5 6 7 8 9 6.5000000000000009 10 11 12 2.5000000000000004 14.500000000000002 13 14 5.5000000000000009 15 16 17 18 19 20 2.5000000000000004 21 22 23 24 25 26 27 28 12.548589341692791 29 125.50000000000001 1.0000000180025095e-35 30 31 5.8106685633001431 4.7504266211604103 32 33 34 2.5000000000000004 6.6587480614690548 39.500000000000007 35 293.50000000000006 36 37 5.5000000000000009 38 95.500000000000014 39 40 25.500000000000004 41 42 1.0000000180025095e-35 1.5000000000000002
decision_type=1 9 1 1 9 9 9 9 1 9 2 9 9 9 2 2 9 9 10 9 9 9 9 9 9 2 9 9 9 9 9 9 9 9 10 9 2 10 9 9 2 2 9 9 9 2 10 2 9 2 9 1 10 9 2 9 9 2 9 9 8 8
left_child=10 3 17 14 7 -5 27 -4 9 41 15 19 34 42 40 16 -1 18 -3 -7 -12 22 -15 24 -14 26 -25 -6 -23 -17 31 -27 -16 -32 55 -11 -35 -38 39 -24 45 -8 -13 44 -31 46 47 -2 -29 -50 -9 52 -45 -53 -40 -10 -57 59 -59 -52 -61 -56
right_child=1 2 4 5 6 11 8 50 12 35 20 13 23 21 32 29 -18 -19 -20 -21 -22 28 38 25 -26 30 -28 48 -30 43 33 -33 -34 36 -36 -37 37 -39 54 -41 -42 -43 -44 51 -46 -47 -48 -49 49 -51 57 53 -54 -55 61 56 -58 58 -60 60 -62 -63
leaf_value=0.016887403243488565 0.50889110172007701 0.0065480253342624656 -0.010709535409990183 -0.017370457488348753 0.027661315814114198 -0.016677328543615085 0.12238980889415203 -0.0058627530368384456 0.026649816165785652 -0.023452954772149152 -0.015239574703400755 0.00053160026631707735 0.017653799416062873 -0.022952200940710328 0.003271570082549826 0.0080153163653697429 -0.018800646654563415 -0.053346007863217006 0.31298708140720222 0.049382844358119647 0.016671618859608009 -0.014188730945925191 0.044381129314074307 0.017987429517367103 -0.030374751797529478 -0.023692394351891095 -0.025920247662909554 0.0077235797723042834 0.0062191324901382967 -0.03356098019907057 -0.012193471620175422 0.031146881161468201 0.086665236088037348 0.0040706013845426608 0.049573473263066076 0.020552174911037807 -0.025502773903366218 0.36185213862594007 0.043920138650890561 -0.020640807934438728 0.11200644445134099 0.05330096729356848 0.034032392252736951 -0.048004645189819471 -0.0090913107107738773 0.11664132858664521 0.13263217438032568 0.2357724784388541 -0.020356560914509256 0.058552685572445778 0.00028352122889705014 -0.005230781163081997 0.17341430624328583 -0.033035689825523344 0.37870875582551444 -0.02025893750740379 0.010114739673266095 0.0011751751261835752 0.088362372855562685 0.060581517150881239 0.028931759147240471 0.03442113374715295
leaf_weight=321.58884774905164 2.7341584255918878 38.907058914541267 223.06742937257513 414.44329791353084 67.184935530414805 49.601582431234419 25.679995757876895 64.973641601856798 258.48264424526133 80.360860743559897 261.22167785314377 122.24408936523832 110.94889489596244 69.327013383153826 36.242950418498367 138.5688043293776 438.47971021244302 297.80896334350109 2.3072503064759067 283.86833366006613 420.22432345582638 460.1465621200623 34.752069171634503 89.58260646648705 388.52695983834565 107.73850923147984 350.50280085834675 144.59899859130383 1104.0635628749151 400.34215083124582 666.84206515084952 327.26347129093483 59.959760475670919 1269.6652240622789 86.821802688064054 168.50270197971258 1.2892779170069837 1.7623335409443823 226.56674433383159 67.378975141327828 18.875220357673243 132.92576384649146 441.68183746479917 370.14451527886558 754.8635758702876 4.7713958637323231 2.4219838199205697 2.5279346792958677 1270.8685755454935 15.777673479169605 108.39186800224707 211.61669194488786 2.0261819191509849 380.08492031146307 1.6268481691367918 120.98249139962718 572.6671476959018 36.758616696111858 58.713634733576328 132.0551212541759 282.39674138417467 1.3629523916169999
leaf_count=50652 153 2203 6591 26134 3143 2041 1905 2126 14987 4614 30479 10129 7992 4735 1166 21357 67833 16586 92 10932 48245 35178 1795 6282 32530 7038 20732 9387 79900 72639 47772 17906 2309 99615 2718 11521 113 134 11893 3557 514 5916 30350 65802 137299 216 98 87 96163 820 3351 39332 300 72558 125 6563 34512 1223 1859 4171 9011 106
internal_value=-0.000824665 0.00355153 -0.00046277 0.0123648 0.00166767 0.0094392 -0.00118503 0.0211653 0.00297423 0.0282115 -0.0137302 0.0133676 0.000552652 0.00979932 0.0813889 -0.0178378 -0.00372602 -0.0442477 0.0190748 0.0393573 0.00445998 0.00477912 0.0223401 -0.00369655 -0.019569 -0.000820569 -0.0171628 -0.0143312 0.000163718 -0.0225888 0.00220473 0.0173374 0.0645966 -0.00127205 0.014013 0.00598535 0.0045007 0.198198 0.0322015 0.003469 0.158928 0.0606625 0.0269061 -0.0245122 -0.0177866 0.230034 0.300445 0.377684 -0.0164806 -0.0192394 0.0315755 -0.0323074 -0.0455746 -0.0233437 0.0443063 0.0109176 0.00460451 0.0355403 0.064172 0.0309919 0.038097 0.221759
internal_weight=14608.1 10909 7504.36 3404.6 7165.33 3277.06 6258.98 906.357 4760.55 407.469 3699.16 2862.62 4353.08 2529.15 127.533 3017.72 760.069 339.023 41.2143 333.47 681.446 1965.22 401.015 3314.12 499.476 2814.65 440.085 1498.43 1564.21 2257.65 2374.56 435.002 96.2027 1939.56 1038.95 248.864 1272.72 3.05161 331.688 102.131 31.3307 158.606 563.926 2119.08 1155.21 12.4555 7.68408 5.26209 1431.25 1286.65 683.29 963.872 372.171 591.702 229.557 952.132 693.65 618.316 95.4723 522.844 414.452 2.9898
internal_count=1307490 700994 479576 221418 460695 216875 432363 28332 322850 23956 606496 190741 298894 177768 4543 527772 118485 18881 2295 12973 78724 137289 22211 240114 40522 199592 27014 109513 115078 409287 172578 24944 3475 147634 58780 16135 99862 247 17476 5352 1068 7821 40479 387930 209938 554 338 240 106370 96983 21741 177992 66102 111890 12124 56062 41075 19615 3082 16533 13182 231
cat_boundaries=0 1 2 3 4 5 10 16 22 23 29 30 36 42 48 54 60 66 67 73 74 80 86 87 93 98 99 105 111 117 123 124 130 131 132 138 139 140 141 147 148 149 155 161
cat_threshold=4 2 34 32 1730 17072264 3860072448 1073743232 453251080 140644426 688062720 155362304 12 469796352 33687556 535308 2147484160 1124073537 2215117890 1183522816 50593930 16397 8 67141780 2177 32505856 18948153 1221067848 17408 2716 3288338472 1613042240 3825795138 1082142728 16797698 32768 3758751776 16777264 36536328 539009537 2148016128 12583560 2131008 8953856 136452368 2148139780 4270338 8409124 1078136848 19005442 43161624 2155880464 9437184 65794 1073741825 2228289 17596448 1704768 67108880 4194948 42048 268636224 16793860 2187628640 42991618 12849280 15744 276825360 2118144 201345024 524320 42207632 2304260 85 12583572 2181038080 4225 1179748 2416508984 3146752 279445505 2148550657 50462768 2688811266 537927744 2560001 9216 100731396 268632066 2425372773 132374 16843776 32771 49216 36865 16908384 786468 262144 18306 312772608 68157456 151130113 34865459 142876736 152576 64 20997120 1093687328 1124631552 75024 4194306 1589890 526336 19925008 16908608 1749648496 2179073 2162168321 35717648 1644695680 3225423940 2148536352 8491008 13930 83972 132097 297795680 9437504 1115136 2 20852 75 3072 8396800 4100 137396296 42043408 10502144 16514 6498 17 8224 8585216 136339456 323207424 34637888 2101774 1137 3082 1074298912 4310018 1076117508 150995200 1028 32768 37885962 134219776 1082163492 17826320 22528 4293250
is_linear=0
shrinkage=0.1


Tree=19
num_leaves=63
num_cat=58
split_feature=34 2 2 2 9 2 2 9 6 2 2 2 4 2 2 2 9 2 29 2 9 2 9 2 2 9 9 2 9 2 2 2 9 2 2 9 9 9 9 9 2 2 6 2 2 2 7 9 2 7 9 2 2 2 2 9 2 34 29 2 2 2
split_gain=69.5772 47.3678 33.6377 31.619 31.5517 44.6767 32.5117 28.956 28.9203 44.492 32.6326 25.5188 25.1689 39.5091 38.2034 27.7813 26.1485 23.7033 23.0768 23.2883 25.8069 22.4801 21.1582 24.4626 24.4129 20.5664 20.4696 20.2491 22.8483 28.9393 24.0587 19.8784 19.4718 20.4364 19.5721 19.3195 18.9773 18.7778 18.7736 18.5332 18.2822 17.249 16.5645 43.1245 27.5792 23.7139 21.3463 21.748 23.5149 16.1358 16.7903 37.632 22.8069 17.5115 16.5001 15.9638 15.7484 15.6659 15.3098 25.9651 17.8305 14.9443
threshold=291.50000000000006 0 1 2 3 4 5 6 7 8 9 10 11 12 13 14 15 16 103.50000000000001 17 18 19 20 21 22 23 24 25 26 27 28 29 30 31 32 33 34 35 36 37 38 39 40 41 42 43 44 45 46 47 48 49 50 51 52 53 54 22.500000000000004 39.500000000000007 55 56 57
decision_type=8 9 9 9 9 9 9 9 9 9 9 9 9 9 9 9 9 9 2 9 9 9 9 9 9 9 9 9 9 9 9 9 9 9 9 9 9 9 9 9 9 9 9 9 9 9 1 9 9 1 9 9 9 9 9 9 9 10 2 9 9 9
left_child=1 39 7 36 5 57 -7 -3 10 -10 26 38 13 35 16 25 -14 -11 19 20 -15 -5 23 -21 -24 -16 -6 37 29 -29 55 -8 33 -23 -34 -13 -2 -17 -12 -1 -31 -19 43 -26 -44 -45 -47 56 -49 -46 51 -51 -52 -54 -53 -30 -48 -4 60 -60 -55 -32
right_child=3 2 4 21 8 6 31 -9 9 17 11 12 14 18 15 27 -18 41 -20 22 -22 32 24 -25 42 -27 -28 28 30 40 61 -33 34 -35 -36 -37 -38 -39 -40 -41 -42 -43 44 45 49 46 47 48 -50 50 52 54 53 58 -56 -57 -58 -59 59 -61 -62 -63
leaf_value=-0.0060062235594362905 0.013311655735604652 0.035380201265933733 0.16924838543356927 0.033495680528682646 0.028492297318641294 -0.029526689952663523 -0.030751072449771662 -0.028784775355220355 0.060237470065745424 0.036895296270219313 -0.0093008816164658215 0.030394885381671396 -0.021554339442384114 -0.013064582439915116 -0.020023987429939015 0.02483399426798075 0.058991022136968677 0.045211966196807875 0.09632659310146785 0.054731311490354422 0.054600580238696107 0.033797118571291362 -0.019145295165059237 -0.029931620936784389 -0.039765723240401826 0.084737458706239388 -0.029614121772423452 -0.039369698766079694 -0.022891300685568522 -0.040062040878412336 0.030421198724960581 0.021410749650346405 0.024380208967135844 -0.024084317791070942 -0.0065074347040047359 -0.035482465298088461 -0.034891062161980978 -0.043313655226613831 0.045697983048494442 0.060098962432450193 0.036119849950909652 -0.024554509668571371 -0.02910213807500818 -0.032603558198548467 -0.053429005616902073 0.093706769618753655 -0.056341894210909453 -0.029343471903188548 0.040612959374448941 0.079289746990790499 0.048007486195717458 -0.050369319339837376 -0.03281202291651189 -0.025392650337873218 -0.0023756673066100162 0.061413214180409327 0.013834285779168266 0.064885206604316986 -0.030302237677441252 0.071785345845828311 0.016584402549971827 -0.016792012364212319
leaf_weight=58.788513313164003 91.72120868251659 74.069073263206519 16.551154077751562 122.87164618936367 64.836809963919222 155.44714737217873 70.940846091019921 506.49427347187884 68.44981129525695 65.352151916478761 83.002319425460882 47.421767406864092 52.628549749730155 75.239686783519574 28.071201299782842 44.191830596420914 145.92062468128279 28.948491051327437 32.352555603138171 31.130832341616042 225.97138200548943 58.212647729204036 236.33339243545197 226.51864700973965 90.328300301334821 48.664531211019494 398.66979163850192 69.234057849389501 29.724163314327598 28.608103583101183 62.682609253679402 1101.5031749778427 223.76361582323443 898.16147015092429 1676.5966779715382 258.96052588894963 703.87962945422623 258.79788458393887 257.59016988717485 201.29199710336979 296.26678250252735 956.822453376255 171.5822908122791 51.810271176858805 27.732627719640732 50.704837358091027 36.93426346895285 47.609093102859333 702.94810862420127 37.117053825058974 214.00670220435131 91.043620803509839 70.791248871479183 106.84475333499722 263.54370704654139 65.435198376653716 93.421495358110406 109.82015723129734 30.604277503793128 90.821736362413503 840.16635098739062 1319.4583065675106
leaf_count=2094 21532 4932 512 10136 5131 7910 3919 39035 3604 3524 4281 2500 2592 4460 1582 3628 8160 1621 2590 2460 12617 7902 14532 16648 6203 3191 25577 4906 1680 2004 3956 65386 30270 159566 253607 15117 137348 18907 12775 8481 20055 65991 11461 3506 1428 1645 2570 2523 44478 2071 14140 6805 3572 6277 18776 3355 7059 5850 1794 6698 50136 90423
internal_value=4.80287e-05 0.00412632 0.00306168 -0.0116408 0.00443014 0.0179961 0.012276 -0.020138 0.00209766 -0.0128129 0.00436604 0.00609121 0.00468631 0.00942297 -0.00334747 -0.00711223 0.0376314 -0.0180929 0.0121943 0.0115125 0.0378218 -0.00682118 0.00912236 -0.0180394 0.0113215 0.0485238 -0.0210559 -0.00928881 -0.00531178 0.0158278 -0.0110198 0.0180212 -0.00866605 -0.0202479 -0.00276189 -0.0246476 -0.0292377 -0.0328983 0.0324118 0.0454874 0.0284154 -0.0220723 0.0137626 0.0237456 0.00815595 0.0299207 0.0337072 0.0292407 0.035848 0.0119053 0.0132422 -0.00498737 0.0185168 0.0126073 -0.015742 0.035407 -0.00864662 0.0727936 0.015893 0.0494715 0.0117554 -0.0144477
internal_weight=14595.4 10820.2 10560.1 3775.21 9979.56 1454.26 1327.89 580.563 8525.3 1119.57 7405.72 6942.22 6601.62 4151.94 2449.68 2251.13 198.549 1051.12 3845.56 3813.2 301.211 2979.61 3511.99 257.649 3254.34 76.7357 463.507 2174.4 1871.41 394.109 1477.3 1172.44 2856.73 956.374 1900.36 306.382 795.601 302.99 340.592 260.081 324.875 985.771 3018.01 1073.76 1944.25 983.428 931.618 880.913 750.557 1772.67 1744.94 391.704 1353.24 1139.23 354.587 95.1594 130.356 126.371 1068.44 121.426 947.011 1382.14
internal_count=1307489 687128 676553 620361 632586 83577 77215 43967 549009 74740 474269 443561 426505 262066 164439 153687 10752 71136 244449 241859 17077 461481 224782 19108 205674 4773 30708 148914 126379 26965 99414 69305 451345 167468 283877 17617 158880 22535 17056 10575 22059 67612 191142 67984 123158 61781 58275 56630 47001 111697 110269 27652 82617 68477 25581 5035 9629 6362 64905 8492 56413 94379
cat_boundaries=0 49 95 147 153 205 257 263 264 315 366 417 418 470 519 570 576 627 679 685 736 742 793 843 849 855 906 912 964 1012 1063 1069 1120 1172 1178 1184 1190 1196 1202 1253 1305 1306 1356 1407 1454 1455 1461 1513 1514 1520 1569 1620 1671 1721 1727 1778 1829 1880 1932
cat_threshold=2097152 0 0 0 0 0 524416 16777216 0 0 0 536870912 0 262144 33554560 128 0 128 0 0 268435456 4194304 0 0 0 1073741824 2 1048580 0 262144 0 512 1073742856 8388608 0 1073741824 2048 136314880 16384 268451840 0 0 0 67108864 1073741824 0 0 0 262144 512 0 0 0 32768 0 257 36864 0 0 134217728 0 268435456 0 0 2097152 16779264 4096 0 536870912 0 536870912 1073742336 0 0 1024 2099200 1140850688 33554432 0 0 135266304 524288 8224 0 0 0 0 134217728 0 8 0 131072 8 0 33554432 536870912 131072 0 4096 0 72 0 0 65536 0 65536 33554432 0 0 0 8 16779264 0 0 0 8 0 8256 0 8192 0 16 16384 0 1064960 4194432 524288 0 1073741824 0 0 262144 0 0 0 0 128 0 0 0 8 64 2 0 536871936 0 17408 3489667130 2162688 2684424209 536879120 3238533136 66633 0 0 0 0 0 536870916 0 0 32 16814080 65536 0 0 0 264448 1049088 0 0 32 2 0 0 0 0 0 0 0 33554432 270532608 0 128 0 0 0 512 2048 0 1048576 131088 0 8192 0 0 139264 0 0 524288 16384 0 536870912 8389632 16777216 0 0 128 0 64 16384 32 0 0 0 0 528384 0 0 0 2 16 0 33556480 256 32769 0 0 301989888 0 545259520 16 8 0 67239968 8388608 0 0 0 0 0 0 0 1074266112 0 0 262144 1024 0 0 0 0 0 67108864 0 268976128 1024 76055849 536875073 403718152 1053760 55574660 6303744 6 524288 0 0 0 570949632 0 0 0 536870912 0 2048 0 0 0 0 16384 65536 262144 2147483648 0 16842752 32 134217728 0 4096 0 0 2056 0 131104 16400 0 512 134350848 8388608 0 1 0 0 0 2147483648 0 16384 0 0 0 0 0 256 0 8650752 0 0 4194304 0 0 0 0 0 0 16 0 134217728 0 0 131104 1048576 2 0 536870944 32 0 0 8192 0 0 0 8192 50331648 2097280 16384 128 0 0 134217728 262144 0 0 269484032 0 0 0 16384 0 1107296257 0 1073741826 1048576 0 2097216 0 32 0 1073741824 2162688 16777216 64 272629760 32 0 0 0 0 0 32768 0 0 20971520 1088 0 262656 0 2147483648 67108864 0 0 0 536870912 16 1 0 0 0 262144 0 0 0 0 4198400 0 2048 0 0 0 36 524288 0 0 16777224 8650752 0 0 32768 83 16385 32 16384 134217760 0 32768 0 0 4194304 0 65536 0 0 131072 38912 536870912 2415919104 16 0 0 0 0 201326592 0 16809984 0 0 32 1024 65536 0 0 0 0 134218240 34816 0 256 524288 0 0 0 0 0 0 0 0 16384 0 0 0 16777216 268435456 32 16512 134217728 0 0 0 0 8388624 537395456 65536 4096 4096 0 2048 0 0 16 0 1073741824 0 0 0 33554436 150994976 8388608 0 0 0 67108864 8388608 0 0 0 2 2560 0 0 524288 0 0 0 0 0 0 67633152 0 16384 16777216 0 0 1024 133632 16 0 2147549184 0 0 0 0 8388608 65536 536870912 0 2147483648 1048576 33554432 8388608 0 0 1 0 0 0 0 262144 0 67109632 0 2147483648 0 16 16777216 134217728 0 0 8389632 0 0 570425344 0 0 16 0 0 0 0 40960 8388608 4096 101449729 1074808833 1174407464 8393732 4522016 8439936 0 0 4210688 2048 0 0 0 256 16 0 524288 0 0 4 0 0 2 0 0 136 0 0 0 8388608 134217728 0 32768 33554560 2097664 0 0 67108864 8192 268435456 0 0 268435456 0 131076 8388608 0 131072 0 1 8388608 18 0 0 0 135266304 16384 0 0 0 0 136314880 0 268435456 2097408 0 0 33554432 0 0 67108864 4 0 131072 262144 0 0 0 0 64 0 8192 0 49224 16 0 0 0 0 134217728 131088 0 32 0 0 256 33554688 0 262144 4194304 0 0 0 0 1 524288 0 402653184 1026 537002496 294945 168706112 371200545 134218116 9437186 131328 0 0 1024 8388608 0 0 0 32 2164260880 0 0 0 0 163840 0 512 8 0 16520 131136 0 1073741824 4210688 32768 256 0 0 0 0 131077 1048576 0 0 16777729 0 0 0 0 0 0 0 32768 0 0 0 0 0 2 0 131072 179634561 2147483656 1472 310378496 235061314 1058820 0 0 0 5121 269811712 0 512 0 0 0 0 64 0 0 16777216 0 0 0 0 0 16777216 8 0 513 128 0 536870912 8 528384 0 4 0 0 0 0 33554448 268435456 4160 536870912 0 0 0 0 0 128 0 0 134221824 0 671088640 4096 0 0 0 16 269484032 536871424 536870912 0 0 0 0 2 4096 0 0 2048 0 0 268435456 0 1 8 0 8388608 0 0 262144 134219784 64 67108864 8388608 16 0 268435456 0 0 0 8388608 33554440 0 2147483648 524288 134217728 0 134217728 67108864 0 8192 0 8388608 49152 278592 1130397698 16778314 1028 136066 33751040 1073743873 243564800 287506985 34930764 640 0 0 0 1024 675282944 0 0 0 32 0 33554432 64 0 0 0 16384 65536 262144 2097152 2 0 0 64 0 8192 0 0 0 0 0 2097152 0 0 16 0 32 134479872 81920 65536 8388864 0 0 1024 73728 128 0 512 4096 0 536870912 134217728 68190784 2684370944 1107329410 3335524384 4522018 6146 0 512 0 4096 270794752 16777217 0 256 0 33554432 4194304 0 0 18 4096 0 33554432 0 0 1 16777216 512 0 0 0 0 32832 16384 0 0 0 0 2130432 0 0 0 131072 256 256 0 2147483648 0 16384 0 0 0 0 0 8389120 0 0 16777216 0 0 131072 16384 0 1 0 0 0 128 0 524304 0 0 4096 0 268435472 0 0 0 32800 0 131072 0 32768 0 0 268451840 69632 131200 16 0 2097152 2048 0 1048576 16777216 256 67108864 512 2147483648 32768 0 0 134217728 32 0 524288 0 0 0 0 0 262144 2149711872 0 0 805306368 36 0 0 0 8388608 0 65536 0 0 2147483648 66 0 16384 0 134217728 0 536870912 536870912 1073807368 0 2097152 32 0 0 0 0 4194304 33554432 0 0 8388609 0 16416 0 0 0 0 528384 0 64 2147483648 1044 269033473 20516 137412705 8454912 12845058 0 1024 0 0 256 4194304 2147483648 0 0 0 2147483648 0 16384 0 16 68157440 0 0 0 2147483648 0 0 0 0 0 0 16777216 4112 0 0 81920 0 2147483664 0 8388608 512 2048 0 8388608 256 4 32768 4325378 256 0 0 0 8 0 4194304 524544 0 0 0 0 0 0 0 0 0 0 0 0 0 0 0 256 0 1049088 0 0 0 8 0 1073741824 16793732 0 1049088 0 524288 262144 0 0 268435456 8388608 2048 32 0 4325440 0 262144 0 1073741856 1024 67108864 0 256 0 0 8192 0 1048580 151003136 13369344 1107591169 210255880 104927273 68 8388608 2121792 268468288 136470528 2416575268 4457280 4096 50528256 2147516481 1327104 25952768 1122376 4194308 1065600 33314 412106944 8388708 545521964 8519808 2483163154 16812081 2145 436338752 102236168 900 0 134217728 0 0 16384 32 536871424 0 0 0 0 32784 0 0 2 512 268435456 0 0 2097152 8388672 0 131072 513 0 4 4104 256 0 131200 16 0 0 0 4194304 0 8 0 0 0 4 0 2147483648 32 0 32 0 0 32 512 8388608 16384 0 0 1 0 8388608 0 0 0 268435456 0 134217728 65536 67108864 131072 0 8 0 536938496 2147483648 0 8192 0 0 0 0 0 16781312 67109120 524288 536872960 0 0 0 0 2130948 1115684864 65536 0 0 0 0 0 0 0 0 4194304 1048576 0 0 0 4 2 384 134235136 67108864 1024 16 262144 0 0 0 524288 67108868 0 0 0 524288 0 0 0 0 1073741824 8388608 0 0 33554433 0 0 512 0 512 0 0 0 32768 2048 0 0 262144 0 536870912 0 128 268566528 0 0 128 8 0 2048 0 1049152 268437504 0 1048704 262656 0 0 0 64 0 128 268435456 33554496 0 0 8388608 2147483648 0 33554432 0 128 0 65537 0 0 128 0 0 0 524288 0 0 0 0 64 4194306 0 1082130432 0 0 0 0 1048576 16400 0 0 0 4 4096 8388608 536870912 4096 0 0 0 0 262272 0 0 512 0 8 0 1073741856 2147483648 134217728 134217728 524288 512 8 0 2 16809984 0 2147483648 0 134742016 0 0 268435456 4096 256 16640 0 0 0 0 2 33554432 0 4194304 0 8192 33554432 262144 0 268500992 0 1073741824 32 49216 1644189824 67241984 156241921 536870920 10485760 0 0 1073741824 0 0 0 0 2148007936 545260544 2048 0 32768 262144 32768 0 0 0 0 0 268435456 0 2 4096 0 16384 8388608 0 524288 0 131072 131072 0 0 0 0 0 8 0 0 0 260 0 0 8192 4194304 0 0 0 512 40 2147484672 266240 32 553648640 25952577 167772162 1073745666 541401120 283010 0 16384 0 0 0 16 65536 0 1310752 0 67108868 4096 2147483648 0 0 0 570425344 0 0 0 64 512 0 0 16 32 0 0 134218240 1179680 4 0 0 0 0 0 262144 0 536870928 0 0 0 0 65536 0 17301504 0 0 131584 0 138412032 0 0 524304 262176 0 0 0 524288 4194304 0 0 2 0 16416 0 0 0 268435458 65544 0 0 16 0 8388608 0 268500992 536870912 0 2097216 0 0 0 0 2 131072 2147500032 262144 0 0 268435456 1024 8192 0 0 0 0 0 512 8388608 0 8388608 0 0 0 0 0 2147483776 0 16384 0 0 0 16 4194304 33554688 33554432 0 0 0 0 544 0 8192 65536 134218272 0 4096 0 0 0 0 2097154 33554432 0 268435456 0 0 67108864 512 0 64 0 0 33619968 524288 524288 65536 256 0 16384 0 0 1024 0 0 0 0 0 0 0 4194304 67108864 0 2 256 16416 65536 1024 4194304 0 65544 0 0 0 4128 8388608 0 268451840 0 0 2097152 0 0 0 0 512 131072 2147483648 1074003968 0 256 2 1024 131200 0 0 512 2 67108864 1048576 81924 83887107 136595456 268566536 68166784 640 0 4194304 5248 1 0 0 134283264 0 32 0 272629856 4 0 0 0 32 16 256 0 0 65536 32 0 0 4096 0 4096 0 0 0 0 67108864 0 0 0 16 0 0 262160 0 0 0 17408 536936448 4 0 0 0 75497472 0 1048576 0 16384 1024 4 0 16384 0 0 536870912 16777216 524352 67145728 0 0 0 0 536870912 0 65536 16 0 0 0 0 0 4096 536870912 8192 4096 0 0 67108864 0 0 1048576 1049088 268697600 0 4 262144 4224 0 0 0 4 0 512 524288 0 0 262144 32768 131136 0 0 0 16777216 2281701376 0 0 4202496 0 8388628 0 4096 0 0 0 2097408 256 8 0 8192 0 268435456 0 0 0 0 134217728 1048576 0 0 0 0 0 131072 0 0 16 3221225536 0 0 0 196640 0 0 0 0 67108864 0 1703936 33579009 0 0 1 285213184 0 536870912 524288 0 0 68 1073741826 0 0 8388608 0 0 0 2147483648 0 8388608 0 8404992 16 0 0 512 256 1024 0 0 0 2 0 8 0 33554432 570425344 0 0 0 0 0 2 0 0 0 0 32 0 0 16777216
is_linear=0
shrinkage=0.1


Tree=20
num_leaves=63
num_cat=58
split_feature=34 7 2 2 2 9 9 2 2 9 2 2 9 9 2 2 9 2 2 9 2 9 9 2 2 9 2 2 2 13 2 2 2 2 9 9 2 2 9 2 36 2 9 9 29 2 2 2 2 9 2 9 2 2 2 2 9 9 2 2 9 34
split_gain=66.1883 46.9739 51.7838 50.3836 39.0892 37.5329 35.937 46.068 41.12 39.3335 33.8761 29.2726 27.1695 27.0893 25.2938 25.2239 23.4242 28.66 28.1332 24.0703 23.0658 22.6231 21.8168 38.9324 22.4429 21.7803 49.7898 36.1262 22.1156 21.7355 37.7116 30.6266 24.5193 23.3537 21.0044 19.5622 19.4626 19.2452 19.1174 18.8614 23.3889 18.3624 28.3745 17.7832 17.6671 31.5063 26.2529 17.8174 17.3899 16.6111 16.229 16.1948 26.1649 17.8477 15.8263 15.769 15.6538 15.2749 14.6602 14.0956 13.9439 14.7358
threshold=54.500000000000007 0 1 2 3 4 5 6 7 8 9 10 11 12 13 14 15 16 17 18 19 20 21 22 23 24 25 26 27 28 29 30 31 32 33 34 35 36 37 38 9.5177115987460841 39 40 41 27.500000000000004 42 43 44 45 46 47 48 49 50 51 52 53 54 55 56 57 282.50000000000006
decision_type=8 1 9 9 9 9 9 9 9 9 9 9 9 9 9 9 9 9 9 9 9 9 9 9 9 9 9 9 9 9 9 9 9 9 9 9 9 9 9 9 10 9 9 9 2 9 9 9 9 9 9 9 9 9 9 9 9 9 9 9 9 10
left_child=4 3 12 13 5 -1 7 -5 9 -8 57 43 -3 -2 -9 21 17 -12 19 -18 35 -10 23 -22 -25 26 -17 60 34 30 56 -31 -32 49 -29 -13 -16 -19 54 40 -28 42 -20 -6 46 -46 -40 -48 -34 -33 -26 52 -50 -53 -35 -38 -24 -4 -30 -57 61 -27
right_child=1 2 10 6 11 -7 8 14 15 -11 16 20 -14 -15 36 25 18 37 41 -21 22 -23 29 24 50 27 39 28 58 31 32 33 48 38 -36 -37 55 -39 44 -41 -42 -43 -44 -45 45 -47 47 -49 51 -51 -52 53 -54 -55 -56 59 -58 -59 -60 -61 -62 -63
leaf_value=-0.020071260411665209 0.030883865936252156 -0.021589102330816456 0.014220317981657014 -0.041130129038419533 -0.050754185078377256 0.071777576484835279 -0.028688690831799053 -0.036559331021904805 -0.01891172349589694 0.05923893874014402 -0.057978821957391971 -0.0089244270748584757 0.083504505878133017 -0.041448051148072096 -0.02392455967325955 0.064035055522254566 -0.027129758055663113 0.078735748127667093 -0.045180382314336444 0.063979161199094053 -0.035367357043413407 0.0658227328404382 -0.017974542295291312 -0.028622848332568059 -0.016778397043240547 0.012938478706772814 0.034335355318258445 -0.016511663377351885 -0.023945049755152326 -0.030316899114636281 0.042951584411137465 -0.0068998326051429755 -0.048991721776275504 -0.051660194313598501 0.054259379724623726 0.066577989707312074 -0.02660289152864841 0.011919226822045761 -0.032345691554659987 -0.024577343896282952 0.35647368545348201 -0.017673100392817508 0.062916686319459306 -0.00072322353042086971 -0.045747439635371229 0.042786455588246765 0.052368159279502939 0.0093659957366650556 -0.056285717980712004 0.072399721746236628 0.047959755683273153 0.036319937341436299 0.035698390941000697 -0.021317262258025688 0.0016235771335501388 -0.018965418751093369 0.076074548158016744 -0.043280079321407622 0.0031077220478042079 0.038176596103718846 -0.040138453186619738 0.29659755199680532
leaf_weight=58.691708737518638 54.962564526009373 34.720509576611221 51.37928618339356 108.20516959251836 119.89420148404315 176.18844421370886 64.169790479820222 56.063594096223824 45.311912627425045 194.97148768126499 40.436084082815796 50.681696134153754 76.184212089399807 377.54874637036119 61.368182296166196 62.816102989716455 40.186849551391788 44.483802933245897 29.8067991072312 75.137248375802301 84.020921967690811 89.514936708263122 24.336867949925363 45.662099387962371 42.661121903336607 37.851041420130059 30.919423789368011 56.83885919849854 208.26286437502131 153.14778873487376 68.224547865567729 39.774789140210487 126.50059448915999 64.609837488736957 144.96357958437875 120.6599399006227 39.203473564120941 269.30262311524712 123.53881381917745 1002.976068856311 2.4310605581849805 2723.231026182184 60.874362783739343 168.11028939101379 38.653479330940172 362.75636908318847 105.51325449673459 683.46507126407232 30.138947568135336 108.72165589730139 440.94106415449642 50.432339947670698 138.86315218359232 657.79597273143008 225.92488997103646 43.893140092375688 68.45794142736122 506.17525515542366 2429.3166035811882 870.3440327179851 273.03626970259938 1.9245071283075947
leaf_count=2275 6179 2234 7511 8708 4663 6103 5082 4574 2987 14817 3980 1771 4242 43382 5633 6983 5437 4273 2394 7845 3303 5970 889 1719 1748 4248 3867 4297 20877 6039 2643 1588 5358 2277 10220 4435 2888 27458 4579 123418 84 318556 5650 8080 1652 16259 3682 26256 1218 4220 17891 1884 6731 29779 8477 5019 2776 77406 270837 78966 31970 204
internal_value=-0.000221027 -0.0046324 -0.0131502 0.000767298 0.0100647 0.048944 0.00323349 0.0187481 -0.000736272 0.0372089 -0.015147 0.00772403 0.0515389 -0.0317661 0.025123 -0.00305767 -0.0111931 0.0128896 -0.0141392 0.0325991 0.0100384 0.0380061 0.00829574 0.0253896 0.0355118 -0.0044461 -0.016504 -0.000202736 0.00338986 0.00481056 -0.00592622 0.0113681 -0.0113806 0.0151612 0.0344878 0.0449843 0.0288542 0.0235306 0.0114445 -0.0219511 0.0444802 -0.0161634 0.0264269 -0.022555 0.0165779 0.0341874 0.00901331 0.0157003 -0.0154609 0.0520641 0.0420246 -0.0101279 0.0170664 -0.0167644 -0.0115505 0.0324644 0.0520597 -0.0378242 0.000889266 0.0352577 -0.0319074 0.0213064
internal_weight=14587.2 10208.8 3951.92 6256.89 4378.37 234.88 5824.38 1179.08 4645.3 259.141 3841.01 4143.49 110.905 432.511 1070.87 4386.16 3283.46 354.223 2929.24 115.324 3855.48 134.827 3684.14 613.285 529.264 4251.34 1099.14 3152.19 2839.38 3070.86 1164.75 1906.11 1071.96 1752.96 201.802 171.342 1014.81 313.786 1604.46 1036.33 33.3505 2813.91 90.6812 288.004 1313.93 401.41 912.517 788.978 1003.73 148.496 483.602 877.23 169.002 708.228 290.535 953.441 92.7948 557.555 2637.58 914.237 312.812 39.7755
internal_count=1306491 1128196 466986 661210 178295 8378 611649 105788 505861 19899 460510 169917 6476 49561 97080 485962 375593 35711 339882 13282 157174 8957 150968 24661 21358 477005 134352 342653 306231 126307 51278 75029 47613 68990 14517 6206 92506 31731 63182 127369 3951 326600 8044 12743 52428 17911 34517 29938 44970 5808 19639 39612 7949 31663 10754 86873 3665 84917 291714 83985 36422 4452
cat_boundaries=0 1 53 105 156 162 168 220 272 278 328 380 386 392 444 495 501 547 598 604 656 662 668 716 767 773 820 870 922 923 975 1024 1075 1126 1132 1138 1188 1240 1246 1296 1347 1353 1359 1409 1460 1508 1559 1565 1618 1624 1671 1718 1767 1818 1824 1830 1877 1928 1934
cat_threshold=44 131072 268435456 0 0 570425344 0 8388608 16810242 0 3221225472 67108864 0 0 0 0 0 268435456 0 0 0 0 8 0 1073741832 65536 1024 512 4096 0 512 0 0 0 0 0 0 0 0 4194304 0 537001984 0 4 8192 0 0 0 20480 16809984 0 262144 1024 536870912 0 0 0 536870912 0 0 33024 32 16777216 4259840 67108864 0 134217728 0 540016896 0 0 270532608 0 0 0 64 0 4096 4 32776 0 524416 0 0 0 0 33554432 0 2 0 268435456 134217744 0 0 128 0 0 0 0 0 4097 0 0 0 1024 0 0 0 262144 262144 548 537395200 0 0 0 268435456 4 0 0 384 128 0 0 0 8 0 0 0 0 0 0 0 1048576 134217728 131072 0 512 1073742848 134348800 4194304 268435456 1073741824 134217728 0 1073741824 0 0 0 0 0 33554432 0 1572865 8388608 0 16384 3288352770 3758399488 17186880 7995648 9510936 526464 805929040 8392721 841613345 1073874196 16802056 2097153 3072 0 0 0 32768 536870912 0 0 0 0 268435456 33554432 0 0 4096 0 512 0 0 0 0 512 0 0 0 0 2097152 0 1024 2147483648 0 16 16 64 4194304 0 1024 16797952 0 0 20 262144 0 131072 0 1073741824 0 524288 0 512 2147483648 687865856 0 0 1048704 0 0 0 0 0 0 0 0 536870912 0 0 4096 16777216 2147483648 0 32 2147483648 0 4194816 0 37748736 134250496 8388608 2097216 1 2147483648 0 4259840 64 16 0 0 0 4194304 134217728 606208 0 0 0 131072 0 0 524288 0 0 32 0 0 16777216 33947808 85120 1073744194 2416193536 5505600 42530 0 0 128 4096 268435456 512 0 0 0 0 268435456 4096 0 16 0 2147483648 2164260864 0 0 0 65544 0 8192 0 4 0 0 16385 2101248 0 4194432 524288 0 0 0 536870912 0 0 0 0 128 278528 132096 536870912 0 8 0 524288 8192 1024 0 8519680 0 16778240 0 17 134217728 4096 32 0 0 0 0 0 0 32 16 0 0 0 2684354560 0 0 33554432 2097152 0 2097152 1073741856 0 4096 0 0 0 0 0 0 0 540672 537395212 16384 2048 0 0 1073741824 2 0 8 0 2 0 0 16777216 1359152192 4214849 1615331408 2315780385 8388610 6340608 33554439 1426391104 2148663313 2148730378 563200 2080 2147483648 0 1064960 0 0 32768 0 33554432 0 268435456 0 0 0 0 0 0 1342179328 256 0 0 2 0 2147483648 0 0 256 8404992 0 0 67371040 0 0 0 131072 0 0 0 0 0 8388608 0 0 8388610 545259520 0 274 536870912 2097152 67108864 1048576 0 2 0 0 16384 134217728 0 32768 2147483648 0 2097152 32768 4 8388608 0 0 133120 0 0 32768 0 0 256 134217728 0 0 0 0 67108864 0 512 4096 0 0 0 16777216 0 0 2097152 37748736 131072 268435456 2048 0 0 131072 268435456 16 0 1572864 655360 67108864 262144 403718177 40961536 3828518912 603980048 2164277376 786432 2097152 0 1114112 134217728 134217728 0 536870912 4096 0 0 2147483680 64 4 2 4096 2097152 2048 0 0 65536 0 32 1073741824 0 4096 0 8 67108864 33554944 131072 16 0 0 0 0 16 0 1048832 0 0 260 268435456 0 0 0 16 1024 1536 0 16384 16777344 32768 0 0 0 0 2049 0 0 16777216 0 2097664 0 0 4194304 8 0 0 0 16384 12288 0 8421376 67108864 67108872 0 16400 262144 0 0 33554432 0 2097152 0 134217732 262144 0 0 0 0 0 0 0 0 0 0 33792 2147483720 8388656 440404034 270680064 1113425160 6300160 301989888 0 0 0 134217744 0 65536 2097408 0 16777216 0 16 0 294916 0 16777216 0 128 0 134217728 65536 0 0 0 16384 1073741824 8192 526592 0 0 0 0 16 0 0 0 4198400 0 262144 64 0 16384 0 65536 0 0 0 0 256 0 262144 1024 1277170690 22021120 4556048 2290122752 67584 58498 2147516474 409600 2285916161 2684494400 2148794512 198274 256 0 5120 16 0 262144 1 0 0 0 33554432 65536 0 131072 8390656 0 0 0 0 16513 0 8 512 4 8224 536870912 16384 8 528 0 0 0 0 0 0 0 0 0 1073741824 0 2147483649 0 394240 0 0 0 0 2097152 0 0 134217728 2147483648 65536 0 131072 0 0 536870920 0 32800 0 0 16 0 65536 5120 2560 0 2 0 0 268435456 0 34078720 512 0 524424 0 0 0 0 8192 2 2064 0 33554432 0 0 0 0 0 0 0 0 16777216 2 67108864 1024 268435456 2149583876 271584320 9457664 533088 1216415748 8651140 2099200 4194816 0 2048 0 536870920 0 0 0 0 1048576 0 0 0 32 0 0 33554432 8454400 8 0 0 0 0 0 0 4096 1074790400 4096 67108864 0 0 2415919112 0 16777216 0 0 1064960 0 0 8192 0 0 16 8388612 8388608 576 2097280 131072 0 1024 0 40 0 0 536870912 33554432 32 576 2147483648 0 0 0 0 0 0 0 16777216 0 1073750016 0 0 536870912 4096 269488128 4096 67108864 0 0 0 0 0 536870912 2048 0 0 0 0 0 16384 8192 0 0 576 2 3145728 134217728 0 0 0 4 4194304 4194304 0 0 0 0 0 4194304 32768 0 8388608 2147500032 0 0 0 16777216 65536 32 4 1073741840 0 0 0 33570816 0 8 131072 0 0 0 0 2097152 262144 0 67108864 0 4224 49232 0 128 0 256 0 0 8388608 0 8388608 8192 2151 0 0 4194304 32 268435456 0 268435456 0 0 0 34078720 0 0 0 786432 1048576 67584 0 0 16 0 3 4096 0 4096 131584 0 0 524288 1048576 536870916 134217728 0 268435456 0 0 33554432 0 0 41943040 67108864 0 0 0 0 0 0 0 0 0 33792 2 0 0 1048576 512 268435456 4194304 0 0 2097152 0 4 134217728 268435456 0 294912 2048 0 33558528 4194304 2 25165824 0 0 0 2147483776 0 512 16777216 262144 0 0 0 8192 64 512 1048576 0 256 33556480 0 67108864 0 0 0 0 0 0 4096 8192 524288 4194304 0 576 0 8396800 0 0 0 128 4 8388608 0 0 33556500 2147483648 0 0 0 0 32768 536870920 0 4 128 0 0 0 512 0 0 0 8192 16 0 1048576 268437504 2162688 33554432 0 2097152 0 16 0 0 134217728 0 0 0 0 65536 0 640 0 0 524288 0 0 0 1048576 16 0 1073741824 65536 16 0 0 0 0 268435456 1073741952 0 512 131072 0 16785408 545259520 34818 0 0 0 0 0 2097152 2048 262144 0 134217728 4096 0 0 0 262144 1056 0 0 0 0 0 0 536871424 4096 16777345 32800 138412056 269762569 1179698 133154 1091108897 37815296 303038500 2566918416 67117068 4197383 1 32 65536 0 0 0 0 4096 64 0 135266304 4096 0 0 0 0 2684354560 33554432 0 2 1 65536 8388608 0 2097152 4096 0 0 0 0 10485824 0 134250496 1342177280 0 0 0 0 0 0 32 1048576 32768 33628160 0 0 0 0 0 8388608 256 0 0 0 0 16384 0 0 1024 33554432 33554432 0 0 0 33554432 0 576 256 0 0 16777216 512 64 0 0 536870912 0 269484040 128 1048576 4 0 0 0 0 2 131072 0 0 8388608 0 1073741824 0 1073872896 0 0 0 0 2359360 536870912 0 2 1613497088 537924099 33554784 10486800 33685762 14696708 2181038080 0 1073872896 1 134742016 0 0 0 0 0 0 512 0 0 0 0 64 0 0 134479872 0 0 0 0 2097154 1073741824 0 268435456 0 32 8388608 0 0 0 0 0 0 0 0 1 0 1073741824 2147500048 67117056 1073741824 1073741824 0 16384 32768 671089152 526464 0 0 1152 0 0 524288 0 262144 1048576 0 0 0 0 0 0 0 33558528 0 0 0 0 0 0 0 1073741824 0 512 512 67633280 0 0 1048576 0 8193 0 16777216 536875008 0 0 4 1048576 32768 8388608 2097152 48 524288 0 0 134217728 131072 2162756 32992 16779304 1129578499 1082134530 12605730 1108377696 17088576 271847429 1248919552 1074791680 4194304 0 32 4194304 4 0 0 1 128 262144 0 67108928 0 0 0 528384 0 2112 0 0 536870912 0 536870912 0 1 0 4096 536875024 0 539492352 0 4 0 0 0 8388608 0 0 0 0 0 4 0 131076 8192 33554432 0 536870912 16384 0 1048576 524800 4194304 0 16 1048576 553648128 0 0 0 0 4194304 0 0 0 0 16384 66048 256 0 0 32768 0 12288 0 0 0 0 1 576 262144 2149580800 0 0 0 0 0 262144 65536 1073741840 0 128 4 0 0 128 134217728 0 4 0 8388608 134217728 0 0 0 4096 10485824 262144 513 32768 0 0 598080 36864 32768 0 8392704 0 0 4194304 0 805306368 0 0 0 512 0 0 64 8 536870928 0 131072 0 0 0 0 0 0 0 0 0 0 131072 0 0 0 1 16777216 16384 512 1536 128 0 0 536887296 0 0 0 8192 65600 0 0 0 4096 0 512 0 268435456 268435456 0 0 0 0 0 0 16 9 0 16384 192 1572864 2097152 0 262144 1024 0 0 0 0 0 131072 32 8200 0 0 0 16384 16777216 536870912 4096 100679876 2097152 8716548 51905568 5380 8 0 16896 0 2048 0 2097152 0 0 9437184 0 8196 8 0 0 131072 0 0 0 0 536871168 0 512 0 0 0 1024 536872960 147456 0 0 67108864 524304 0 0 0 0 134217728 0 0 0 536875008 570425344 4194304 0 0 0 0 0 32768 536870944 0 0 1 1145049216 3673088 59015424 1107296290 155198478 8660992 0 1207959552 0 0 0 32768 0 0 536870912 0 0 4096 268435456 16777216 0 0 8 0 2097152 1610612736 8388608 544 0 0 0 0 0 0 1024 0 0 67108864 0 64 1048608 0 134217728 2147483648 0 8 2147483904 268435456 1024 131200 0 524290 16777216 0 134217728 2 0 0 4194304 0 2 0 32 256 512 0 0 0 0 0 1024 8388864 1 0 0 2097152 0 0 4096 262144 184680448 0 128 0 0 0 64 520 2048 262144 1048576 0 0 2147487744 0 2147615744 0 0 0 16777216 0 0 0 4096 2097152 0 0 2 0 1073741824 38273024 4096 0 67108864 0 2148532224 0 0 0 0 0 32 0 0 0 4096 0 0 0 1048704 536870912 0 512 268435456 0 16 0 2147483712 0 0 256 0 16384 537526272 516 0 1073741824 16384 2097152 0 1073741824 0 0 4472832 0 0 0 0 524288 1 8389120 2147483648 0 4 16777216 0 1152 8388608 0 1048576 67108864 536887296 0 0 0 0 1048577 16 0 0 134250496 0 67108864 0 32768 0 0 524288 256 128 33554432 134217728 0 0 32 0 0 0 0 32 1140982016 4195328 305135616 1048576 167838724 4210688 134283536 19464192 1458192 545652752 1049230 53260 2048 134217728 1073741824 262272 268439552 0 0 2147483648 4194304 256 0 16 0 0 0 67108864 50331648 0 256 8 0 8192 0 0 16384 0 0 1073807360 0 0 0 134479872 32768 32 134217728 32 0 65536 0 3221225472 0 0 0 32 0 0 256 268435456 268436224 0 0 0 0 256 0 262144 1073741824 0 0 268500992 2 134348800 32 0 0 0 2147483648 0 0 0 1073741824 2048 0 16 0 512 0 0 0 0 0 134217728 16777216 0 2 65536 2415919104 2097152 268435456 0 1073741824 8454144 0 0 0 0 72 256 67108865 537739424 264 73416704 301989986 68096
is_linear=0
shrinkage=0.1


Tree=21
num_leaves=63
num_cat=20
split_feature=34 28 6 5 36 36 28 4 32 25 5 28 5 34 30 36 35 22 19 5 29 32 32 29 33 35 35 19 22 40 28 29 4 19 28 35 35 37 36 29 34 31 31 6 29 38 34 8 32 26 5 22 31 35 25 35 31 19 29 29 31 19
split_gain=56.9621 34.4862 24.8413 22.6591 17.7732 17.3389 21.8661 14.9514 16.124 12.4731 12.0927 12.158 10.8645 12.3118 10.5748 12.1494 10.4519 9.6907 9.59412 10.7131 10.2697 13.3241 12.4552 11.6291 10.8492 9.55114 9.45909 9.30516 8.79095 9.29214 22.4726 8.69627 8.52168 8.43092 8.97998 8.2685 8.23563 7.8474 7.75555 7.25124 7.24206 13.7625 16.0456 11.05 8.50096 7.18902 7.16446 9.31837 9.14874 7.08807 6.92346 7.26023 11.3592 10.8129 6.89343 6.81112 6.7237 7.26954 6.59723 6.54959 6.53042 6.47089
threshold=54.500000000000007 35.500000000000007 0 1 6.6321160042964564 7.7159214830970564 5.5000000000000009 2 7.5000000000000009 3 4 1.0000000180025095e-35 5 16.500000000000004 2.5000000000000004 8.3689239021119697 11.403296703296705 6 7 8 1.5000000000000002 6.5000000000000009 8.5000000000000018 4.5000000000000009 8.5000000000000018 3.3400143472022958 6.818647223084084 9 10 2.5000000000000004 10.500000000000002 66.500000000000014 11 12 1.5000000000000002 3.0868508967295747 12.025000000000002 2.5000000000000004 9.5177115987460841 74.500000000000014 241.50000000000003 76.500000000000014 81.500000000000014 13 5.5000000000000009 3.5000000000000004 16.500000000000004 14 2.5000000000000004 71.500000000000014 15 16 91.500000000000014 6.2697795575599713 17 1.0000000180025095e-35 129.50000000000003 18 27.500000000000004 52.500000000000007 1.5000000000000002 19
decision_type=8 2 9 9 10 8 2 9 2 9 9 2 9 10 2 10 2 9 9 9 2 2 2 2 2 2 2 9 9 10 2 2 9 9 2 2 2 8 10 2 10 2 2 9 2 8 10 1 2 2 9 9 2 2 9 2 2 9 2 2 2 9
left_child=5 2 -2 16 32 26 12 8 10 56 11 -5 -7 -14 15 18 -4 -13 20 -20 -9 24 23 -23 -22 -25 -1 -11 -10 49 -31 38 -3 -17 -35 -34 -19 39 46 -33 54 43 -43 44 -42 -18 47 -29 -48 -30 51 52 53 -50 -12 -45 -8 -58 -16 -21 -36 -56
right_child=1 4 3 7 -6 6 9 14 28 27 40 17 13 -15 58 33 45 36 19 59 21 22 -24 25 -26 -27 -28 31 29 30 -32 37 35 34 60 -37 -38 -39 -40 -41 41 42 -44 55 -46 -47 48 -49 50 -51 -52 -53 -54 -55 61 -57 57 -59 -60 -61 -62 -63
leaf_value=-0.027562810280740892 -0.021253089989094344 -0.01059106138511498 0.031715607851000763 -0.024571350788094054 0.01865268714635172 0.029783577818087659 -0.028869624606212282 -0.041664256119424425 -0.016508352904706775 0.0053950134901879871 -0.019892755056071687 -0.0030752690599286812 0.0083266796854917398 -0.012289061723524794 0.0093313218629883544 -0.029314646059101935 0.041604692119639582 0.015483330281802177 0.017146869468647959 -0.01693137097535059 0.22294838970704639 0.010825125667138145 -0.043317083727341887 0.14483753290865592 0.012441000714284818 0.50430096194821583 0.001612887451116413 0.02967473647163324 0.051514698205565507 -0.0058778753977139948 0.50739022792163746 0.10204173990551857 -0.034276328120313636 -0.031753091634162428 0.18683295520988685 -0.017002993356828585 0.060901539582600576 0.018713705419045639 0.029252407276618965 0.043304697305843465 0.047009434394807113 0.50078814161897089 0.015963175879558745 -0.058907758358082332 0.0049055880774234034 0.18944549331805782 0.02821379668558794 -0.020357998538744791 0.051693178053288935 0.011141185636803245 0.012998820685110863 -0.013243202695868875 0.0096171346025262731 0.30089691504643201 0.023962399461848215 -0.00033512881264708967 -0.018244421373981457 0.029963758024724133 0.13309155328124767 0.073708678575375872 0.018272576826850295 -0.0039704939800865842
leaf_weight=178.26595191212255 572.9837384960847 1257.9985181854572 136.250648339279 96.965053330175579 150.83832933020312 102.28162908833474 89.38005400786642 28.858050571056083 34.82622303115204 502.58825358783361 258.39679444476496 312.60164320026524 536.83588776225224 629.21557176066563 286.94925196736585 45.225914448150434 5.8709647362120423 854.0719534039963 95.39185622241348 1613.9141241381876 2.5013980770017943 1.3326281391782675 1.9867149686906485 1.2125726208323615 115.3307625639718 1.8933268541004507 295.03918089531362 383.03343226783909 110.70192631380633 2.1387662577908482 1.4189843235071746 29.575686660478823 415.74167037347797 38.58876292873174 2.3171979663893572 831.15057194419205 41.882051738910377 81.598212733399123 522.79997140634805 72.63694009592291 99.928292867843993 1.2234329337952652 1.5442923095542935 21.047134023043327 92.198593901935965 7.4793104259297261 199.89162980089895 37.237954846117646 4.3569817799143484 71.615802321350202 353.43716700805817 264.00079152034596 25.723711516708136 2.900067157112062 77.050091597018763 349.96219898585696 50.770742009859532 56.594255014089867 4.3728799743112168 8.0116981936153007 283.7012412523618 1833.1429445509566
leaf_count=10630 47191 217590 4461 4896 17847 2957 3518 2140 2707 23665 31180 14123 15588 26089 39724 2496 160 38567 4532 146724 136 108 114 126 7991 142 12018 11802 8019 141 108 1301 84458 2158 122 124398 1617 3965 16903 3743 11731 116 169 2470 11104 217 8880 4115 172 7147 17446 10051 923 119 7774 43159 2099 2198 615 384 14695 225197
internal_value=-0.000770767 -0.00488919 -0.00142757 0.000239099 -0.0146845 0.00870984 0.0108798 -0.000635117 0.00297998 0.0160049 0.00154915 0.00942586 6.44469e-05 -0.00277404 -0.00670718 -0.00906433 0.0374838 0.0122315 -0.0123389 -0.0144317 0.0113353 0.0245564 0.164788 0.257937 0.0169098 0.363963 -0.00937587 0.0178855 0.0293068 0.0367992 0.198836 0.0210174 -0.016692 0.00749701 0.0131246 -0.0225812 0.0174121 0.0418391 0.0190005 0.0603005 -0.00223769 0.00782831 0.230273 0.00673503 0.0254784 0.12443 0.0147822 0.0254633 0.00950305 0.0356557 0.00375272 -0.00743827 0.0312986 0.15128 -0.00487479 -0.00356191 -0.00819213 0.00825862 0.011189 -0.0163826 0.0196382 -0.00272486
internal_weight=14588.8 10170.6 7514.89 6941.91 2655.73 4418.16 3944.86 6792.3 4260.72 2676.53 4040.01 1305.52 1268.33 1166.05 2531.59 2240.27 149.601 1208.56 1870.43 1717.32 153.115 124.257 6.42524 4.43853 117.832 3.1059 473.305 2479.78 220.702 185.875 3.55775 1977.19 2504.89 369.833 324.607 1246.89 895.954 183.811 1793.38 102.213 2734.49 565.904 2.76773 563.136 192.127 13.3503 1270.58 420.271 850.31 182.318 650.419 296.982 32.9808 7.25705 2168.59 371.009 196.745 107.365 291.322 1621.93 286.018 1910.19
internal_count=1306936 1128754 684461 637270 444293 178182 155534 632432 410225 110900 392103 59203 44634 41677 222207 181868 4838 54307 162397 151640 10757 8617 490 376 8127 268 22648 103085 18122 15415 249 79420 426446 19471 16975 208856 40184 9009 70411 5044 332900 68749 285 68464 22835 377 53508 15917 37591 15166 28711 11265 1214 291 264151 45629 7815 4297 40339 147108 14817 232971
cat_boundaries=0 1 2 3 4 5 6 7 8 9 10 11 12 13 14 15 16 17 18 19 20
cat_threshold=1 1540 89 6947 6282 1283 9327 22144 2257 14460 4297 193 8257 2 1 6176 3274 16717 17765 13344
is_linear=0
shrinkage=0.1


end of trees

feature_importances:
bat=725
ground=223
balls_rem=58
length=51
rrr=48
bat_bf=32
bat_runs=29
variation=27
line=27
balls=23
rr=20
wkts=18
runs=13
p3_shot=9
over=8
p1_shot=7
format=6
bowl_style=6
p4_shot=6
p2_shot=5
p5_shot=5
p1_score=5
phase=3
p2_score=3
inns=2
source=1
daynight=1
p5_length=1
p3_score=1
p4_score=1

parameters:
[boosting: gbdt]
[objective: binary]
[metric: binary_logloss]
[tree_learner: serial]
[device_type: cpu]
[data_sample_strategy: bagging]
[data: ]
[valid: ]
[num_iterations: 22]
[learning_rate: 0.1]
[num_leaves: 63]
[num_threads: 0]
[seed: 0]
[deterministic: 0]
[force_col_wise: 0]
[force_row_wise: 0]
[histogram_pool_size: -1]
[max_depth: -1]
[min_data_in_leaf: 100]
[min_sum_hessian_in_leaf: 0.001]
[bagging_fraction: 0.8]
[pos_bagging_fraction: 1]
[neg_bagging_fraction: 1]
[bagging_freq: 1]
[bagging_seed: 3]
[bagging_by_query: 0]
[feature_fraction: 0.8]
[feature_fraction_bynode: 1]
[feature_fraction_seed: 2]
[extra_trees: 0]
[extra_seed: 6]
[early_stopping_round: 0]
[early_stopping_min_delta: 0]
[first_metric_only: 0]
[max_delta_step: 0]
[lambda_l1: 0]
[lambda_l2: 0]
[linear_lambda: 0]
[min_gain_to_split: 0]
[drop_rate: 0.1]
[max_drop: 50]
[skip_drop: 0.5]
[xgboost_dart_mode: 0]
[uniform_drop: 0]
[drop_seed: 4]
[top_rate: 0.2]
[other_rate: 0.1]
[min_data_per_group: 50]
[max_cat_threshold: 32]
[cat_l2: 10]
[cat_smooth: 20]
[max_cat_to_onehot: 4]
[top_k: 20]
[monotone_constraints: ]
[monotone_constraints_method: basic]
[monotone_penalty: 0]
[feature_contri: ]
[forcedsplits_filename: ]
[refit_decay_rate: 0.9]
[cegb_tradeoff: 1]
[cegb_penalty_split: 0]
[cegb_penalty_feature_lazy: ]
[cegb_penalty_feature_coupled: ]
[path_smooth: 0]
[interaction_constraints: ]
[verbosity: -1]
[saved_feature_importance_type: 0]
[use_quantized_grad: 0]
[num_grad_quant_bins: 4]
[quant_train_renew_leaf: 0]
[stochastic_rounding: 1]
[linear_tree: 0]
[max_bin: 255]
[max_bin_by_feature: ]
[min_data_in_bin: 3]
[bin_construct_sample_cnt: 200000]
[data_random_seed: 1]
[is_enable_sparse: 1]
[enable_bundle: 1]
[use_missing: 1]
[zero_as_missing: 0]
[feature_pre_filter: 1]
[pre_partition: 0]
[two_round: 0]
[header: 0]
[label_column: ]
[weight_column: ]
[group_column: ]
[ignore_column: ]
[categorical_feature: 0,1,2,3,4,5,6,7,8,9,10,11,12,13,14,15,16,17,18,19,20,21,22,23,24,25]
[forcedbins_filename: ]
[precise_float_parser: 0]
[parser_config_file: ]
[objective_seed: 5]
[num_class: 1]
[is_unbalance: 0]
[scale_pos_weight: 1]
[sigmoid: 1]
[boost_from_average: 1]
[reg_sqrt: 0]
[alpha: 0.9]
[fair_c: 1]
[poisson_max_delta_step: 0.7]
[tweedie_variance_power: 1.5]
[lambdarank_truncation_level: 30]
[lambdarank_norm: 1]
[label_gain: ]
[lambdarank_position_bias_regularization: 0]
[eval_at: ]
[multi_error_top_k: 1]
[auc_mu_weights: ]
[num_machines: 1]
[local_listen_port: 12400]
[time_out: 120]
[machine_list_filename: ]
[machines: ]
[gpu_platform_id: -1]
[gpu_device_id: -1]
[gpu_use_dp: 0]
[num_gpu: 1]

end of parameters

pandas_categorical:[["ODI", "T20", "Test"], ["bbb", "odata"], ["AB de Villiers", "AM Ghazanfar", "Aaditya Varadarajan", "Aamer Jamal", "Aamer Yamin", "Aamir Jamal", "Aamir Kaleem", "Aarif Sheikh", "Aaron Finch", "Aaron Hardie", "Aaron Johnson", "Aaron Jones", "Aaron Phangiso", "Aasif Sheikh", "Aayan Afzal Khan", "Aayan Khan", "Abdul Basith", "Abdul Malik", "Abdul Rahman", "Abdul Samad", "Abdul Wasi", "Abdullah Shafique", "Abdur Razzak", "Abdur Rehman", "Abhijeet Tomar", "Abhinav Manohar", "Abhinav Mukund", "Abhishek Paradkar", "Abhishek Sharma", "Abid Ali", "Abinash Bohara", "Abishek Porel", "Abrar Ahmed", "Abu Hider", "Abu Jayed", "Abul Hasan", "Ackeem Auguste", "Adam Hose", "Adam Lyth", "Adam Milne", "Adam Voges", "Adam Zampa", "Adil Rashid", "Adithya Ashok", "Adnan Mufti", "Adrian Neill", "Afif Hossain", "Afsar Zazai", "Aftab Alam", "Agha Salman", "Ahmed Danyal", "Ahmed Raza", "Ahmed Shehzad", "Ahsan Ali", "Aiden Markram", "Ainsley Ndlovu", "Aizaz Khan", "Ajantha Mendis", "Ajaz Patel", "Ajinkya Rahane", "Akash Deep", "Akash Madhwal", "Akeal Hosein", "Akeem Jordan", "Akhil Kumar", "Akila Dananjaya", "Akshdeep Nath", "Al-Amin Hossain", "Alasdair Evans", "Alastair Cook", "Alei Nao", "Alex Carey", "Alex Cusack", "Alex Doolan", "Alex Hales", "Alex Lees", "Alex Ross", "Ali Khan", "Ali Naseer", "Ali Sheikh", "Alick Athanaze", "Alishan Sharafu", "Alpesh Ramjani", "Alviro Petersen", "Alzarri Joseph", "Aman Hakim Khan", "Ambati Rayudu", "Amila Aponso", "Aminul Islam", "Amir Hamza", "Amir Jangoo", "Amit Mishra", "Amjad Ali", "Amjad Javed", "Anamul Haque", "Anderson Phillip", "Andile Phehlukwayo", "Andile Simelane", "Andre Fletcher", "Andre McCarthy", "Andre Russell", "Andrew Balbirnie", "Andrew Tye", "Andrew Umeed", "Andri Berenger", "Andries Gous", "Andy Balbirnie", "Andy McBrine", "Angelo Mathews", "Angelo Perera", "Angkrish Raghuvanshi", "Anil Sah", "Ankit Rajpoot", "Anmolpreet Singh", "Anrich Nortje", "Ansh Tandon", "Anshul Kamboj", "Anshy Rath", "Anthony Bramble", "Anton Devcich", "Anuj Rawat", "Anukul Roy", "Anwar Ali", "Aqib Ilyas", "Arafat Minhas", "Arafat Sunny", "Ariful Haque", "Arjun Nair", "Arjun Saud", "Arjun Tendulkar", "Arshad Iqbal", "Arshad Khan", "Arshdeep Singh", "Arshin Kulkarni", "Aryan Dutt", "Aryan Lakra", "Aryansh Sharma", "Asa Tribe", "Asad Shafiq", "Asela Gunaratne", "Asghar Afghan", "Ashan Priyanjan", "Ashen Bandara", "Ashish Odedara", "Ashley Nurse", "Ashmead Nedd", "Ashton Agar", "Ashton Turner", "Ashutosh Sharma", "Asif Ali", "Asif Khan", "Asitha Fernando", "Assad Vala", "Atharva Taide", "Avesh Khan", "Avishka Fernando", "Axar Patel", "Ayaan Khan", "Ayan Desai", "Ayan Khan", "Ayush Badoni", "Ayush Shukla", "Azam Khan", "Azhar Ali", "Azmatullah", "Azmatullah Omarzai", "BJ Watling", "BR Sharath", "Baba Indrajith", "Babar Azam", "Babar Hayat", "Bahir Shah", "Barinder Sran", "Barry McCarthy", "Bas de Leede", "Basil Hameed", "Basil Thampi", "Baxter Holt", "Beau Webster", "Ben Cooper", "Ben Curran", "Ben Cutting", "Ben Duckett", "Ben Dunk", "Ben Dwarshuis", "Ben Foakes", "Ben Laughlin", "Ben Lister", "Ben Manenti", "Ben McDermott", "Ben Sears", "Ben Shikongo", "Ben Stokes", "Ben Wheeler", "Ben White", "Benjamin Ward", "Benny Howell", "Bernard Scholtz", "Beuran Hendricks", "Bhanuka Rajapaksa", "Bhim Sharki", "Bhuvneshwar Kumar", "Bilal Asif", "Bilal Hassan", "Bilal Khan", "Bilawal Bhatti", "Billy Stanlake", "Binura Fernando", "Bjorn Fortuin", "Blair Tickner", "Blake Nikitaras", "Blessing Muzarabani", "Boris Gorlee", "Boyd Rankin", "Brad Currie", "Brad Evans", "Brad Haddin", "Brad Wheal", "Brandon Glover", "Brandon King", "Brandon Mavuta", "Brandon McMullen", "Brendan Doggett", "Brendan Taylor", "Brendon McCullum", "Brian Bennett", "Brian Chari", "Brian Masaba", "Brian Vitori", "Brody Couch", "Brydon Carse", "CP Rizwan", "Caleb Jewell", "Callum Ferguson", "Calum MacLeod", "Calvin Savage", "Cameron Bancroft", "Cameron Boyce", "Cameron Gannon", "Cameron Green", "Cameron Stevenson", "Cameron Valente", "Cameron White", "Campbell Kellaway", "Carl Mumba", "Carlos Brathwaite", "Carmi le Roux", "Cephas Zhuwao", "Chad Bowes", "Chad Soper", "Chadd Sayers", "Chadwick Walton", "Chamara Kapugedera", "Chamidu Wickramasinghe", "Chamika Gunasekara", "Chamika Karunaratne", "Chaminda Bandara", "Chamindu Wickramasinghe", "Chamu Chibhabha", "Chanaka Welegedara", "Chandrapaul Hemraj", "Charith Asalanka", "Charles Amini", "Charles Coventry", "Charles Perchard", "Charlie Cassell", "Charlie Tear", "Charlie Wakim", "Charlton Tshuma", "Chaturanga de Silva", "Chemar Holder", "Chetan Sakariya", "Cheteshwar Pujara", "Chirag Suri", "Chris Gayle", "Chris Greaves", "Chris Green", "Chris Jordan", "Chris Lynn", "Chris Morris", "Chris Mpofu", "Chris Rogers", "Chris Sabburg", "Chris Sole", "Chris Tremain", "Chris Woakes", "Christiaan Jonker", "Christopher Carter", "Christopher McBride", "Christopher Mpofu", "Clayton Floyd", "Clint Hinchliffe", "Clive Madande", "Clive Rose", "Clyde Fortuin", "Cole McConchie", "Colin Ackermann", "Colin Archibald", "Colin Ingram", "Colin Munro", "Colin de Grandhomme", "Cooper Connolly", "Corbin Bosch", "Corey Anderson", "Corey Rocchiccioli", "Corne Dry", "Cosmas Kyewuta", "Craig Ervine", "Craig Overton", "Craig Wallace", "Craig Williams", "Craig Young", "Curtis Campher", "D'Arcy Short", "Dale Steyn", "Damien Ravu", "Dan Lawrence", "Dan Mousley", "Dane Cleaver", "Dane Paterson", "Dane Piedt", "Dane Vilas", "Daniel Christian", "Daniel Doram", "Daniel Drew", "Daniel Hughes", "Daniel Sams", "Daniel Vettori", "Daniel Worrall", "Danish Aziz", "Danny Briggs", "Danushka Gunathilaka", "Daren Sammy", "Darren Bravo", "Darshan Nalkande", "Darwish Rasooli", "Daryl Mitchell", "Daryn Dupavillion", "Daryn Dupavillon", "Dasun Shanaka", "David Bedingham", "David Grant", "David Miller", "David Moody", "David Payne", "David Warner", "David Wiese", "David Willey", "Dawid Malan", "Dawlat Zadran", "Dean Brownlie", "Dean Elgar", "Dean Foxcroft", "Deepak Chahar", "Deepak Hooda", "Denesh Ramdin", "Devdutt Padikkal", "Devendra Bishoo", "Devon Conway", "Devon Smith", "Devon Thomas", "Dewald Brevis", "Dhammika Prasad", "Dhananjaya Lakshan", "Dhananjaya de Silva", "Dhawal Kulkarni", "Dhruv Chand Jurel", "Dhruv Jurel", "Dhruv Parashar", "Dhruv Shorey", "Dilbar Hussain", "Dilon Heyliger", "Dilpreet Bajwa", "Dilpreet Singh Bajwa", "Dilruwan Perera", "Dilshan Madushanka", "Dilshan Munaweera", "Dimuth Karunaratne", "Dinesh Chandimal", "Dinesh Karthik", "Dinesh Nakrani", "Dion Myers", "Dipendra Singh Airee", "Divan la Cock", "Dogodo Bau", "Dom Bess", "Dom Sibley", "Dominic Blampied", "Dominic Drakes", "Donald Tiripano", "Donavon Ferreira", "Donovan Ferreira", "Doug Bracewell", "Doug Warren", "Duan Jansen", "Duanne Olivier", "Dunith Wellalage", "Dushan Hemantha", "Dushmantha Chameera", "Dwaine Pretorius", "Dwayne Bravo", "Dwayne Smith", "Dylan Budge", "Eathan Bosch", "Ebadot Hossain", "Ed Joyce", "Edward Moore", "Ehsan Adil", "Ehsan Khan", "Ehsan Nawaz", "Elliot Miles", "Elton Chigumbura", "Eoin Morgan", "Eshan Malinga", "Ethan D'Souza", "Evin Lewis", "Fabian Allen", "Faf du Plessis", "Faheem Ashraf", "Faiz Fazal", "Fakhar Zaman", "Faraz Akram", "Fareed Ahmad", "Farhaan Behardien", "Farid Malik", "Farveez Maharoof", "Fawad Ahmed", "Fawad Alam", "Fayyaz Butt", "Fazalhaq Farooqi", "Fazle Mahmud", "Fergus O'Neill", "Fidel Edwards", "Finn Allen", "Fionn Hand", "Frank Nsubuga", "Fred Achelam", "Fred Klaassen", "Freddie Coleman", "Fredrick Klaassen", "Gajanand Singh", "Gareth Batty", "Gareth Delany", "Gary Ballance", "Gary Wilson", "Gaudi Toka", "Gautam Gambhir", "Gavin Hoey", "Gavin Main", "George Bailey", "George Dockrell", "George Garton", "George Linde", "George Munsey", "George Worker", "Gerald Coetzee", "Gerhard Erasmus", "Ghulam Shabber", "Gihahn Cloete", "Glenn Maxwell", "Glenn Phillips", "Glenton Stuurman", "Graeme Cremer", "Graham Hume", "Grant Elliott", "Gudakesh Motie", "Gulbadin Naib", "Gulsan Jha", "Gulshan Jha", "Gurinder Sandhu", "Gurkeerat Singh Mann", "Gus Atkinson", "Gyanendra Malla", "Haider Ali", "Hamid Hassan", "Hamilton Masakadza", "Hamish Bennett", "Hamish Gardiner", "Hamish McKenzie", "Hamish Rutherford", "Hammad Azam", "Hammad Mirza", "Hamza Tahir", "Hanuma Vihari", "Harbhajan Singh", "Hardik Pandya", "Hardus Viljoen", "Haris Rauf", "Haris Sohail", "Harmeet Singh", "Haroon Arshad", "Harpreet Brar", "Harpreet Singh", "Harrison Carlyon", "Harry Brook", "Harry Conway", "Harry Dixon", "Harry Gurney", "Harry Manenti", "Harry Nielsen", "Harry Tector", "Harsh Thaker", "Harshal Patel", "Harshit Rana", "Hasan Ali", "Hasan Mahmud", "Haseeb Hameed", "Haseebullah", "Haseebullah Khan", "Hashim Amla", "Hashir Dafedar", "Hashmatullah Shahidi", "Hassan Ali", "Hassan Khan", "Hassnain Shah", "Hayden Kerr", "Hayden Walsh", "Hazrat Bilal", "Hazratullah Zazai", "Heath Richards", "Heino Kuhn", "Heinrich Klaasen", "Henry Hunt", "Henry Nicholls", "Henry Shipley", "Henry Ssenyondo", "Henry Thornton", "Hila Vare", "Hilton Cartwright", "Hiri Hiri", "Hrithik Shokeen", "Hugh Weibgen", "Hussain Talat", "Iain Wardlaw", "Ian Bell", "Ian Cockbain", "Ibrahim Zadran", "Iftikhar Ahmed", "Ihsanullah", "Ijaz Ahmadzai", "Ikram Alikhil", "Imad Wasim", "Imam ul-Haq", "Imam-ul-Haq", "Imran Butt", "Imran Khan", "Imran Tahir", "Imrul Kayes", "Innocent Kaia", "Irfan Khan", "Irfan Khan Niazi", "Ish Sodhi", "Ishan Kishan", "Ishant Sharma", "Isuru Udana", "Izharulhaq Naveed", "JJ Smit", "JJ Smuts", "JP Duminy", "JP Kotze", "Jack Brassell", "Jack Clayton", "Jack Edwards", "Jack Jarvis", "Jack Leach", "Jack Prestwidge", "Jack Wildermuth", "Jack Wood", "Jackson Bird", "Jacob Bethell", "Jacob Duffy", "Jacques Kallis", "Jacques Snyman", "Jaden Carmichael", "Jagadeesha Suchith", "Jahandad Khan", "Jahmar Hamilton", "Jake Ball", "Jake Carder", "Jake Doran", "Jake Dunford", "Jake Fraser-McGurk", "Jake Lehmann", "Jake Lintott", "Jake Weatherald", "Jaker Ali", "James Anderson", "James Bazley", "James Bracey", "James Cameron-Dow", "James Faulkner", "James McCollum", "James Neesham", "James Pattinson", "James Seymour", "James Taylor", "James Tredwell", "James Vince", "Jamie Overton", "Jamie Smith", "Jan Balt", "Jan Frylinck", "Jan Nicol Loftie-Eaton", "Jan-Izak de Villiers", "Janith Liyanage", "Janneman Malan", "Jaron Morgan", "Jasdeep Singh", "Jason Behrendorff", "Jason Holder", "Jason Mohammed", "Jason Roy", "Jason Sangha", "Jason Smith", "Jasper Davidson", "Jasprit Bumrah", "Jatinder Singh", "Javed Ahmadi", "Javelle Glenn", "Jay Lenton", "Jay Odedra", "Jayant Yadav", "Jayden Seales", "Jaydev Unadkat", "Jean-Paul Duminy", "Jeavor Royal", "Jeet Raval", "Jeetan Patel", "Jeevan Mendis", "Jeffrey Vandersay", "Jehan Mubarak", "Jeremy Gordon", "Jermaine Blackwood", "Jerome Taylor", "Jessy Singh", "Jhye Richardson", "Jimmy Neesham", "Jimmy Peirson", "Jitesh Sharma", "Joe Burns", "Joe Clarke", "Joe Denly", "Joe Mennie", "Joe Root", "Joel Davies", "Joel Paris", "Jofra Archer", "Johan Botha", "John Campbell", "John Hastings", "John Kariko", "John Mooney", "John Nyumbu", "John Simpson", "John Turner", "Johnathan Campbell", "Johnson Charles", "Jomel Warrican", "Jon Holland", "Jon-Russ Jaggesar", "Jonathan Carter", "Jonathan Merlo", "Jonathan Trott", "Jonathan Wells", "Jonny Bairstow", "Jono Cook", "Jonty Jenner", "Jordan Buckingham", "Jordan Cox", "Jordan Silk", "Jordan Thompson", "Jos Buttler", "Josh Brown", "Josh Clarkson", "Josh Davey", "Josh Hazlewood", "Josh Hull", "Josh Inglis", "Josh Lalor", "Josh Lawrenson", "Josh Little", "Josh Philippe", "Josh Tongue", "Josh Tromp", "Joshua Bishop", "Joshua Da Silva", "Joshua James", "Joshua Little", "Joylord Gumbie", "Juanoy Drysdale", "Jubair Hossain", "Julius Sumerauer", "Juma Miyaji", "Junaid Khan", "Junaid Siddique", "Junaid Siddiqui", "Junior Dala", "Junior Sinclair", "Justin Avendano", "Justin Greaves", "KC Cariappa", "KL Rahul", "KM Asif", "Kabua Morea", "Kabua Vagi Morea", "Kadeem Alleyne", "Kagiso Rabada", "Kaleem Sana", "Kaleemullah", "Kamil Mishara", "Kamindu Mendis", "Kamlesh Nagarkoti", "Kamran Akmal", "Kamran Ghulam", "Kamran Shazad", "Kamrul Islam", "Kane Richardson", "Kane Williamson", "Karan KC", "Karan Sharma", "Karan Sonavale", "Karim Janat", "Karim Sadiq", "Karl Birkenstock", "Karn Sharma", "Karthik Meiyappan", "Kartik Tyagi", "Karun Nair", "Kashif Ali", "Kashif Daud", "Kashyap Prajapati", "Kasun Rajitha", "Kaushal Silva", "Kavem Hodge", "Keacy Carty", "Keaton Jennings", "Kedar Jadhav", "Keegan Petersen", "Keemo Paul", "Kemar Roach", "Kennar Lewis", "Kenneth Waiswa", "Kenroy Peters", "Keon Harding", "Keron Cottoy", "Keshav Maharaj", "Kesrick Williams", "Kevin Kasuza", "Kevin O'Brien", "Kevin Sinclair", "Khaled Ahmed", "Khaleel Ahmed", "Khalid Kail", "Khary Pierre", "Khawar Ali", "Khaya Zondo", "Khurram Khan", "Khurram Manzoor", "Khurram Shahzad", "Khushdil Shah", "Kieran Powell", "Kieron Pollard", "Kimani Melius", "Kinchit Shah", "Kiplin Doriga", "Kirk Edwards", "Kirk McKenzie", "Kishore Mahato", "Kithuruwan Vithanage", "Kjorn Ottley", "Kraigg Brathwaite", "Krishna Chandran", "Krishnappa Gowtham", "Krunal Pandya", "Kuldeep Sen", "Kuldeep Yadav", "Kuldip Yadav", "Kumar Kartikeya", "Kumar Kushagra", "Kumar Sangakkara", "Kurtis Patterson", "Kusal Mendis", "Kusal Perera", "Kushal Bhurtel", "Kushal Malla", "Kwena Maphaka", "Kyle Abbott", "Kyle Coetzer", "Kyle Hope", "Kyle Jamieson", "Kyle Jarvis", "Kyle Klein", "Kyle Mayers", "Kyle Mills", "Kyle Phillip", "Kyle Verreynne", "Lachlan Pfeffer", "Lachlan Shaw", "Lahiru Gamage", "Lahiru Kumara", "Lahiru Madushanka", "Lahiru Milantha", "Lahiru Thirimanne", "Lakshan Sandakan", "Lalit Rajbanshi", "Lalit Yadav", "Lance Morris", "Larry Edward", "Lasith Embuldeniya", "Lasith Malinga", "Laurie Evans", "Lega Siaka", "Lendl Simmons", "Leniko Boucher", "Leon Johnson", "Leonardo Julien", "Leroy Lugg", "Lewis Gregory", "Liam Bowe", "Liam Dawson", "Liam Guthrie", "Liam Haskett", "Liam Hatcher", "Liam Livingstone", "Liam O'Connor", "Liam Plunkett", "Liam Roche", "Liam Scott", "Liton Das", "Litton Das", "Lizaad Williams", "Lloyd Pope", "Lo-handre Louwrens", "Lockie Ferguson", "Logan van Beek", "Lokesh Rahul", "Lorcan Tucker", "Lovepreet Singh", "Luke Jongwe", "Luke Ronchi", "Luke Wood", "Lungi Ngidi", "Lutho Sipamla", "MS Dhoni", "Mac Wright", "Mackenzie Harvey", "Mahedi Hasan", "Maheesh Theekshana", "Mahela Jayawardene", "Mahela Udawatte", "Mahipal Lomror", "Mahli Beardman", "Mahmudul Hasan Joy", "Mahmudullah", "Majid Haq", "Malan Kruger", "Malcolm Waller", "Malinda Pushpakumara", "Manan Vohra", "Manav Suthar", "Mandeep Singh", "Manish Pandey", "Manjula Guruge", "Manoj Tiwary", "Marco Jansen", "Marcus Bean", "Marcus Harris", "Marcus Stoinis", "Mark Adair", "Mark Chapman", "Mark Craig", "Mark Deyal", "Mark Steketee", "Mark Stoneman", "Mark Vermeulen", "Mark Watt", "Mark Wood", "Marlon Samuels", "Marnus Labuschagne", "Marquino Mindley", "Martin Guptill", "Mashrafe Mortaza", "Mason Crane", "Matheesha Pathirana", "Matt Henry", "Matt Machan", "Matt Parkinson", "Matt Prior", "Matt Renshaw", "Matt Short", "Matthew Breetzke", "Matthew Critchley", "Matthew Cross", "Matthew Forde", "Matthew Gilkes", "Matthew Humphreys", "Matthew Kelly", "Matthew Kuhnemann", "Matthew Parkinson", "Matthew Potts", "Matthew Renshaw", "Matthew Short", "Matthew Spoors", "Matthew Wade", "Matty Hurst", "Max Bryant", "Max O'Dowd", "Max Sorensen", "Mayank Agarwal", "Mayank Dagar", "Mayank Markande", "Mayank Yadav", "Md Towhid Hridoy", "Mehedi Hasan", "Mehidy Hasan", "Mehidy Hasan Miraz", "Mehran Khan", "Michael Bracewell", "Michael Carberry", "Michael Chinouya", "Michael Clarke", "Michael English", "Michael Jones", "Michael Leask", "Michael Levitt", "Michael Neser", "Michael Rippon", "Michael van Lingen", "Migael Pretorius", "Miguel Cummins", "Mihlali Mpongwana", "Mikyle Louis", "Milan Rathnayake", "Milind Kumar", "Milinda Siriwardana", "Milton Shumba", "Minod Bhanuka", "Mir Hamza", "Mirwais Ashraf", "Misbah-ul-Haq", "Mitchell Hay", "Mitchell Johnson", "Mitchell Marsh", "Mitchell McClenaghan", "Mitchell Owen", "Mitchell Santner", "Mitchell Starc", "Mitchell Swepson", "Moeen Ali", "Mohamed Shiraz", "Mohammad Abbas", "Mohammad Ali", "Mohammad Amir", "Mohammad Ghazanfar", "Mohammad Hafeez", "Mohammad Haris", "Mohammad Hasnain", "Mohammad Irfan", "Mohammad Irfan Khan", "Mohammad Ishaq", "Mohammad Mithun", "Mohammad Mohsin", "Mohammad Nabi", "Mohammad Nadeem", "Mohammad Naim", "Mohammad Naveed", "Mohammad Nawaz", "Mohammad Rizwan", "Mohammad Saifuddin", "Mohammad Saleem", "Mohammad Shahid", "Mohammad Shahzad", "Mohammad Talha", "Mohammad Tauqir", "Mohammad Wasim", "Mohammed Faraazuddin", "Mohammed Shami", "Mohammed Siraj", "Mohit Rathee", "Mohit Sharma", "Mohsin Khan", "Moises Henriques", "Mominul Haque", "Monank Patel", "Morne Morkel", "Morne van Wyk", "Mosaddek Hossain", "Mosharraf Hossain", "Mrittunjoy Chowdhury", "Muhammad Abbas Afridi", "Muhammad Farooq", "Muhammad Haris", "Muhammad Hasnain", "Muhammad Huraira", "Muhammad Jawadullah", "Muhammad Musa", "Muhammad Rizwan", "Muhammad Usman", "Muhammad Waseem", "Muhammad Wasim", "Muhammad Zuhaib", "Mujeeb Ur Rahman", "Mukesh Choudhary", "Mukesh Kumar", "Mukhtar Ahmed", "Munim Shahriar", "Munir Ahmad", "Murali Vijay", "Murray Commins", "Murugan Ashwin", "Musa Ahmad", "Mushfiqur Rahim", "Mustafizur Rahman", "Muzahir Raza", "NOT OUT after REFERRAL", "Nadeem Ahmed", "Nahid Rana", "Najeeb Tarakai", "Najibullah Zadran", "Najmul Hossain Shanto", "Naman Dhir", "Naman Ojha", "Nandre Burger", "Nangeyalia Khan", "Nangeyalia Kharote", "Narayan Jagadeesan", "Narsingh Deonarine", "Naseem Khushi", "Naseem Shah", "Nasir Aziz", "Nasir Hossain", "Nasir Jamal", "Nasir Jamshed", "Nasum Ahmed", "Nathan Coulter-Nile", "Nathan Ellis", "Nathan Lyon", "Nathan McAndrew", "Nathan McCullum", "Nathan McSweeney", "Nathan Smith", "Natsai M'shangwe", "Nauman Anwar", "Navdeep Saini", "Naveed Zadran", "Naveen-ul-Haq", "Navneet Dhaliwal", "Nawroz Mangal", "Nayeem Hasan", "Nazmul Hossain Shanto", "Nazmul Islam", "Nehal Wadhera", "Neil Brand", "Neil Broom", "Neil Rock", "Neil Wagner", "Nestor Dhamba", "Neville Madziva", "Newman Nyamhuri", "Niall O'Brien", "Nic Maddinson", "Nicholas Kirton", "Nicholas Pooran", "Nicholson Gordon", "Nick Bertus", "Nick Compton", "Nick Greenwood", "Nick Hobson", "Nick Kelly", "Nick Larkin", "Nick Winter", "Nicol Loftie-Eaton", "Nijat Masood", "Nikhil Chaudhary", "Nikhil Dutta", "Nikhil Naik", "Nikita Miller", "Niko Davin", "Nikolaas Davin", "Niroshan Dickwella", "Nisarg Patel", "Nishan Madushka", "Nitish Kumar", "Nitish Kumar Reddy", "Nitish Rana", "Nizakat Khan", "Nkrumah Bonner", "Noah Croes", "Noman Ali", "Noor Ahmad", "Noor Ali Zadran", "Norman Vanua", "Nosaina Pokana", "Nosthush Kenjige", "Nosthusha Kenjige", "Nqaba Peter", "Nqabayomzi Peter", "Nurul Hasan", "Nuwan Kulasekara", "Nuwan Pradeep", "Nuwan Thushara", "Nuwanidu Fernando", "Nyeem Young", "OUT after REFERRAL", "Obed McCoy", "Obus Pienaar", "Odean Smith", "Oli Hairs", "Oliver Davies", "Oliver Peake", "Ollie Davies", "Ollie Pope", "Ollie Robinson", "Olly Stone", "Omair Bin Yousuf", "Oshada Fernando", "Oshane Thomas", "Ottneil Baartman", "Ottniel Baartman", "Paddy Dooley", "Pankaj Singh", "Pargat Singh", "Parthiv Patel", "Parvez Hossain Emon", "Pat Cummins", "Pathum Nissanka", "Patrick Brown", "Patrick Kruger", "Patrick Rowe", "Paul Stirling", "Paul Walter", "Paul van Meekeren", "Pawan Negi", "Peter Chase", "Peter Fulton", "Peter Handscomb", "Peter Hatzoglou", "Peter Moor", "Peter Nevill", "Peter Siddle", "Phil Salt", "Philip Salt", "Philippe Boissevain", "Phillip Hughes", "Pieter Malan", "Pieter Seelaar", "Pikky Ya France", "Pite van Biljon", "Piyush Chawla", "Prabath Jayasuriya", "Prabhsimran Singh", "Pradeep Sangwan", "Pramod Madushan", "Prasanna Jayawardene", "Prasidh Krishna", "Pratik Athavale", "Pratis GC", "Praveen Dubey", "Praveen Jayawickrama", "Prayas Ray Barman", "Prerak Mankad", "Preston Mommsen", "Prince Masvaure", "Prithvi Shaw", "Priyam Garg", "Priyamal Perera", "Prosper Utseya", "Qais Ahmad", "Qasim Akram", "Quinton de Kock", "Rachin Ravindra", "Rafiullah", "Rahat Ali", "Rahkeem Cornwall", "Rahmanullah Gurbaz", "Rahmat Shah", "Rahul Bhatia", "Rahul Chahar", "Rahul Chopra", "Rahul Tewatia", "Rahul Tripathi", "Raj Angad Bawa", "Rajat Patidar", "Rajendra Chandrika", "Ramaal Lewis", "Ramandeep Singh", "Rameez Shahzad", "Ramesh Mendis", "Ramon Simmonds", "Rangana Herath", "Rashid Khan", "Rasikh Salam", "Rassie van der Dussen", "Ravi Bishnoi", "Ravi Bopara", "Ravi Rampaul", "Ravichandran Ashwin", "Ravinderpal Singh", "Ravindra Jadeja", "Rayad Emrit", "Raymon Reifer", "Raynard van Tonder", "Raza Hasan", "Reece Topley", "Reeza Hendricks", "Regis Chakabva", "Rehan Ahmed", "Riaz Hassan", "Riazat Ali Shah", "Richard Berrington", "Richard Gleeson", "Richard Ngarava", "Richie Berrington", "Richmond Mutumbami", "Ricky Bhui", "Rilee Rossouw", "Riley Hekure", "Riley Meredith", "Rinku Singh", "Ripal Patel", "Rishabh Pant", "Rishad Hossain", "Rishi Dhawan", "Rishiv Joshi", "Riyan Parag", "Rob Taylor", "Robin Peterson", "Robin Uthappa", "Robinson Obuya", "Robiul Islam", "Roelof van der Merwe", "Roger Mukasa", "Rohan Mustafa", "Rohit Paudel", "Rohit Sharma", "Romario Shepherd", "Ronak Patel", "Ronsford Beaton", "Rony Talukdar", "Rory Burns", "Roshen Silva", "Roshon Primus", "Ross Adair", "Ross Taylor", "Ross Whiteley", "Roston Chase", "Rovman Powell", "Roy Kaia", "Ruan de Swardt", "Rubel Hossain", "Ruben Clinton", "Ruben Trumpelmann", "Rumman Raees", "Rusty Theron", "Ruturaj Gaikwad", "Ruwantha Kellapotha", "Ryan Burl", "Ryan Gibson", "Ryan Harris", "Ryan Klein", "Ryan McLaren", "Ryan Murray", "Ryan Rickelton", "Ryan ten Doeschate", "Saad Bin Zafar", "Saad Nasim", "Sabbir Rahman", "Sabir Ali", "Sachin Baby", "Sachith Pathirana", "Sachithra Senanayake", "Sadeera Samarawickrama", "Saeed Ajmal", "Safyaan Sharif", "Sagar Dhakal", "Sahan Arachchige", "Sahibzada Farhan", "Sai Kishore", "Sai Sudharsan", "Sai Sudharshan", "Saif Badar", "Saif Hassan", "Saim Ayub", "Saiteja Mukkamalla", "Sajid Khan", "Salman Agha", "Salman Ali Agha", "Sam Billings", "Sam Curran", "Sam Elliott", "Sam Fanning", "Sam Hain", "Sam Harper", "Sam Heazlett", "Sam Konstas", "Sam Rainbird", "Sam Robson", "Sam Whiteman", "Samay Shrivastav", "Sameer Rizvi", "Sami Aslam", "Samit Patel", "Samiullah Shenwari", "Samiullah Shinwari", "Sanchit Sharma", "Sandeep Goud", "Sandeep Lamichhane", "Sandeep Sharma", "Sandun Weerakkody", "Sanjay Krishnamurthi", "Sanjay Yadav", "Sanju Samson", "Sanvir Singh", "Saqib Mahmood", "Saqib Zulfiqar", "Saqlain Haider", "Sarel Erwee", "Sarfaraz Ahmed", "Sarfaraz Khan", "Saud Shakeel", "Saurabh Netravalkar", "Saurabh Tiwary", "Saurav Chauhan", "Sayed Shirzad", "Scott Boland", "Scott Currie", "Scott Edwards", "Scott Kuggeleijn", "Scott McKechnie", "Sean Abbott", "Sean Williams", "Seb Gotch", "Sediqullah Atal", "Seekkuge Prasanna", "Sema Kamea", "Semo Kamea", "Senuran Muthusamy", "Sese Bau", "Seth Rance", "Shaaron Lewis", "Shadab Khan", "Shadley van Schalkwyk", "Shadman Islam", "Shafiqullah", "Shafiul Islam", "Shahadat Hossain", "Shahbaz Ahmed", "Shahbaz Nadeem", "Shaheen Afridi", "Shaheen Shah Afridi", "Shahid Afridi", "Shahidullah", "Shahnawaz Dahani", "Shahrukh Khan", "Shai Hope", "Shaiman Anwar", "Shakeel Ahmad", "Shakeel Ahmed", "Shakib Al Hasan", "Shamar Joseph", "Shamar Springer", "Shamarh Brooks", "Shamim Hossain", "Shaminda Eranga", "Shams Mulani", "Shamsur Rahman", "Shan Masood", "Shane Dowrich", "Shane Getkate", "Shane Shillingford", "Shane Snater", "Shane Watson", "Shannon Gabriel", "Shapoor Zadran", "Sharafuddin Ashraf", "Shardul Thakur", "Shariz Ahmad", "Sharjeel Khan", "Sharmarh Brooks", "Shashank Singh", "Shaun Fouch\u00e9", "Shaun Marsh", "Shaun von Berg", "Shayan Jahangir", "Shayne Moseley", "Shehan Jayasuriya", "Shehan Madushanka", "Sheldon Cottrell", "Sheldon Jackson", "Sherfane Rutherford", "Shermon Lewis", "Shevon Daniel", "Shikhar Dhawan", "Shimron Hetmyer", "Shingi Masakadza", "Shivam Dube", "Shivam Mavi", "Shivam Singh", "Shivnarine Chanderpaul", "Shoaib Bashir", "Shoaib Khan", "Shoaib Malik", "Shoriful Islam", "Shreevats Goswami", "Shreyas Gopal", "Shreyas Iyer", "Shreyas Movva", "Shubham Badriprasad Dubey", "Shubham Dubey", "Shubham Ranjane", "Shubman Gill", "Shuvagata Hom", "Siddarth Kaul", "Siddharth Bukkapatnam", "Siddhesh Lad", "Sikandar Raza", "Simarjeet Singh", "Simi Singh", "Simon Atai", "Simon Harmer", "Simon Milenko", "Simon Ssesazi", "Simran Singh", "Sisanda Magala", "Smit Patel", "Sohag Gazi", "Sohaib Maqsood", "Sohail Khan", "Sohail Tanvir", "Solomon Mire", "Sompal Kami", "Soumya Sarkar", "Spencer Johnson", "Srikar Bharat", "Srimantha Wijeyeratne", "Stephan Baard", "Stephan Myburgh", "Stephen Cook", "Stephen Doheny", "Steve McGiffin", "Steve O'Keefe", "Steve Smith", "Steven Finn", "Steven Smith", "Steven Taylor", "Stevie Eskinazi", "Stiaan van Zyl", "Stuart Binny", "Stuart Broad", "Stuart Matsikenyeri", "Stuart Poynter", "Stuart Thompson", "Subashis Roy", "Sufiyan Muqeem", "Sufyan Mehmood", "Sulieman Benn", "Sumit Kumar", "Sundeep Jora", "Sunil Ambris", "Sunil Narine", "Sunzamul Islam", "Suraj Kumar", "Suraj Randiv", "Suranga Lakmal", "Suresh Raina", "Suryakumar Yadav", "Sushant Modani", "Suyash Prabhudessai", "Swapnil Patil", "Swapnil Singh", "Sybrand Engelbrecht", "Syed Faridoun", "Syed Saad Ali", "T Natarajan", "Tabraiz Shamsi", "Tadiwanashe Marumani", "Tafadzwa Kamungozi", "Tafadzwa Tsiga", "Tagenarine Chanderpaul", "Taijul Islam", "Takudzwanashe Kaitano", "Tamim Iqbal", "Tanaka Chivanga", "Tanbir Hayder", "Tangeni Lungameni", "Tanish Suri", "Tanunurwa Makoni", "Tanush Kotian", "Tanveer Sangha", "Tanvir Islam", "Tanwir Afzal", "Tanzid Hasan", "Tanzim Hasan Sakib", "Tapiwa Mufudza", "Tarisai Musakanda", "Tashinga Musekiwa", "Taskin Ahmed", "Taufeeq Umar", "Taurai Muzarabani", "Tawanda Mupariwa", "Tawanda Muyeye", "Tawhid Hridoy", "Tayyab Tahir", "Teddy Bishop", "Teja Nidamanuru", "Temba Bavuma", "Tendai Chatara", "Tendai Chisoro", "Terrance Hinds", "Tevin Imlach", "Tharindu Kaushal", "Theo van Woerkom", "Theunis de Bruyn", "Thilina Kandamby", "Thisara Perera", "Thomas Kelly", "Tilak Varma", "Tillakaratne Dilshan", "Tim David", "Tim Murtagh", "Tim Paine", "Tim Pringle", "Tim Robinson", "Tim Seifert", "Tim Southee", "Timm van der Gugten", "Timycen Maruma", "Tinashe Kamunhukamwe", "Tinashe Panyangara", "Tino Mawoyo", "Tinotenda Maposa", "Tinotenda Mutombodzi", "Tion Webster", "Tobias Visee", "Toby Gray", "Toby Roland-Jones", "Todd Astle", "Todd Murphy", "Tom Abell", "Tom Alsop", "Tom Andrews", "Tom Banton", "Tom Blundell", "Tom Bruce", "Tom Cooper", "Tom Curran", "Tom Hartley", "Tom Kohler-Cadmore", "Tom Lammonby", "Tom Latham", "Tom O'Connell", "Tom Rogers", "Tom Westley", "Tomas Mackintosh", "Tony Munyonga", "Tony Ura", "Tony de Zorzi", "Towhid Hridoy", "Travis Dean", "Travis Head", "Trent Boult", "Trevor Gwandu", "Tristan Stubbs", "Tshepo Moreki", "Tushar Deshpande", "Tymal Mills", "Tyrone Kane", "Udara Jayasundera", "Umar Akmal", "Umar Amin", "Umar Gul", "Umesh Yadav", "Umran Malik", "Unmukt Chand", "Upul Tharanga", "Usama Mir", "Usman Ghani", "Usman Khan", "Usman Khawaja", "Usman Qadir", "Usman Rafiq", "Usman Salahuddin", "Usman Shinwari", "Utkarsh Srivastava", "Vaibhav Arora", "Varun Aaron", "Varun Chakravarthy", "Veerasammy Permaul", "Venkatesh Iyer", "Vernon Philander", "Victor Nyauchi", "Vijay Shankar", "Vijayakanth Viyaskanth", "Vijaykumar Vyshak", "Vikram Singh", "Vikramjit Singh", "Vinayak Shukla", "Virat Kohli", "Virat Singh", "Vishaul Singh", "Vishnu Sukumaran", "Vishnu Vinod", "Vishwa Fernando", "Vivian Kingma", "Vivrant Sharma", "Vriitya Aravind", "Vusi Sibanda", "Wafadar Momand", "Wahab Riaz", "Waheed Ahmed", "Wanindu Hasaranga", "Waqar Salamkheil", "Washington Sundar", "Wasim Ali", "Wayne Parnell", "Wellington Masakadza", "Wes Agar", "Wesley Barresi", "Wesley Madhevere", "Wessly Madhevere", "Wiaan Mulder", "Wihan Lubbe", "Wil Parker", "Will Jacks", "Will O\u2019Rourke", "Will Prestwidge", "Will Pucovski", "Will Sutherland", "Will Young", "William McClintock", "William O\u2019Rourke", "William Porterfield", "William Somerville", "Wriddhiman Saha", "Xavier Bartlett", "Xavier Crone", "Xavier Doherty", "Yamin Ahmadzai", "Yannic Cariah", "Yarra Prithviraj", "Yash Dayal", "Yash Dhull", "Yashasvi Jaiswal", "Yasim Murtaza", "Yasir Ali", "Yasir Shah", "Younis Khan", "Yudhvir Singh", "Yusuf Pathan", "Yuvraj Singh", "Yuzvendra Chahal", "Zafar Ansari", "Zafar Gohar", "Zahid Mahmood", "Zahir Khan", "Zahoor Khan", "Zak Crawley", "Zak Evans", "Zak Foulkes", "Zakir Hasan", "Zaman Khan", "Zane Green", "Zawar Farid", "Zeeshan Ali", "Zeeshan Maqsood", "Zia Shahzad", "Zia ul-Haq", "Zia-ur-Rehman", "Ziaur Rahman", "Zubaid Akbari", "Zubayr Hamza", "Zulfiqar Babar", "to Ben Duckett", "to Fakhar Zaman", "to Haider Ali", "to James Neesham", "to Mitchell Santner", "to Sam Curran"], ["LHB", "RHB"], ["left-arm fast", "left-arm medium", "left-arm orthodox", "left-arm wrist spin", "leg spin", "off spin", "right-arm fast", "right-arm medium"], ["arm", "googly", "in-swinging", "leg cutter", "leg spinner", "off break", "off cutter", "out-swinging", "quicker", "seaming away", "seaming in", "slower", "stock"], ["DOWN_LEG", "ON_THE_STUMPS", "OUTSIDE_OFFSTUMP", "WIDE_DOWN_LEG", "WIDE_OUTSIDE_OFFSTUMP"], ["FULL", "FULL_TOSS", "GOOD_LENGTH", "SHORT", "SHORT_OF_A_GOOD_LENGTH", "YORKER"], ["death", "middle", "powerplay", "test"], ["ACA Stadium", "ACA-VDCA Stadium", "Adelaide Oval", "Al Amerat Cricket Ground (Turf 1)", "Al Amerat Cricket Ground Oman Cricket (Ministry Turf 1)", "Arnos Vale Ground", "Arun Jaitley Stadium", "Barabati Stadium", "Barsapara Cricket Stadium", "Barsapara Stadium", "Basin Reserve", "Bay Oval", "Bay Oval. Mount Maunganui", "Beausejour Stadium", "Bellerive Oval", "Bharat Ratna Shri Atal Bihari Vajpayee Ekana Cricket Stadium", "Boland Park", "Brabourne Stadium", "Bready Cricket Club", "Brian Lara Cricket Academy", "Brian Lara Stadium", "Brisbane Cricket Ground", "Bristol County Ground", "Buffalo Park", "Bulawayo Athletic Club", "C.ex Coffs International Stadium", "Carrara Stadium", "Castle Avenue", "Cazaly's Stadium", "Cazalys Stadium", "Central Broward Regional Park Stadium Turf Ground", "Church Street Park", "Civil Service Cricket Club", "Clontarf Cricket Club", "Clontarf Cricket Club Ground", "Cobham Oval (New)", "Coolidge Cricket Ground", "County Ground", "Daren Sammy National Cricket Stadium", "Darren Sammy National Cricket Stadium", "De Beers Diamond Oval", "Diamond Oval", "Dr DY Patil Sports Academy", "Dr YS Rajasekhara Reddy ACA-VDCA Stadium", "Dr. Y.S. Rajasekhara Reddy ACA-VDCA Cricket Stadium", "Dubai International Cricket Stadium", "ENGIE Stadium", "Eden Gardens", "Eden Park", "Edgbaston", "Ekana International Cricket Stadium", "Feroz Shah Kotla", "Forthill", "GMHBA Stadium", "Gaddafi Stadium", "Galle International Stadium", "Grand Prairie Stadium", "Grange Cricket Club", "Grange Cricket Club Ground", "Greater Noida Sports Complex Ground", "Green Park", "Greenfield International Stadium", "Greenfield Stadium", "Guru Nanak College Ground", "Guyana National Stadium", "Hagley Oval", "Harare Sports Club", "Hazelaarweg", "Headingley", "Himachal Pradesh Cricket Association Stadium", "Holkar Cricket Stadium", "IS Bindra Cricket Stadium", "JSCA International Stadium Complex", "Jade Stadium", "John Davies Oval", "Kennington Oval", "Kensington Oval", "Khan Shaheb Osman Ali Stadium", "Kingsmead", "Lavington Sports Ground", "Lord's", "M Chinnaswamy Stadium", "M. Chinnaswamy Stadium", "M.A. Chidambaram Stadium", "M.Chinnaswamy Stadium", "MA Chidambaram Stadium", "MCG", "Maharaja Yadavindra Singh International Cricket Stadium", "Maharashtra Cricket Association Stadium", "Mahinda Rajapaksa International Cricket Stadium", "Malahide Cricket Club Ground", "Mangaung Oval", "Manuka Oval", "Maple Leaf North-West Ground", "Marvel Stadium", "McLean Park", "Melbourne Cricket Ground", "Moosa Cricket Stadium", "Multan Cricket Stadium", "Narendra Modi Stadium", "Nassau County International Cricket Stadium", "National Cricket Stadium", "National Stadium", "Nehru Stadium", "New Wanderers Stadium", "Newlands", "Ninja Stadium (Bellerive)", "North Sydney Oval", "Old Trafford", "Optus Stadium", "P Sara Oval", "Pallekele International Cricket Stadium", "Perth Stadium", "Providence Stadium", "Punjab Cricket Association IS Bindra Stadium", "Punjab Cricket Association Stadium", "Queen's Park Oval", "Queens Sports Club", "R Premadasa Stadium", "R. Premadasa Stadium", "Rajiv Gandhi International Cricket Stadium", "Rajiv Gandhi International Stadium", "Rangiri Dambulla International Stadium", "Rawalpindi Cricket Stadium", "Riverside Ground", "Riverway Stadium", "SCG", "Sabina Park", "Sardar Patel Stadium", "Saurashtra Cricket Association Stadium", "Sawai Mansingh Stadium", "Saxton Oval", "Seddon Park", "Sedgars Park", "Senwes Park", "Shaheed Veer Narayan Singh International Stadium", "Sharjah Cricket Stadium", "Sheikh Abu Naser Stadium", "Sheikh Zayed Cricket Stadium", "Sheikh Zayed Stadium", "Sher-e-Bangla National Cricket Stadium", "Shere Bangla National Stadium", "Shrimant Madhavrao Scindia Cricket Stadium", "Sinhalese Sports Club Ground", "Sir Vivian Richards Stadium", "Sky Stadium", "Sophia Gardens", "Sportpark Westvliet", "St George's Park", "St. George's Park", "SuperSport Park", "Sydney Cricket Ground", "Sylhet Divisional Stadium", "Sylhet International Cricket Stadium", "TBC", "Takashinga Sports Club", "Ted Summerton Reserve", "The Cooper Associates County Ground", "The Gabba", "The Grange", "The Oval", "The Rose Bowl", "The Village", "The Wanderers Stadium", "Titwood", "Tolerance Oval", "Traeger Park", "Trent Bridge", "United Cricket Club Ground", "University Oval", "University of Tasmania Stadium", "VRA Ground", "Vidarbha Cricket Association Stadium", "Wanderers Cricket Ground", "Wankhede Stadium", "Warner Park", "Wellington Regional Stadium", "West End Park International Cricket Stadium", "Western Australia Cricket Association Ground", "Westpac Stadium", "Willowmoore Park", "Windsor Park", "Zahur Ahmed Chowdhury Stadium", "Zayed Cricket Stadium"], ["day match", "day/night match"], ["DOWN_LEG", "ON_THE_STUMPS", "OUTSIDE_OFFSTUMP", "WIDE_DOWN_LEG", "WIDE_OUTSIDE_OFFSTUMP"], ["FULL", "FULL_TOSS", "GOOD_LENGTH", "SHORT", "SHORT_OF_A_GOOD_LENGTH", "YORKER"], ["cover_drive", "cut", "defend", "flick", "leave", "leg_glance", "on_drive", "pull_hook", "ramp_scoop", "reverse_sweep", "slog", "square_drive", "steer_dab", "straight_drive", "sweep"], ["DOWN_LEG", "ON_THE_STUMPS", "OUTSIDE_OFFSTUMP", "WIDE_DOWN_LEG", "WIDE_OUTSIDE_OFFSTUMP"], ["FULL", "FULL_TOSS", "GOOD_LENGTH", "SHORT", "SHORT_OF_A_GOOD_LENGTH", "YORKER"], ["cover_drive", "cut", "defend", "flick", "leave", "leg_glance", "on_drive", "pull_hook", "ramp_scoop", "reverse_sweep", "slog", "square_drive", "steer_dab", "straight_drive", "sweep"], ["DOWN_LEG", "ON_THE_STUMPS", "OUTSIDE_OFFSTUMP", "WIDE_DOWN_LEG", "WIDE_OUTSIDE_OFFSTUMP"], ["FULL", "FULL_TOSS", "GOOD_LENGTH", "SHORT", "SHORT_OF_A_GOOD_LENGTH", "YORKER"], ["cover_drive", "cut", "defend", "flick", "leave", "leg_glance", "on_drive", "pull_hook", "ramp_scoop", "reverse_sweep", "slog", "square_drive", "steer_dab", "straight_drive", "sweep"], ["DOWN_LEG", "ON_THE_STUMPS", "OUTSIDE_OFFSTUMP", "WIDE_DOWN_LEG", "WIDE_OUTSIDE_OFFSTUMP"], ["FULL", "FULL_TOSS", "GOOD_LENGTH", "SHORT", "SHORT_OF_A_GOOD_LENGTH", "YORKER"], ["cover_drive", "cut", "defend", "flick", "leave", "leg_glance", "on_drive", "pull_hook", "ramp_scoop", "reverse_sweep", "slog", "square_drive", "steer_dab", "straight_drive", "sweep"], ["DOWN_LEG", "ON_THE_STUMPS", "OUTSIDE_OFFSTUMP", "WIDE_DOWN_LEG", "WIDE_OUTSIDE_OFFSTUMP"], ["FULL", "FULL_TOSS", "GOOD_LENGTH", "SHORT", "SHORT_OF_A_GOOD_LENGTH", "YORKER"], ["cover_drive", "cut", "defend", "flick", "leave", "leg_glance", "on_drive", "pull_hook", "ramp_scoop", "reverse_sweep", "slog", "square_drive", "steer_dab", "straight_drive", "sweep"]]
